I1_RMS,I1_Variance,I1_PeakToPeak,I1_CrestFactor,I1_Skewness,I1_Kurtosis,I1_LineIntegral,I1_FFTPeak,I1_FFTEnergy,I2_RMS,I2_Variance,I2_PeakToPeak,I2_CrestFactor,I2_Skewness,I2_Kurtosis,I2_LineIntegral,I2_FFTPeak,I2_FFTEnergy
1.76690695619232,3.12196019184082,6.00135528167845,1.73631737061565,-0.0115722184228971,-1.49402317735402,19083.9784917216,158344.167786853,299635.031792763,1.76580546175629,3.11806892876834,5.87737456886976,1.73247777619446,0.0057799973738851,-1.49640159236319,21142.4605728807,158310.440862571,299517.146300098
1.77388284194157,3.1466603369347,6.00686553558105,1.71547461004047,0.0125651130084846,-1.49383944881483,19334.9560925689,160661.255615937,303749.612161814,1.77081370782881,3.13578118783443,5.7754348716715,1.66501394946074,0.0115496792395912,-1.49585880894297,21161.5170972211,160383.798583428,302726.595794162
1.77327204988643,3.14449376290841,6.01995238859975,1.72322776836976,0.0071500699543651,-1.49673574001737,19274.9287641173,158778.519301419,302009.704239411,1.76928714007993,3.1303769840522,6.09502959802279,1.73642797389247,0.0130961422329305,-1.49407038274822,20878.7542855184,158388.08080518,300445.353735939
1.76857506520915,3.12785776127954,5.97793670259236,1.69153324768735,-0.0058900312579916,-1.49831038068332,18817.7416202545,160673.012597333,301717.095839763,1.77159615986995,3.13855295366595,5.80918517682497,1.66631826379087,0.0196954753442597,-1.48873685517539,21234.8317141771,160959.135204988,302905.000579392
1.77048415957189,3.13461415929496,5.98895721039758,1.69714684406551,0.0123433495724643,-1.49494812959326,19022.960695131,160125.258930505,301025.286622183,1.77233460848801,3.14116996444433,5.88977264015062,1.71978372774021,0.0040427096163208,-1.49436921799972,21438.6263884199,160289.654946061,301683.48001134
1.77099484930492,3.13642275626456,6.00066649994062,1.74002754568663,-0.0007091676401588,-1.49963902576126,19150.9687147608,160474.050794574,302012.079230087,1.76732046182574,3.12342161478793,5.9207678183528,1.68356886004181,0.0020997964144535,-1.49334814230892,20727.909707371,160063.432906751,300456.873189635
1.77069433749172,3.13535843682524,5.99722259125149,1.72159740030425,0.0065098615677406,-1.4974246212987,19215.4524610561,159920.885193981,301220.932691316,1.76683868592784,3.12171894209121,5.79747588728193,1.6871328341157,0.0122133874860663,-1.49441631894469,20852.4738183116,159463.418225542,299443.20549026
1.76915643074871,3.12991447645953,6.02546264250236,1.72037205231108,-0.0104821387419217,-1.4954598975489,18926.7723254436,159693.145997735,300529.775467094,1.77074079321847,3.13552295676798,5.79678710554411,1.65827359163361,0.0114527836515252,-1.49373423744712,21226.1041607771,159865.629443897,301183.794023806
1.76711900091139,3.12270956338208,5.99860015472714,1.72669839372152,0.0070152631581143,-1.49994815189335,18891.9674954495,141086.116227034,300865.287585645,1.76640794642972,3.12019703321005,5.7781899986228,1.67251562786751,-0.002820637065011,-1.49133218842434,20896.0282427213,141038.083894006,300617.175669144
1.76959070686993,3.13145126984042,5.97587035737888,1.70796116603804,0.0007067877688863,-1.50096645924868,19163.0774977118,159335.160108642,300943.355797199,1.76538997802745,3.11660177451977,5.91456878271236,1.69430833903042,0.0142925250810671,-1.49289045346362,20643.3383304738,158933.65359305,299450.305917016
1.77264722250996,3.14227817547229,6.00066649994062,1.71327315718002,0.0028592432937788,-1.49926685468917,19227.8663743169,159262.042076076,301828.302059047,1.76845083276339,3.12741834790154,5.92283416356628,1.68950306063991,0.014718577569653,-1.4934334504019,20733.8711133119,158837.462816449,300020.563618858
1.76907011543449,3.1296090733234,5.94831908786584,1.68445510951991,-0.0047330428435521,-1.49944200069541,18896.9942245722,158801.129880524,300498.568819404,1.76884190704177,3.12880169210716,5.92834441746888,1.74164156622008,0.0163047456438294,-1.4920429849552,20769.6064874338,158759.145626527,300372.59556353
1.77202148081044,3.14006012845363,5.96622741304932,1.72293311568109,-0.0037102640554414,-1.49911383366548,19193.1386878775,160254.085156829,301671.785882486,1.76766189931981,3.12462859030693,5.78438903426324,1.68980751992483,0.0026010284833698,-1.49374041780839,20746.3077563701,159816.758599827,300009.819055032
1.76941654623836,3.13083491410207,5.98551330170845,1.6994462303145,0.0104116184221744,-1.49665230981709,18863.0138663183,159940.709494446,300676.530895273,1.77269096678554,3.14243326372305,5.91456878271236,1.72906269296496,-0.0007406078145372,-1.49148485682773,21354.7610128039,160278.092813251,302034.135802102
1.76885843185849,3.12886015195688,6.01581969817279,1.70764300247704,-0.0058652825816469,-1.49818771916291,18758.0717695248,158465.582561104,300137.906182521,1.7719560312469,3.13982817667228,5.76441436386628,1.65999301022707,0.0169909085445602,-1.48989842013335,21111.8848627569,158786.575752091,301603.515144147
1.76935693245453,3.13062395442491,6.0027328451541,1.69958269680504,0.0075725586088004,-1.49769553058805,18771.8494706266,157987.951643125,300501.173164809,1.77254420388126,3.14191295471304,5.94625274265236,1.74885794569048,-0.0041770291500026,-1.48946788975583,21253.9295654218,158252.870076437,301674.645311539
1.77341546943495,3.14500242723117,6.04543731289931,1.71969013285955,0.007917073980511,-1.49644259709652,19240.8767725627,158648.788233492,302043.20717081,1.76938436242918,3.13072102200891,5.80298614118454,1.68261133813217,0.0118810911298914,-1.4947856325827,20853.8823769655,158285.236212982,300599.929006369
1.77360350458477,3.14566939147538,6.05852416591801,1.73562175653524,0.0087005415200215,-1.4959511371021,19251.7877640716,158254.771016836,301761.415533666,1.7688720135444,3.12890820030061,5.8229608115815,1.68622292529958,0.0126219095752068,-1.49432947897615,20923.8873976712,157842.421442666,300193.566148362
1.77018445106802,3.13355299080299,5.94831908786584,1.69330414538231,0.00621247567554,-1.49805005717903,18789.2391431615,160061.67405515,300958.916626886,1.77167610710484,3.13883622848615,5.78438903426324,1.66316148616334,-0.0046739421330801,-1.48979552630812,21154.6464993863,160184.689475546,301425.106947169
1.77433790624903,3.14827500555221,5.97655913911671,1.70271235996098,0.0103204171081757,-1.49516754609425,19233.4083121795,160433.102277371,302471.056869483,1.77065574616407,3.13522177142385,5.85533355325932,1.70136215638054,0.012127671590525,-1.49542842943353,20978.6703419709,160082.190119466,301169.819355317
1.82301845919914,3.32339630258082,6.17355071613496,1.71363554324374,-0.0089274089290405,-1.49732095011175,17738.7918904377,161450.925859836,320539.759879903,1.83458360143919,3.3656969906696,6.27549041333322,1.76856346819787,0.0035963484555491,-1.49109691434269,20563.8377647304,162434.470195861,324751.146053115
1.80659118372871,3.2637717051263,6.15839751790279,1.71174926226426,0.006171323721178,-1.50073830630567,18109.8393013863,161088.713882287,312957.850429033,1.82180689171073,3.31898035068471,6.61988128224625,1.91162808595244,0.0030048445286272,-1.49328537040599,20291.0712423887,162485.59545633,318616.572435753
1.80924239002428,3.27335802586076,6.185260005678,1.73965238060412,0.0021123719906371,-1.5054353189597,18070.9431078696,159133.373345138,314378.825457894,1.82759558545076,3.34010562395909,6.45181853821669,1.8959920733118,-0.0071797743171299,-1.49156642208041,20059.0881755254,160711.550785,320582.125419843
1.80537475810984,3.25937801722015,6.1349789388167,1.71342713102858,0.0133687564628358,-1.49594994034174,18062.1886919818,155291.234987206,312623.991795453,1.81711493720103,3.30190669499909,6.37398620184234,1.80964429954849,0.0016389138494351,-1.49565377494128,20565.4839530838,156294.402410605,316789.384787306
1.81085529816304,3.27919691088514,6.15701995442713,1.72878032705162,0.0044896554875018,-1.5029749503389,17932.3505792746,155746.385873548,315628.899430278,1.82652582910015,3.33619660437,6.51174254940755,1.90973236760152,-0.0082827312468124,-1.49103727614183,20242.1801370743,157265.571473453,321946.79236243
1.81132740813078,3.28090697944576,6.17561706134844,1.72143013474864,-0.0049975360207111,-1.50011780265268,17785.0077674824,157865.238618593,314626.947338736,1.82473326415488,3.32965148531332,6.21763274735583,1.76297196761851,0.0091171516696087,-1.48810743902822,20574.5910252213,158862.285465437,318764.685699109
1.80458519034011,3.25652770919486,6.18732635089148,1.73257790216543,0.0070417030790673,-1.50387501715684,17911.0927085001,159815.762510469,312033.581908417,1.8217293803907,3.31869793537867,6.86233245396102,1.90144010505665,-0.0107145911652182,-1.48984963962198,20140.8017969924,161296.921579943,317792.498019622
1.80557770117996,3.2601108349983,6.19145904131844,1.71919876027679,-0.0025861990246884,-1.50410350311436,17982.1749838438,154411.065725185,313239.544361487,1.82246972429578,3.32139589597475,6.44630828431408,1.87666870615753,0.0070736446568778,-1.48965499505764,20269.1631616537,155948.56049952,319653.570987747
1.80559151495057,3.26016071886151,6.09296325280931,1.69970262870761,0.0068264570875446,-1.50340571689789,17842.4163477667,162946.40346441,313201.785267003,1.82256787128719,3.32175364544832,6.65638671435103,1.96301422094952,-0.0110153000646894,-1.48911200663745,20230.1099259007,164477.951291034,319186.413991813
1.80251235852782,3.24905080264552,6.21281127519105,1.72571667601723,-0.0019626917529495,-1.50357021857397,19504.2455568735,169614.355168201,338993.273586382,1.81884196331141,3.30818608750251,6.44010924867364,1.81887480737722,0.0084755117290347,-1.48902052295913,22029.043206267,171187.491303872,345762.122080629
1.800007743438,3.24002787643674,6.09020812585801,1.7177794992994,-0.00158697273897,-1.50245631523615,18068.6591076269,160418.031768822,311059.096631718,1.8157035445223,3.29677936159083,6.26998015943061,1.81395939338264,-0.0085647307639039,-1.49255678017919,20226.4228772581,161831.379312854,316708.92647345
1.80956981699891,3.27454292259348,6.17286193439713,1.70649960185536,-0.0023760390411415,-1.50663490660223,18027.3273818852,162256.284595548,314346.425244894,1.82795964851464,3.34143647659776,6.19765807695887,1.73775823454917,0.0035249236297541,-1.4909878208105,20055.2103343414,163909.405414167,320841.6233809
1.79905262061943,3.23659033175763,6.15288726400018,1.75365407902455,-0.0047542176913604,-1.50033532894347,18180.0364921969,160220.088909073,311450.113254638,1.81432861044278,3.29178830667123,6.43046630434408,1.84295419010244,-0.0074792777358588,-1.49345456653663,20299.3738174564,161508.836758938,316478.497813947
1.80527719802294,3.25902576170154,6.10467254235235,1.7215079856378,-0.0063898174618041,-1.49950778450832,17672.6557567534,161859.004684618,312971.688551586,1.81753579560769,3.30343636831527,6.20041320391018,1.77595305475976,0.0105310865574585,-1.4872355617012,20634.5949350938,162874.77699979,317085.630515593
1.81755357750677,3.30350100710767,6.153576045738,1.71576761816654,-0.0043567503932269,-1.50081013807842,17697.2934795154,157230.837671859,317927.59303494,1.83250421418939,3.35807169502189,6.32370513498104,1.78995369798029,0.0102352865714619,-1.48732161855282,20431.3526638048,158569.760891352,323575.221991505
1.80818529850035,3.2695340737128,6.06472320155844,1.68321130737983,0.0070311534419708,-1.50100879376715,17745.8064436557,160774.175067046,314303.410496908,1.82401450255113,3.32702890551684,6.55582458062842,1.929526314509,-0.0144210427368912,-1.4874163698151,20411.4303408199,162143.966917708,319799.172132094
1.81463751211827,3.2929093003868,6.201101985648,1.7191804586429,0.0121310547010567,-1.49735099225712,17995.0283398533,163425.360162618,316994.58383845,1.82654866340172,3.33628001977462,6.45181853821669,1.86146290053184,-0.0040552592200639,-1.49372416104689,20624.9692103077,164380.533464796,320737.415403255
1.80952886520521,3.27439471401084,6.19628051348322,1.71911182042444,-0.0048310930016889,-1.50164986697274,17793.0672025967,149095.478823632,314549.08354673,1.8246091301445,3.32919847780666,6.44217559388712,1.84360752689974,0.0093174598069079,-1.48848665392587,20410.0658641973,150310.189508445,319748.07613945
1.81509184225277,3.29455839581255,6.19559173174539,1.70769137181785,0.0117802070969726,-1.49698173194221,17918.0893533929,157105.01585815,315478.53652269,1.82688209325563,3.33749818265809,6.55582458062842,1.93020543762342,-0.0063147405833127,-1.4917363952186,20629.2871830221,158027.544514516,319423.227824236
1.80787126221424,3.26839850074012,6.12946868491409,1.74732913479639,-0.0068845369184163,-1.49972410615189,18206.7040547403,161064.29174022,313642.262976482,1.82236136059442,3.32100092858756,6.29822021068148,1.82111423035526,-0.00676098686419,-1.49401515402926,20416.7353377646,162386.910907358,318866.921464427
1.75165262363835,3.06828691389912,5.8601550254241,1.6823995092147,-0.0045098794164476,-1.50363498902028,18698.9508778403,157285.502541902,294599.785913929,1.75929244371045,3.09510990249669,5.85326720804584,1.73692305254993,0.0074858788860429,-1.49299259829941,19682.3610703666,157941.162548475,297028.019132074
1.75091979990631,3.06572014570396,5.92627807225541,1.70104632353466,-0.0087594756455478,-1.49743568783241,18384.9745441244,156112.273056518,294346.301766826,1.75600593414477,3.08355684075165,5.73548553087759,1.65605941479694,0.0072299480538163,-1.49212921094269,20354.5156170416,156543.727768571,295995.423919921
1.75013119692521,3.06295920645088,5.90217071143149,1.71053242021928,0.0098105686454223,-1.49741783742161,18898.2622717515,142519.538262783,295209.636514693,1.75645397653965,3.08513057170195,5.78852172469019,1.66157378449863,0.004685756030285,-1.49587601703134,20077.4166575689,143003.309256992,297230.759413016
1.74943656269095,3.06052828687991,5.89734923926671,1.71010350133005,0.0136850109156632,-1.49407309375355,18762.1410920319,155931.858976144,293930.860051529,1.75394078510163,3.07630827764293,5.82502715679497,1.71722125212477,0.003181862631413,-1.49771321317429,20236.1415875788,156371.870499281,295579.263302257
1.74803148273147,3.05561406462037,5.8601550254241,1.70048396718391,0.0028752074416783,-1.50409336296238,18721.1496244687,158057.880541968,293542.712417598,1.7554784543416,3.08170460365759,5.99997771820279,1.81084027545299,-0.005867083345872,-1.49324812247997,19692.1603681507,158724.011962148,295956.397683604
1.74803022004963,3.05560965020677,5.87944091408323,1.69034024044842,-0.0049234699374236,-1.50380862137761,18972.8986608624,150613.520423032,298445.78233034,1.75586558039477,3.08306393641506,5.95451812350627,1.80813855602437,0.008247866886345,-1.49316037362957,20077.2306864997,151255.574010236,300988.119687804
1.74886061252514,3.05851344204181,5.92765563573106,1.70330539873996,-0.0060325397735535,-1.49860121692129,18474.4073425272,157628.153418698,296892.745085952,1.75527724169659,3.08099819521798,5.73273040392628,1.65363652432192,0.013595237953064,-1.48862614838486,20499.6495058006,158156.172406278,298878.139355531
1.74844236840826,3.05705071564507,5.87048675149149,1.70863999323519,0.0127815338489015,-1.49508487662172,18839.1613547374,157435.462027891,293601.88399123,1.75407863462866,3.07679185646074,5.76854705429324,1.69712524092072,0.0048929600363143,-1.49706802839591,20194.0955951749,157958.119964267,295581.710743566
1.74789502177129,3.05513700713285,5.88150725929671,1.72568852043131,-0.0078456589806828,-1.49868742758792,19129.2162986985,141433.201647447,299677.903702313,1.75441123956369,3.0779587975074,5.69898009877281,1.67310716223798,-0.0042965418895856,-1.49506811224931,20294.1211679238,141965.549609832,301883.928040413
1.74923139662741,3.05981047894709,5.88701751319932,1.70411587272066,-0.009957882151628,-1.49680116686992,18529.794348411,157865.669825796,293805.502680347,1.75406089794058,3.07672963368412,5.7306640587128,1.66450186691401,0.007209221440735,-1.49372609795329,20398.3827483602,158280.502637478,295326.726454842
1.74947765770521,3.06067207480972,5.90285949316932,1.70795877908294,0.0124745091974191,-1.49663924854434,18545.4854851805,156778.372313694,293750.385028719,1.75426751378335,3.07745450991563,5.93247710789584,1.72961821179703,-0.0058050470386065,-1.49399771564038,20478.3978340618,157229.128604408,295472.257704438
1.75057411867815,3.06450974498579,5.86910918801584,1.69314852599149,-0.0031536174020668,-1.50391229191962,18713.5985102769,156975.05174513,294189.17376414,1.75774599079152,3.08967096814365,5.74788360215846,1.66531919739426,0.0067663076611316,-1.49289184457277,19715.1078205281,157604.100187812,296545.470919964
1.74877542285247,3.05821547957283,5.89459411231541,1.70496814805137,0.0143684198024835,-1.49406254623777,18917.515787669,141765.003144702,294698.496564523,1.75411659117851,3.0769250154477,5.80505248639802,1.71089510820997,0.0045178061742864,-1.49765095854218,20326.9671026555,142167.199705997,296356.761895115
1.74846979630898,3.05714662860477,5.87393066018062,1.68880140414872,-0.0057078996713928,-1.5013830303162,18488.9502801397,156415.072549242,293535.864647448,1.75643100684048,3.08504988179065,5.73892943956672,1.65575272831549,0.0101959522548362,-1.49137796128727,19946.1389910297,157089.957747609,296102.616114052
1.75014179931811,3.06299631772042,5.86566527932671,1.69861071645691,0.0044981895472206,-1.50430842908386,18699.4275148029,158139.428014179,294225.628579521,1.75705142064573,3.08722969479318,5.71482207874281,1.67396872122795,-0.0064812137287943,-1.49320270929077,19666.5597285192,158771.385394144,296546.446381336
1.75106890310092,3.06624230340705,5.87530822365628,1.68005889864864,0.0069493017390748,-1.49936669697652,18317.6440629067,157693.421243772,294411.106701412,1.75760265808546,3.08916710370909,5.74237334825585,1.68961853782576,-0.0139594236848352,-1.48779047974739,20179.9700592956,158263.253930298,296579.878549394
1.75128012994531,3.06698209354128,5.93454345310932,1.7245081178345,-0.0121369263699631,-1.49468208891437,18621.3892326889,156922.748159444,294493.038491213,1.7560897844566,3.08385133107282,5.80780761334932,1.70289743317988,0.0015247731736851,-1.49670483573619,20180.8613428643,157318.583601903,295980.530745978
1.75218462792773,3.07015097034624,5.89459411231541,1.69018163898419,0.0120468414927088,-1.49677455926002,18578.5470085961,157344.343104532,294755.775017037,1.7570520977298,3.08723207413671,5.84637939066758,1.72013575949177,-0.0063093346381737,-1.49317689290261,20413.1805352157,157800.441398523,296489.625425356
1.75058629539353,3.06455237761965,5.88012969582106,1.71661825209192,-0.0113740214191256,-1.49577972309699,18604.2303020362,156594.734518108,294221.612723974,1.75541263825904,3.08147353055957,5.72928649523715,1.66129873886421,-0.0013896944656021,-1.49642833763268,20169.7092777472,157014.983517697,295759.891431072
1.75068632882221,3.064902621925,5.91112487402323,1.6966693892143,0.0121170777517984,-1.4962732528666,18522.9485467188,156731.451960941,294240.542303249,1.75528403308324,3.08102203679696,5.80643004987367,1.70853237385791,-0.0048708437028622,-1.49446042872416,20388.2611007229,157175.778241413,295910.032317406
1.7644715287498,3.11335977576864,6.14599944662192,1.74761074792243,0.0021933440222027,-1.49702638428363,16928.7446174135,120038.905113282,300163.186295785,1.76333017775866,3.1093333157944,5.67349517447324,1.61853877040557,0.0187229081435374,-1.49496449164266,18981.7791238081,119647.075894845,300050.758796651
1.76629994385039,3.11981549164589,5.97587035737888,1.70453803484235,-0.0103691771027891,-1.49607228355608,17077.2893533382,158300.486101192,299712.929009384,1.76271967933466,3.10718066791369,5.67211761099759,1.62435974670827,0.0108892414225912,-1.49712547352784,19053.3525005309,157912.767751229,298112.60373593
1.76142828008403,3.10262958587979,6.17010680744583,1.76109799703126,0.0066230520787784,-1.49824151987234,16702.0810119114,157810.48180272,297660.926098319,1.76846233284203,3.12745902268108,5.67487273794889,1.606105821327,0.0040495651577911,-1.49115023536595,19422.0621862613,158441.157900253,300321.368990208
1.76187666434359,3.1042093803585,5.98895721039758,1.73724133750973,-0.0022209137884676,-1.50065848020862,17016.8391128997,157802.723444635,297967.512826108,1.76162938153189,3.10333807787642,5.58326476681803,1.58972010807797,0.0204823813819375,-1.49493616811381,18760.1264054488,157734.613099936,297725.940074588
1.76724244764396,3.12314586875461,6.03303924161844,1.72448994856218,-0.0106463593633379,-1.49529784905858,17187.9731346982,158032.377927159,299781.9405045,1.76224280714337,3.10549971132855,5.67074004752194,1.61751781849925,0.0098045591928411,-1.49725290961893,19039.0106871859,157566.077562409,297923.895729286
1.76365278247378,3.1104711371275,6.12602477622496,1.74949693681169,0.008853841232593,-1.49639146522128,16859.516542508,158065.374335816,298621.198486397,1.7648250851516,3.11460758118035,5.67005126578411,1.62176254171883,0.0084176536569964,-1.49355176832121,19331.5218268241,158208.03778256,299403.746686504
1.76462103553766,3.11388739906202,5.99722259125149,1.71334209224598,-0.0055323381933305,-1.49836694621954,17151.5531115289,158611.260275616,299142.461176712,1.76079939767282,3.10041451884497,5.65214294060063,1.6182804958557,0.0095716266603816,-1.49611127478029,18907.5511822678,158199.820547355,297406.183426454
1.75812936099234,3.09101884998335,6.05645782070453,1.74552911962488,-0.0059063870298715,-1.49942819298923,16671.3888976739,157227.245013822,296711.073200633,1.76578344160107,3.11799116263252,5.6803829918515,1.61359297965596,0.0259258936723262,-1.49152446909307,19106.626324043,157849.220782064,299260.367355011
1.75687988648876,3.08662693554876,6.15150970052453,1.76043069426072,-0.0069918884640453,-1.49967989191144,16706.5112560491,157088.566943262,296008.077481131,1.76358228762538,3.11022248522597,5.67969421011368,1.6109474295627,0.0260251352875048,-1.4912458772864,19083.8352251201,157740.555449961,298705.067368697
1.76419869182767,3.11239702424647,5.93041076268236,1.70168448434173,0.0072366978548326,-1.49623833992541,17202.2171410364,158423.25190555,298921.621780211,1.75832694683301,3.0917136519591,5.6142599450202,1.60017412571743,0.0187910590167782,-1.49583566474257,18879.2456967519,157847.402552007,296781.955315459
1.76012079830565,3.09802522462813,6.10949401451714,1.74543203282969,-0.0097638969306899,-1.49880743865074,16689.1539562559,157515.578837639,297300.210233967,1.76589479357044,3.11838442195918,5.69691375355933,1.61367049682788,0.0227720559334651,-1.49152132190448,19405.6574716115,158064.958165624,299601.256453983
1.76911376930928,3.12976352875967,6.08056518152844,1.73014581419751,0.011544416941363,-1.49413876010248,16990.666095644,158453.947136496,300651.524578317,1.76765250323031,3.12459537217637,5.65489806755194,1.60224182478106,0.0136848622814652,-1.49717442942983,19249.288175145,158304.852088426,300087.201519407
1.75780106523773,3.08986458495091,6.12671355796279,1.754328891945,-0.0079873595590362,-1.49855119401235,16581.9492114537,157552.829984078,296538.673688053,1.76560407991966,3.11735776702894,5.69760253529715,1.61724734194285,0.0260314361243204,-1.4904305003786,19336.0553882225,158240.658148421,299422.491570188
1.76835956905809,3.12709556547932,6.19421416826974,1.77314667678895,-0.0116140306405753,-1.49516796340921,16972.8569550308,158115.239666574,300380.932782455,1.76782895167746,3.12521920238901,5.72859771349933,1.62911108859873,0.0144314301776572,-1.49656690726271,19265.639853601,158012.943339951,299862.868813092
1.76170889544758,3.10361823229914,6.06059051113149,1.72485708438969,0.0047590121906296,-1.49989128381419,16789.349658094,158643.105932891,298027.758861607,1.76622743260216,3.11955934367641,5.61839263544716,1.59919279596808,0.0036990650106569,-1.4940067814693,19008.0210192376,158998.234863092,299447.19185087
1.76196695450686,3.10452754877419,6.0054879721054,1.71341383737585,0.0039272943107577,-1.50059091577998,16824.4017607319,157703.310190907,297798.705615414,1.76443957861408,3.11324702657984,5.68727080922976,1.62333063682434,0.0050193965797386,-1.49419786666719,18933.851624145,157904.256531019,298682.031334844
1.76279272655547,3.10743819679686,6.10673888756583,1.7434275134151,0.0066202076902821,-1.49775822329689,16664.5100344582,158125.505321974,298118.920610061,1.76789967211789,3.12546925067453,5.68933715444324,1.61524304607685,0.004133552236507,-1.49250566416082,19361.9859543064,158579.13761571,300151.130750142
1.76647849632311,3.12044627797196,6.00824309905671,1.71638297205853,0.0109596720550454,-1.49399833064943,17083.8582647719,158703.719552982,299923.054117345,1.76325302670141,3.10906123617169,5.60737212764194,1.59362627962744,0.0164767479744713,-1.497432038252,19127.149953485,158359.44716489,298588.569174978
1.76795268385311,3.1256566923434,6.0371719320454,1.72328481792646,0.0100756710502487,-1.49449292455017,17132.7824316097,158475.572631224,300052.802737034,1.76265817981922,3.10696385888362,5.63836730584411,1.60656842367506,0.017762959648506,-1.49706320648784,19072.7988753349,157998.972427806,298203.095123266
1.76604321357528,3.1189086322153,5.94349761570106,1.69320308521154,0.0052140113165642,-1.49718564171978,17187.9173433774,158324.132172536,299487.22123803,1.76148200948675,3.10281886974548,5.58119842160455,1.59135718025183,0.0185656121553425,-1.49659744650631,18840.3336612551,157854.224215666,297589.066760914
1.72750522914878,2.98427431673638,5.89390533057758,1.71720572639566,0.0066234775617928,-1.50144015548673,16674.8610464143,154371.160764269,286523.015219632,1.73728688441241,3.01816571875138,5.63079070672803,1.6476115543467,-0.0154439760489355,-1.49069032381773,19607.1791661195,155219.2090184,289723.933693448
1.73734946515672,3.01838316408035,6.01581969817279,1.73431442063115,-0.004014344237432,-1.50381104654867,16864.5983741697,146770.676997212,290735.234177915,1.74646082905517,3.05012542742409,5.66385223014368,1.64049020013817,0.0058705447634275,-1.49088797087283,19700.306589764,147539.221234507,294109.769625931
1.73999922984456,3.02759731985966,6.01306457122149,1.74487855874476,0.0113924364893975,-1.49791488472146,16813.1319139376,156528.885494281,290820.800691966,1.74674254288284,3.05110951111681,5.65489806755194,1.63188888756727,-0.0073669017107672,-1.49417721402609,19950.6759963368,157001.270027045,292655.514215035
1.73869837851994,3.02307205146786,6.0399270589967,1.74368761517909,0.0115692311933198,-1.49677296056933,16779.6619429514,156035.382124618,290436.710281942,1.74519460348434,3.04570420403088,5.58739745724498,1.60640068694629,-0.0074407444353598,-1.49482474260091,20067.1359013501,156523.003683413,292368.126257755
1.74022191244318,3.0283723045474,5.9552069052441,1.71936878479345,-0.0075355088794648,-1.49824635875478,17011.38947179,155795.481545849,290712.730093151,1.74792110055852,3.0552281737777,5.63630096063063,1.6256806446974,-0.0076759640470486,-1.49640324570922,19747.3662244375,156431.250454369,293134.771924784
1.73927404467292,3.0250742024729,5.95176299655497,1.71553600507885,0.0034392430118503,-1.50297002462259,16842.7750135884,156320.883934875,290311.754438069,1.74890461336252,3.0586673466407,5.62528045282542,1.63084600495923,-0.0125647325985944,-1.49167813765901,19578.5513307502,157248.044768807,293839.015142539
1.73918493306801,3.02476423141078,5.96209472262236,1.75099661191409,-0.001421244090422,-1.50308217274485,16886.5918638402,156232.817244665,290136.944182609,1.74924622727198,3.05986236362526,5.65627563102759,1.63014610551007,0.0046776359455561,-1.49198547147576,19602.1978965915,157195.978014677,293810.839667828
1.74010284049859,3.02795789551126,5.99997771820279,1.74909164147429,-0.0006819990877841,-1.50259548889376,16879.1757508691,155884.667345832,290457.693896959,1.74939128533125,3.06036986919292,5.69209228139455,1.6436781720081,0.0051168745962343,-1.49165130215109,19655.465521068,156767.913218479,293809.043171507
1.74090627234965,3.03075464910636,6.04130462247236,1.7470392240998,0.0073522674061488,-1.49998587315205,16619.9610092191,156402.843382185,290993.802605178,1.74806048384881,3.05571545519372,5.65489806755194,1.65354628370525,-0.0146528807455935,-1.48951944581176,19951.8593233624,157009.427191974,293363.037528656
1.74161146392516,3.03321049127552,5.97518157564106,1.73927493785309,-0.0019318330983286,-1.50382372239936,16867.9355216895,157452.437055339,291142.704466779,1.75162647764161,3.06819531717514,5.64318877800889,1.63829402718955,0.0043309078541726,-1.49176831743348,19546.0029497292,158389.518229027,294739.440598037
1.74336537098147,3.03932281673735,6.05439147549105,1.74411726375742,-0.0053125692111717,-1.50148202641407,16654.335350627,157135.708016631,292694.127574221,1.75160057082302,3.06810455970753,5.66385223014368,1.62838113767987,0.0075664229634189,-1.48966679340941,19905.035940825,157828.198789718,295389.600719943
1.73437008647598,3.00803959686268,6.00755431731888,1.73365948223177,0.0120416899112714,-1.49784448606154,16695.3330172259,155949.093784057,288748.44846168,1.73944887263674,3.02568238051724,5.64112243279542,1.63915445819522,-0.0115819940629796,-1.49340165996389,20080.3908171129,156405.793450727,290550.409696956
1.74420359711534,3.04224618819008,6.00686553558105,1.72412641810294,0.0093866762406094,-1.49939284562965,16625.3293740837,156823.964092941,292110.989141195,1.7516349243335,3.06822490814483,5.59428527462324,1.60398417799783,-0.0135561018966825,-1.49113080655992,20046.9270451623,157403.978653305,294384.889251645
1.73237965381516,3.00113926495274,6.04474853116149,1.74911527963975,0.0085596752753409,-1.49950614756526,16595.0119571116,152381.12852063,289556.593189179,1.73998788150366,3.02755782777958,5.59772918331237,1.63565864280683,-0.0179690913691987,-1.48781709264996,20163.6142481492,152965.536012944,291876.490273347
1.73294752732201,3.00310713245146,6.01719726164844,1.74375843626571,-0.0041946984880394,-1.50075073688582,16535.3476166359,156877.562966257,289046.919611498,1.7404690352657,3.0292324627187,5.67693908316237,1.64051911453706,0.0090991513215182,-1.48758327807912,19996.6156719046,157545.089699223,291571.382360585
1.73343120013648,3.0047837256066,5.95038543307932,1.71906163750256,0.006767531825002,-1.50142125493384,16588.9988925403,155632.676458926,288388.40279651,1.74209992301228,3.0349121417594,5.61494872675803,1.63277434311046,-0.0168808302143434,-1.48913877691106,19753.5218668284,156421.073286561,291389.332068201
1.73495995932013,3.0100860604441,6.00893188079453,1.73734875280547,-0.0064115463369533,-1.49973496754576,16490.4803742339,155827.428541256,289157.842388818,1.74192658554269,3.03430822942042,5.65834197624107,1.64159235321021,0.0069121028121453,-1.48987580422319,20002.262993373,156384.974518448,291338.490845057
1.73512757332345,3.01066769570733,5.86359893411323,1.7047550383513,0.0009253273842327,-1.50382752254603,17062.6251901399,147738.258201441,289514.704360328,1.74496740726058,3.04491125240172,5.6170150719715,1.62471312080132,-0.009144740445229,-1.4934506610121,19455.9185638024,148656.854962296,293064.651226317
1.73803202355777,3.02075531491232,5.94556396091454,1.71282822302513,0.0086636652032856,-1.50147281219876,16655.1267608438,145160.213441142,290940.437700928,1.74589254578204,3.04814078141731,5.64732146843585,1.64353668925479,-0.0162576591400033,-1.48927262671952,19860.4965585302,145838.543740713,293742.230163947
1.73658239289559,3.01571840731496,5.88150725929671,1.70896524268503,0.002713425504529,-1.50447484756829,17005.5747763593,155728.624068063,289415.594989011,1.7473336257254,3.05317479959069,5.6301019249902,1.63094456079777,-0.0106556915533665,-1.49388860161339,19422.5484661682,156693.575089368,293004.569821055
1.70998139414797,2.92403636833224,5.89252776710193,1.76641576568062,-0.0124184600626452,-1.49568230184212,18995.5306512038,153272.599817906,280767.961715565,1.7146384739904,2.93998509648814,5.60599456416629,1.6502128299711,0.0197125470850539,-1.49324129682978,20332.0792407136,153700.30309921,282347.154896336
1.72161189551115,2.96394751876551,5.86359893411323,1.72269364993006,0.0072716680251208,-1.49326176595802,19382.0384570397,155270.987217536,286128.936665191,1.72527012604339,2.97655700781779,5.67349517447324,1.69160794955192,0.0164558688203253,-1.49570797386945,20640.3827680367,155581.852082594,287249.450057687
1.72113299877991,2.96229879948914,5.85120086283237,1.70379992317356,-0.0072790544309788,-1.49937088200241,18915.3240841792,154037.721105644,284322.392938669,1.72544615988554,2.97716445066377,5.62390288934977,1.65850544196516,0.0256369357396949,-1.49147006617889,19966.3691994514,154399.101846112,285649.849710158
1.71987529073682,2.95797101568706,5.77681243514715,1.69796980530158,0.0034368364305817,-1.4982281480666,19510.5513536833,152610.191394613,294699.083923133,1.72566390499093,2.97791591298853,5.79334319685498,1.76719231737224,0.0050519034470469,-1.4901253841487,21137.8705313798,153163.725509034,296847.787352829
1.72029824357686,2.95942604685363,5.87875213234541,1.71500565515365,-0.0076742301294037,-1.49996323860842,18964.2606490883,155531.196981168,284166.965351983,1.72417473732482,2.97277852482912,5.83535888286237,1.72140778155271,0.0256093732782366,-1.49182953821144,19887.3590463054,155874.339902638,285404.922447484
1.72092861087902,2.961595283742,5.83467010112454,1.73726992216764,-0.0154220151993019,-1.49355244755024,18982.3769863566,139671.714157076,285498.672982803,1.72527337887716,2.97656823186221,5.61977019892281,1.65467971615695,0.0162291245745055,-1.49642905627731,20476.0690630062,139955.030331547,286670.818444844
1.72143215703838,2.96332867128581,5.89252776710193,1.72593001579069,0.0046802367220882,-1.4956494027762,18834.5210321696,154423.258249291,284322.859272854,1.72656179854558,2.98101564419694,5.6645410118815,1.66741763664285,0.0100306447856947,-1.49165870929546,20536.2920054713,154941.216222476,286319.094382689
1.71959361065785,2.95700218581532,5.86084380716193,1.71623196988586,-0.0109516595421222,-1.49791679037085,18716.4362910367,155337.310128367,283746.20217964,1.72590836644802,2.97875968937529,5.6301019249902,1.64316953185784,0.0283744335837218,-1.48933004788021,20236.3427118462,155969.824437716,286140.819164861
1.72078032393651,2.96108492324704,5.8890838584128,1.72039108679649,0.0063002234733644,-1.49512006833068,18970.5264965573,153544.401397262,285588.602968614,1.72508007963793,2.97590128116361,5.76923583603106,1.71649627919786,0.0120223090876639,-1.49362448348294,20637.8611380946,153987.804150131,287336.173363833
1.71988715514995,2.9580118264498,5.84293548197845,1.6993319701785,0.0048494094627626,-1.49609211965147,18943.0227529842,154133.185602505,284050.645214107,1.72375283087423,2.97132382194692,5.82709350200845,1.78028116743083,0.0138333403119008,-1.49279670632171,20409.3026940317,154528.863342966,285525.359918022
1.71994356630619,2.95820587127804,5.88495116798584,1.73273845445165,0.0011289745584002,-1.49684405037354,19134.2340736586,151193.572145015,285816.342198207,1.72337222718342,2.97001183342715,5.71757720569411,1.68773323266968,0.0200899814184033,-1.49476255458768,20343.2251067951,151368.019927324,286546.445722519
1.71153966587616,2.92936802786748,5.87117553322932,1.74158736221975,-0.0020107576058322,-1.49801071363655,19054.8340700489,153788.828538323,281081.495309725,1.7149022630051,2.94088977166,5.60806090937977,1.67838826475503,0.0089194254336755,-1.49222614155656,20244.6590625488,154123.711697781,282281.07713945
1.7198807319244,2.95798973204482,5.85946624368628,1.74742595498691,-0.0034464290292381,-1.49925783241578,18893.1308478047,155350.728064548,284079.052990746,1.72359541155779,2.97078114274305,5.60255065547716,1.66521600187758,0.0089608889351734,-1.49234639779756,20095.0026328991,155643.566143388,285076.761252848
1.71649569580779,2.94635747372667,5.85533355325932,1.7327943688606,-0.0134126451886395,-1.49521449499855,19112.1234910926,155336.521363587,284588.321677002,1.72172660592927,2.96434250556474,5.5956628380989,1.64587931026975,0.0192289830987596,-1.49379879614263,20486.7575780138,155786.161430234,286226.432191697
1.71767878420471,2.95042040570696,5.87461944191845,1.7294168583996,0.0022123535477924,-1.49828209253095,18935.4985012801,155173.132901546,283088.228326291,1.72305784000262,2.96892831999451,5.70035766224846,1.71120789384125,0.006495370361138,-1.48981660608845,20416.7532460898,155709.850368598,285109.999052431
1.71993202605023,2.95816617423326,5.84224670024063,1.73844190390854,-0.014641936356577,-1.49518529908302,18924.3677883969,154422.148641707,284197.919528167,1.72424038759175,2.97300491420256,5.60461700069064,1.65017405944772,0.0180108729112519,-1.49489038993231,20298.9171551643,154761.673629679,285393.757169708
1.71851936370118,2.95330880341589,5.82984862895976,1.71584673315131,-0.0102973966441886,-1.49832481951117,18787.3925193224,154184.458358091,283463.555000021,1.72434943377817,2.9733809697711,5.65765319450324,1.64798004999175,0.0281003340325134,-1.48988189860109,20196.9760804025,154723.724645179,285556.101683251
1.72122744756733,2.96262392625914,5.82778228374628,1.71997561483197,-0.0041792645994751,-1.50136887170958,19122.7851436124,154129.636268136,284404.345753521,1.72287570532907,2.96830069601314,5.61770385370933,1.65693717776961,0.0114508751274773,-1.49300184424066,19867.8196859667,154284.180450369,284925.456272498
1.7208768111252,2.96141699906843,5.92490050877975,1.76067598845816,-0.0014614869659021,-1.49992846587965,19101.7862547713,156124.627323338,285698.276073836,1.72454079654968,2.97404095896419,5.63079070672803,1.68076473319793,0.0080632634615268,-1.49120230369928,20277.7922192651,156445.770304581,286850.268978487
1.72136419546068,2.96309469341401,5.87668578713193,1.736303409529,-0.0155999287723938,-1.49436269252514,18971.9116366321,155651.927899131,284660.986092689,1.72550624196917,2.97737179107456,5.61494872675803,1.64597914283396,0.0176103811541424,-1.49590169552421,20434.9515483849,156014.955268678,285938.38887832
1.79950572375088,3.23822084981219,6.09296325280931,1.7202909639073,0.0055122235186385,-1.50250147497252,17801.6287595978,162263.046985816,311023.714616624,1.81322625307385,3.28778944483622,5.81813933941671,1.62453676173002,0.0015311214995157,-1.49552651702958,18863.6151727754,163461.371099498,315685.450575096
1.7903054804703,3.205193713402,6.06127929286931,1.72782161590946,0.0045054828491399,-1.50339338229906,17828.580788999,157377.611893072,308172.899234427,1.80445978820284,3.25607512724105,5.81400664898976,1.62395615701598,0.0018652999852716,-1.49467731502018,18920.458263253,158608.490495072,312843.916703268
1.80580726274746,3.26093987019147,6.1005398519254,1.69044770175021,-0.0048401949687811,-1.50052871064407,17278.6236992135,161997.105373265,313072.556424342,1.81533295227121,3.29543372760172,5.87737456886976,1.65053493558207,0.0096143748199148,-1.48755109844838,19353.7577676663,162839.172022677,316423.608581288
1.78712601574653,3.19381939615805,6.02546264250236,1.71285263666822,0.0020009681064981,-1.50551487981114,17601.5528179576,158854.441163076,306702.138719145,1.80189137631843,3.24681253205072,5.87461944191845,1.67909625287943,-0.0094839161255468,-1.49333825992197,18660.1883079806,160220.838153452,311875.796618733
1.8026441771324,3.24952602934936,6.08883056238236,1.69069395193741,-0.0053677678516358,-1.50045881787704,17062.8841720734,162484.122224329,311985.373157975,1.81283765882914,3.28638037726912,5.81538421246541,1.62929145206306,0.0091499104818236,-1.48771704900475,19159.0005986056,163359.813471695,315380.583956961
1.79288404019989,3.2144331816035,6.04199340421018,1.6936886467285,0.0114239883416068,-1.49721349528337,17509.192697169,159681.532302951,309214.832721207,1.79986927745999,3.23952941594435,5.90217071143149,1.69776427677947,-0.0098628749835113,-1.49351926477515,19481.4689223671,160312.707924406,311765.294197394
1.8008564581368,3.24308398281302,6.06127929286931,1.70780606916255,0.0144010510922106,-1.49522703199498,18850.2803583311,161835.973383634,332760.142092657,1.80804425728636,3.26902403630617,5.88219604103454,1.67467416114318,-0.0037233346542504,-1.4976888597831,20820.767817356,162528.325704574,335629.734371998
1.80657652546597,3.26371874236468,6.08607543543105,1.69145223471176,0.0087452577819041,-1.50022132385152,17392.7748078417,160148.158889797,313982.563659112,1.81424650654455,3.29149038650912,5.94694152439019,1.69439868179316,-0.0144424733326117,-1.48864858568856,19556.8925890042,160873.60788917,316932.451852241
1.79409576512345,3.2187796144339,6.02270751555105,1.7186574570986,-0.0027773885829929,-1.50275747834092,17725.8613908735,159848.183383489,309238.31218999,1.80781591054607,3.26819836642353,5.8759970053941,1.6921906597071,-0.0101069027518798,-1.49456516545479,18908.8316275185,161092.154579342,314022.234382775
1.7992667872595,3.23736097173512,6.05783538418018,1.71693741708829,0.0130463116463852,-1.49653688937383,17742.2702382137,152554.538826073,310922.635924353,1.8098307933947,3.27548750071969,5.88357360451019,1.66621354189883,0.0012394786053039,-1.49830567878604,19167.9650929234,153390.284848767,314444.084144256
1.80251492086979,3.24906003995823,6.07505492762583,1.69274038102782,-0.0103865887060161,-1.49741633269431,17397.4722992936,162808.474157566,312316.66374503,1.80956598414291,3.27452905096711,5.84018035502715,1.64716912229068,0.001994257083659,-1.49434727147826,19448.2544894056,163436.704173152,314788.463629823
1.79542578963001,3.22355376606855,6.09089690759583,1.69958002025973,-0.0064733152398535,-1.4998366827956,17280.7933616876,159339.066943341,309089.951495469,1.80459430697789,3.25656061277702,5.89528289405323,1.66943732182812,0.0072718278740112,-1.48864716613722,19294.5273596854,160044.305110817,311852.70462626
1.79649878572333,3.2274078871054,6.01995238859975,1.68932653253913,0.0001902105882236,-1.50472113131404,17727.7851582672,158610.869096514,310127.237515927,1.81126801425102,3.28069181944884,5.87117553322932,1.65723711906113,0.0028176109427034,-1.49357591308158,18899.6129727394,159964.123109749,315384.122835043
1.8009530795395,3.24343199470283,6.06196807460714,1.70111257934372,0.0073171961463034,-1.50230044738099,17438.6235642201,160261.51922847,311391.832343106,1.81498135716143,3.29415732684356,5.89528289405323,1.66565989621092,-0.0166488217428153,-1.48981983930467,19050.3556111896,161566.283887029,316556.912614868
1.79189600019356,3.21089127550966,5.99653380951366,1.68906752047937,-0.0068478934813232,-1.50006293680381,17286.9607133681,157429.32364312,308742.218816794,1.80060363678853,3.24217345681608,5.83398131938671,1.64732391667343,0.0089799310659987,-1.48797447101922,19306.5445346653,158205.219251233,311983.970393015
1.80179614026169,3.24646933106193,6.07987639979062,1.69110291520129,0.0064574448601999,-1.50053035515017,17256.6708476655,160284.571029025,311511.47559258,1.81374037594038,3.28965415131635,5.87186431496715,1.66969975860681,-0.0183891884463841,-1.48766677763657,19238.9743574028,161295.352716279,315432.728898495
1.78883722729318,3.19993862574997,6.01030944427018,1.69269501774966,-0.005450559475695,-1.50246990302329,17256.3533192844,158124.468603266,307176.432667671,1.80231949036208,3.24835554533904,5.85877746194845,1.67191149400547,0.007602971372525,-1.48945011094424,18935.7450851423,159345.328936817,311849.116142669
1.79300285200603,3.21485922730176,6.10811645104148,1.72247418760102,0.0136818178899135,-1.4962353015764,17468.2274033118,159075.5972861,308179.400512682,1.80032358458305,3.24116500920595,5.88357360451019,1.68241186640384,-0.00852629314321,-1.49489609438033,19318.5534442643,159684.353761758,310633.834887445
1.80115121737891,3.24414570786553,6.05508025722888,1.69111499574643,-0.0057818463096296,-1.50189304779253,17384.6278974467,159284.593789675,311598.792912379,1.814861574548,3.29372253477083,5.8890838584128,1.66195227204609,0.0089895504341699,-1.48874728326603,19091.5061873343,160496.327461444,316467.658069381
1.78825988886793,3.19787343013396,6.00893188079453,1.70376286613933,-0.0014463995384618,-1.50289561292072,17774.0072343475,159878.295218997,306613.708005919,1.80261940631685,3.24943672403012,5.84844573588106,1.67324257395535,-0.0105148150929264,-1.49495380425592,18850.6777853938,161179.963262468,311593.820524259
1.8025883253016,3.24932467051363,6.11224914146844,1.72898568226078,-0.0082923294266533,-1.49705217166229,18821.7048703739,160677.397291826,312066.193730984,1.81523104757463,3.29506375607888,6.32508269845669,1.83447622859498,-0.0033977395143712,-1.49503325929043,21716.6359173499,161735.364046245,316197.071637253
1.79855633360605,3.23480488515445,6.07505492762583,1.71694134140908,-0.010629016016276,-1.49509568024859,18531.6389059049,160022.82325609,310793.37379578,1.80776632533205,3.26801908700454,6.42771117739277,1.78876699115871,0.0021907925031286,-1.49570320458694,21711.6553366037,160805.043113765,313967.235049761
1.79548140782204,3.2237534858346,6.09571837976062,1.72379622330993,-0.0059185975997711,-1.49924364081979,18707.7672840844,160012.793884721,309272.504093824,1.80999413071142,3.27607875320978,6.57235534233625,1.98073145379595,-0.0066403805019382,-1.4943364732895,21402.9970866856,161307.975037325,314368.794094637
1.8009548025559,3.24343820084916,6.08951934412018,1.69665882037608,0.0141260749270519,-1.49502667587646,18591.4141402404,161556.070018507,311404.528764612,1.81118611844086,3.28039515563288,6.95531798856754,2.00606639923124,-0.0032216266929064,-1.49445726653586,21871.9989036974,162388.560819293,314791.095456847
1.80769197976298,3.26775029369939,6.10880523277931,1.70034224642984,0.0078222126260467,-1.49991970235926,18329.2452137169,162210.929302764,313489.593353393,1.82042394173106,3.31394332762765,6.79345428017841,2.05163602465265,-0.0140705265587919,-1.48532677159146,21773.1869643706,163334.827668122,318013.603769444
1.80216798148799,3.2478094335005,6.15908629964061,1.72871622337618,-0.0110031341794028,-1.49558566213079,18485.5408105375,160454.637014686,311993.687483635,1.81215733447776,3.28391420490152,6.16528533528105,1.75823126929242,0.0035669962354053,-1.49418973603785,21754.2626861239,161237.318071444,315220.838294643
1.79203158578991,3.21137720446868,6.0846978719554,1.70324053997591,-0.0024864033801711,-1.50584659906641,18687.6734544469,160475.388969727,308198.723565151,1.81042645941899,3.27764396496437,6.90572570344406,2.02186966466286,0.0050171423902956,-1.49143399571373,21153.517586118,162104.47634893,314581.0130679
1.79658597840838,3.22772117781359,6.09227447107148,1.7043759406403,0.0078881369173982,-1.50020429698911,18348.4739334918,161086.970461123,309744.617526697,1.81087114823286,3.27925431550219,6.40567016178234,1.85415296678767,-0.0144082608759,-1.48547792012199,21700.7071508809,162347.983015024,314749.044628516
1.79886798060766,3.23592601165547,6.12189208579801,1.71742224730067,-0.0069276907376313,-1.49850825961608,18391.9656787634,159772.903656308,310567.333858801,1.80820515011627,3.26960586490701,6.35194518623191,1.77823532685565,0.0081207437263221,-1.48911705997055,21799.1857198466,160597.792247357,313944.099862909
1.79609844788579,3.22596963449773,6.04750365811279,1.69929603280473,0.0081808169217372,-1.50177894034311,18410.6970981235,161413.121472257,309724.008680229,1.81345441322403,3.28861690884171,6.59508513968451,1.96171479509613,-0.0115493944559737,-1.48833568819049,21440.9083223173,162918.668093263,315622.607352883
1.79961656526379,3.23861978197185,6.09778472497409,1.69983615174295,0.0143868806489049,-1.49466941942811,18655.3565040898,161217.82143429,310838.217593374,1.80910222832296,3.27285087252309,6.77072448283015,1.90748664004511,-0.0012648189801423,-1.49506379601065,21821.6992397292,162049.07595264,314242.854028013
1.80131743351942,3.24474449630099,6.16390777180539,1.72134817437843,-0.0057973531833373,-1.49931386293383,20453.8007494223,179186.554548534,345129.4494694,1.81218735525566,3.2840230105485,6.27962310376017,1.8039597104248,0.0104787971633968,-1.4864264834854,24327.5760547846,180224.791612804,349238.256129306
1.79501635238956,3.22208370534593,6.09227447107149,1.71695452743511,0.0073936385495093,-1.50191045319743,18435.6179101798,160849.174511716,309159.497486088,1.81008776946716,3.27641773317459,6.40222625309321,1.86037325531825,-0.0117247345324149,-1.48728526485191,21579.5139377652,162265.774064318,314818.569452005
1.79514336044473,3.2225396845488,6.07505492762583,1.70072678598139,0.0076548778935677,-1.50171876029836,20162.4212781793,171661.339897024,335197.102589588,1.81316063358211,3.28755148317186,6.6742950395345,1.95708486411384,-0.0118054165839929,-1.48955165696038,23404.6953125966,173286.479050071,341653.634874832
1.80763664676274,3.26755024671966,6.1349789388167,1.69706777434314,0.0079482633662278,-1.49852748429155,18657.9807625109,159196.272519853,315501.471422273,1.81859064027354,3.30727191689052,6.63572326221625,1.97553592525871,-0.0122568570295742,-1.48718436309837,22251.7587148478,160135.038608511,319472.220298347
1.80500062201111,3.2580272454605,6.11224914146844,1.70886780145089,-0.0082541195838708,-1.49793849221483,20090.665374296,164915.816671485,338356.136361203,1.81528221099254,3.29524950554596,6.57717681450103,1.88201092619359,0.0056966151711507,-1.49077290065185,23783.6320295703,165853.251678186,342223.57404464
1.79962520173561,3.23865086672193,6.10191741540105,1.70811595710029,0.0062402669192365,-1.50429615688949,20645.5217685827,164025.886646754,341029.644229115,1.81767054553577,3.30392621210832,6.48488006163234,1.89309123555971,-0.0093531731045041,-1.49090749373293,23583.9418057033,165627.026991368,347785.931362399
1.79728684155256,3.23023999081796,6.02821776945366,1.692418177298,-0.0024513545007387,-1.50498260005569,18814.2646500419,160110.483005381,310310.284274182,1.81546926477701,3.29592865134999,6.45595122864364,1.88101617608583,0.0056943823293727,-1.49100611227488,21431.6738255582,161715.44391997,316597.529891105
1.79966458241629,3.23879260920359,6.08676421716888,1.6991425045524,0.0067061289900063,-1.49998972513431,18468.5719836444,159485.256391277,310998.799454504,1.81363277016907,3.28926382503113,6.90641448518189,2.04908973745396,-0.0138406441859821,-1.48568322608314,21921.1290162748,160670.233246977,315831.877095271
1.79473853901316,3.22108642341909,6.06816711024757,1.69906442680358,-0.0061086803551245,-1.50013300305069,19332.5529330856,149471.79070592,327450.452308437,1.80940853140395,3.2739592335174,6.48143615294321,1.85613740368175,0.0137324404756404,-1.48557156210677,22869.9720085066,150647.838703101,332775.731453825
1.72751587598134,2.98431110176758,5.93316588963367,1.73003829786107,0.0049373308938123,-1.49843472862382,18615.821809902,155230.200075314,286677.90532652,1.74135334048576,3.0323114564209,6.48005858946756,2.0064421300305,-0.0011427084109833,-1.48712740483542,22073.1713858643,156405.484752631,291193.659966708
1.72958356064655,2.99145929325878,5.99791137298931,1.75077340207092,0.0038037404191032,-1.49846573948705,18712.5612049797,152146.738126853,287082.039054765,1.74092655649046,3.03082527509374,6.37398620184234,1.93884796530364,0.000731480205676,-1.48557053178185,22328.5365263816,153135.137465794,291051.650364626
1.72629017569293,2.98007777069394,5.90285949316932,1.73614980073928,0.0038602401220942,-1.49852293257243,18696.8507823216,154060.016765905,286413.331776297,1.74007963450687,3.02787713442556,6.88506225130928,2.04105087884736,-0.0018861267343636,-1.48496276898986,22303.0274947212,155246.984329537,291140.971007129
1.72919301806541,2.99010849372615,5.92145660009062,1.74710442828208,-0.0091635368153554,-1.49940355788939,19207.4708582781,153732.303311291,287089.234359463,1.74457223311155,3.0435322765438,7.15024322037231,2.2490537674535,0.0059358104105094,-1.49299041617375,21950.6123185625,155041.60194823,292099.328434366
1.73225628137715,3.0007118243706,5.98551330170845,1.74884092561325,-0.0142083993652942,-1.49555555266304,18974.5531145966,153073.725284132,288062.929030463,1.74332040360231,3.03916602961611,6.13084624838974,1.83657534311426,0.0147017966053661,-1.49254853681571,22208.2070455651,153990.386725726,291709.258815611
1.72871954359486,2.98847126040683,6.01926360686192,1.74630361840415,-0.0110884620345872,-1.49683851067349,18862.975294541,155530.433852949,287403.462714182,1.7408597024381,3.03059250357288,6.59095244925755,1.91736533665443,0.0197386234663119,-1.48840962828642,22231.8419021168,156538.422638722,291332.610706057
1.72600033381577,2.97907715233214,5.9579620321954,1.74928092250015,0.0058571459020773,-1.49734651234449,18832.4140488336,155151.51662962,286468.410135688,1.73678479731768,3.01642143219382,6.4600839190706,1.99807518016974,0.0021444455996192,-1.48792244606411,22403.3650855972,156078.447557078,290086.336754776
1.72113347109093,2.96230042530952,5.92696685399323,1.7612329533511,-0.0029738422324389,-1.50345167305541,19198.1833253253,154965.317772877,284388.382207221,1.73803141232017,3.02075319021165,6.28926604808974,1.93742704760408,0.0061828799379008,-1.49100153647083,21809.6731105868,156458.310325144,289972.29179652
1.72616626507312,2.97964997467648,6.02477386076453,1.75888018040845,0.0072771683076311,-1.49587983290746,18996.9722713811,155476.858817396,285781.215490846,1.73866787770995,3.02296598898043,7.17779448988535,2.22953056950062,0.0076775789881803,-1.49120817270814,22305.8453008106,156469.814570087,289443.666815161
1.72952641316588,2.99126161383844,5.89046142188845,1.71600717099901,0.0016876350220516,-1.50223633488894,18974.205279819,152232.407251145,286826.542648213,1.74617101479902,3.04911321292423,6.42220092349017,1.97679689960578,0.0025325972892961,-1.48861073959052,21878.2613072577,153661.338814856,292382.028902963
1.72705057628428,2.98270369304388,5.93867614353627,1.72830144061957,0.006577163703478,-1.49658149024357,18976.3129519368,154376.275968464,287350.74038306,1.73896244958877,3.02399040107979,7.68542663066316,2.40011846360339,0.0069163665307309,-1.49002282660216,22340.3284697331,155285.094925552,290812.686601776
1.72564801951854,2.97786108726827,5.94280883396323,1.74349711060193,-0.005713634655302,-1.50038280911046,19068.379651705,142763.095240845,292133.734729851,1.74185809288275,3.03406961574113,6.58337585014146,1.96052010079463,0.0181725837818714,-1.488120932734,22291.397415078,144182.88278168,297994.624213181
1.72944479651668,2.99097930419863,5.94625274265236,1.74384436525098,-0.0051669913435207,-1.50085041699254,19009.3813631698,155027.867696989,286824.539873597,1.74646153103077,3.05012787937033,6.50898742245625,1.94382395720896,0.0201598347210046,-1.48919747162291,21813.7038613165,156551.383046208,292768.863862292
1.72282765176235,2.96813511767696,5.89115020362628,1.71799181416114,-0.0086819613914078,-1.50201183247083,18845.0559488497,145904.128156857,286400.859361657,1.73972342468315,3.02663759439126,6.73559661420102,2.01827682714246,0.020594083944502,-1.48766048509775,21836.890320957,147355.857715761,292428.317170919
1.72180350689291,2.96460731634873,5.89941558448019,1.73028227224209,-0.008403916454552,-1.49956273668041,18509.5358999381,155484.553869128,284637.053731487,1.73662570647412,3.01586884438673,6.16184142659192,1.83074606803056,0.022510686612494,-1.48562859541296,21923.054161232,156772.490551723,289581.170802355
1.73416541985804,3.00732970343141,5.89666045752888,1.72608209098931,0.0053884313394273,-1.49801313089005,18632.102543839,156563.292924881,289101.202587929,1.74684080565206,3.05145280029115,6.27135772290626,1.84334126759254,0.0008725474895247,-1.48804929243569,22154.8939614939,157638.357782512,293189.320945502
1.72293396647624,2.96850145283755,5.91801269140149,1.73188642559335,0.0096186824275503,-1.49481991842555,18811.1844181103,149191.263092277,284970.239053224,1.7338375325904,3.00619258941917,7.75637114965924,2.40319688203697,0.0068093060538753,-1.49263844248653,22238.8461236088,150038.54358357,288356.652358801
1.73135466689297,2.99758898257207,5.95107421481714,1.73274677262783,-0.0111346545941894,-1.4974064080966,18755.0094459185,155309.320068381,287452.316433115,1.74283481115407,3.03747317897046,6.33334807931061,1.89900832937484,0.0187466239359796,-1.48943243341904,22053.6657758308,156241.93351032,290934.308511812
1.72762252311104,2.98467958236055,5.94280883396323,1.75107795908501,0.0007572294327711,-1.50314605554095,18993.6055062466,153149.916735973,286709.639656672,1.74412527504852,3.04197297506309,7.385117792971,2.19252294099784,0.0038080160680979,-1.48856509972218,21933.1255278025,154700.26682852,292605.848063529
1.72643384971796,2.98057383745198,5.88219604103454,1.7185834083461,0.0026113281923603,-1.49924576621143,18768.9028623522,153447.702849654,285883.302364611,1.74168325484716,3.03346056021499,7.21843261241709,2.12942472013855,-0.0012103975166169,-1.48547612660726,22241.506887462,154692.72635597,290687.534859255
1.71341019313417,2.93577448993609,5.86910918801584,1.72455587714671,0.010561904294542,-1.49587882128835,18054.2394619455,149133.045282231,282472.938069904,1.72229340229131,2.96629456357617,5.70862304310237,1.73221234996896,-0.0121760560217335,-1.49351232157957,19615.9466688602,149849.984533396,285370.009147715
1.72525030100603,2.97648860112139,5.92627807225541,1.74301998417325,-0.001706693759651,-1.50234780419038,18266.6115351694,147293.207002709,284684.350711469,1.73960101951365,3.02621170709294,5.71482207874281,1.70161525363038,0.0032406472755578,-1.49235249101255,19306.319303037,148590.215016984,289400.937666782
1.7360341662484,3.01381462638178,5.92490050877975,1.73984690509495,0.0132086492668721,-1.49507417359164,18307.9184647686,153880.26659065,288253.686245797,1.74480338125362,3.04433883923407,5.74030700304237,1.70159055781769,-0.0046295904544281,-1.49734137783551,19620.9079637178,154678.510380422,291432.697565639
1.73532254520527,3.01134433589769,5.92007903661497,1.71462225655989,-0.0080109828638099,-1.49849992158362,18044.4470519789,146829.306716365,290403.726152073,1.7457166992006,3.04752679386784,5.72239867785889,1.69031256738479,0.0018576389320532,-1.49099419169592,19616.8524168455,147652.209004804,293932.255766919
1.73199385913404,2.99980272807804,5.91801269140149,1.73798550640953,0.0023023958279904,-1.5018990177238,18379.5827606807,143573.021215187,288268.728230736,1.74533863297359,3.04620694375012,5.74306212999367,1.70527139868446,0.0004004332481625,-1.49432409604905,19282.5404911021,144775.166824549,292707.214682203
1.73957817287863,3.02613221955577,5.94005370701193,1.7362736957124,-0.008499688197902,-1.49816014570392,18239.5534333807,154810.414461934,290195.170123809,1.74981549345822,3.06185426114642,5.85257842630802,1.73958038263701,-0.0047855190564015,-1.49438794233289,19470.0179259757,155643.250505223,293423.673556351
1.74520316594382,3.04573409042032,5.93454345310932,1.71858398100658,0.002349430271338,-1.50506777249757,18340.9779218391,153846.394324565,292490.855630731,1.75979270119113,3.09687035116557,5.82984862895976,1.73792813212158,-0.0115449045713565,-1.49276777273899,19166.7280409223,155225.949636736,297600.525981101
1.73862066671804,3.02280182273909,5.93109954442019,1.71207181587187,-0.0034902977433787,-1.50121091777494,17677.4717186643,135638.69463414,283190.779809879,1.75061584922631,3.06465585156236,5.76716949081758,1.70896057068891,0.0043130528937193,-1.48947318102344,19074.8555776041,136559.638884625,287038.770971383
1.73083993830552,2.99580689203344,5.90079314795584,1.72104607336017,-0.0045895722829492,-1.50202165585353,17985.7084341588,155066.943738885,287117.720544182,1.74430503784366,3.04260006504678,5.75683776475019,1.71107424521257,0.007222803534983,-1.48877264015814,19402.6144338938,156284.990358324,291647.709277528
1.73641942535842,3.01515242076208,5.90905852880975,1.70961887185431,-0.0046663545275421,-1.50291099120239,18136.2258409807,151563.774019349,289470.688791683,1.75258662956954,3.07155989414591,5.79609832380628,1.71473782231146,0.0034611844709092,-1.49148735767756,19240.5282490034,152940.891627998,294672.241628176
1.7446021545485,3.04363667765527,5.96071715914671,1.7120371917831,-0.0075065401790176,-1.49849095923747,17990.3769967778,153038.543481524,292692.789783443,1.7534143312272,3.07446181695294,5.70380157093759,1.65947457772865,0.0055781105202414,-1.48969773763512,19740.2710837561,153814.057915041,295870.130188094
1.73745484899609,3.01874935230002,5.91939025487714,1.73443767799088,-0.0122304084487314,-1.4951891888585,20345.4367849553,156528.613553631,322045.215155203,1.74700495739112,3.05202632114915,5.68313811880281,1.68381351037445,-0.0110955235204695,-1.49807247834111,21589.7154840842,157365.847842662,325598.318661207
1.73578464060432,3.01294831855786,5.95933959567106,1.74225089981166,0.0061326265662181,-1.50209379584296,18092.7409835265,147285.854347691,289385.024426956,1.75003370893039,3.06261798239267,5.72308745959672,1.69852589435519,-0.0153900434559388,-1.49009233894072,19481.4985399818,148497.64776152,294110.596283396
1.72515256231006,2.97615136324498,5.94556396091454,1.73221089233126,-0.0013251867325849,-1.50039021553495,18261.1246998459,146131.136752397,286471.563555456,1.73642116811592,3.01515847308107,5.76992461776889,1.71879183237745,0.0009361501729802,-1.49336694124143,19394.3228793338,147258.655166191,290818.019145421
1.73073566257452,2.99544593370726,5.88426238624802,1.73348833669578,0.0014654237608066,-1.50457492744765,18244.6497294589,152765.831354779,287353.607667617,1.74542930411673,3.04652345566941,5.76028167343932,1.72690842443116,-0.0118726992069786,-1.49333500805421,19066.0405489234,154130.032678895,292434.729535119
1.73495471007167,3.01006784599989,5.91525756445019,1.73077304003321,0.0018718551306229,-1.50396773306567,18407.5259470026,154329.326687268,289565.021692019,1.74974637518628,3.06161237747752,5.77750121688498,1.72297066291202,-0.0008594394627625,-1.49354388859862,19155.6386549433,155624.909572559,294348.861600552
1.73909925684665,3.02446622516457,5.94418639743888,1.72201364262048,0.0090201441793632,-1.49880372507808,18254.9835218715,154457.824800172,290579.466760663,1.75045261923382,3.06408437218255,5.78025634383628,1.70718827044749,-0.0094503065691885,-1.4928413359833,19540.0635848039,155288.246308508,293709.122547484
1.7427330592768,3.03711851589628,5.95865081393323,1.72540245647222,-0.0090418947970633,-1.49750097992026,18146.6843028879,154328.062993379,292210.00211397,1.75266498382868,3.0718345455392,5.69691375355933,1.6677414883061,-0.0008027518606889,-1.49284823116999,19626.8356193535,155047.192664465,294905.483366586
1.73098469313794,2.99630800787787,5.91181365576106,1.73996871757723,0.0104523266087872,-1.49818261430372,18251.994897911,149805.908096583,287059.650434065,1.74185475320106,3.03405798124913,5.98206939301932,1.75523202758816,-0.0052754613011639,-1.49480327637881,19497.7537889945,150663.346256097,290598.584793393
1.72844744854067,2.98753058236676,5.84913451761889,1.69945963363317,0.0056422541403038,-1.50362192083651,18112.6653728566,151119.57074628,286615.502905601,1.74323323699638,3.03886211856888,5.75477141953672,1.72091824093401,-0.0144354295205036,-1.4914545792346,19235.8707068922,152503.764087213,291676.375834457
1.75601063899013,3.08357336424652,5.98620208344627,1.72513700109329,0.0133299068940492,-1.49388048009587,18736.29455732,158571.442258721,296287.406633427,1.76614304028932,3.1192612387624,5.82502715679497,1.70387439008827,-0.0080183643707117,-1.49833801020863,20279.0106741593,159468.055000199,299671.936480659
1.77554745040779,3.15256874864961,6.00479919036758,1.72416553801019,-0.0097264699443827,-1.49715128040402,18753.011290097,160205.629139311,303033.977529616,1.78780490556417,3.1962463803593,5.8918389853641,1.71575570145905,-0.0100955392322981,-1.49610144696155,19973.989191817,161266.126895022,306965.636201252
1.77335222563124,3.14477811615126,6.01099822600801,1.69582242705328,-0.0063470915961725,-1.49932865136944,18337.0566874056,155729.252143636,302167.154897823,1.78606284505545,3.19002048648758,5.8918389853641,1.71105405581655,0.0035655893737515,-1.48990641739494,20175.7430057706,156777.964575967,306371.14089274
1.7733412591774,3.1447392215009,6.01995238859975,1.70000339263638,0.0063991164012368,-1.49954721720254,18423.0352453932,156765.13427311,302153.18028877,1.78681994051192,3.19272549981103,5.88150725929671,1.71390952062031,-0.0159459516766348,-1.48920076164701,20212.8724741298,157939.134133069,306727.881515982
1.77681093296777,3.15705709151379,6.0054879721054,1.69110264008326,0.009198600671501,-1.49747962165128,18516.4120080268,157582.722526127,303617.8919158,1.78813558512586,3.19742887079339,5.87806335060758,1.69301580964392,-0.0150789319341624,-1.49092132478133,20374.6184008418,158534.693332539,307390.171006608
1.77958574074541,3.16692540866438,6.0240850790267,1.71253794308129,-0.0117551265800193,-1.49506414032682,18644.0825246051,159249.116276482,303907.017560917,1.78917872171659,3.20116049824342,5.82709350200845,1.67175124630214,-0.0041532123471432,-1.49651888257279,20276.7700671662,160076.717164097,307102.516371302
1.77889133147349,3.16445436919152,6.01030944427018,1.71551881292579,0.01105961158749,-1.49553154455625,18910.2815130766,159224.279490008,304012.995145729,1.79065936142785,3.2064609486692,5.90354827490714,1.70331403335233,-0.0022737859171552,-1.49680326124528,20188.1741385749,160252.937566721,307937.065894431
1.78664349943896,3.19209499408748,6.04819243985062,1.69773137126365,-0.0083318331083578,-1.49860311438351,18359.4710227179,158721.203324799,307009.690236517,1.79749165406473,3.23097624643238,5.92490050877975,1.70537163237537,0.0037423253457097,-1.4900845805141,20333.0173614406,159654.680444006,310752.865422873
1.77661281973326,3.15635311124055,6.01926360686192,1.72717941533988,0.007413763844233,-1.49831284620001,18927.9005499302,155609.663763482,302977.976120011,1.79018476239363,3.20476148350635,5.84224670024063,1.68098990466222,6.81372073755229e-05,-1.49553176268596,20003.7666039067,156771.349129603,307551.501060485
1.77845367569745,3.16289747660176,5.99515624603801,1.71657734367932,-0.0124641680202731,-1.49509335899673,18702.4409349058,157204.944300886,303476.227195546,1.78886002129937,3.20002017580319,5.90148192969367,1.71756534382417,-0.0064139798580838,-1.49700203319021,20239.4360306308,158083.120358709,307039.117982347
1.77945054821618,3.16644425354687,6.01168700774584,1.70962502391942,-0.0030653192722733,-1.50543212515768,18781.0874112943,159325.86791396,304041.583300655,1.79661246389071,3.22781634540746,5.95382934176845,1.73267328323188,-0.0001356604552615,-1.492501343092,19741.3896652983,160875.440161848,309911.769687049
1.77515099581757,3.1511610579521,5.97931426606801,1.69260441276533,0.0029982453192076,-1.50340517734325,18841.6726529535,158791.098120544,302614.645954615,1.79072804305288,3.20670692417599,5.91870147313932,1.71138383923271,-0.0013379590435706,-1.49352146770149,19700.5945005304,160216.492116564,308070.019486086
1.78026872592914,3.16935673652138,6.0557690389667,1.73081019371636,-0.012284497897908,-1.49486477854143,18775.2114142889,159244.028634813,305243.974268092,1.78970252430249,3.20303512549471,5.72239867785889,1.62286808122509,-0.0055987347014509,-1.49677868569365,20350.4063451937,160044.713614618,308323.699802591
1.7704948432428,3.13465198994933,6.02546264250236,1.70581494335601,-0.0086836029384538,-1.49809308627397,18318.762644449,157407.447100974,301547.23575735,1.78015739475872,3.16896035011415,5.82915984722193,1.68019534427117,0.0030129828974265,-1.49088944640612,20282.4263427972,158275.175005635,304990.750778024
1.77302402378583,3.14361418892169,6.00066649994062,1.70334103838275,0.011542013392883,-1.49514916950329,19640.8915882774,161918.652488798,317991.919418485,1.78301875525569,3.17915588159353,5.9207678183528,1.71568554504054,-0.0092404064330952,-1.49587031174116,21471.1003810131,162786.797225312,321425.079050599
1.76736295845372,3.12357182691429,6.04612609463714,1.737188557073,0.007461566828814,-1.49986100102206,18828.7827915118,157048.759236777,299814.433684253,1.78176338139545,3.17468074728175,5.80436370466019,1.67147739183777,-0.0013962983145689,-1.49486920365314,19784.0927554801,158319.007801761,304703.218682577
1.77216411395264,3.14056564678154,5.98344695649497,1.6941242261037,0.0059138751952848,-1.49910711108338,18226.3129820345,160066.120214281,301645.646806749,1.78438582537704,3.18403277380649,5.89115020362628,1.72735568888319,-0.0201694294191275,-1.4870336604783,20273.8737399586,161139.496424514,305773.887038559
1.77229779360451,3.1410394692154,5.99653380951366,1.69221027228485,0.0050512207572829,-1.50275398791921,18415.8402313599,157263.082958225,301811.074963306,1.78750547082902,3.19517580824368,5.89252776710193,1.72097043499471,-0.0148110140948423,-1.49081632568846,19883.5473281683,158695.204067656,307525.626125543
1.77734584070054,3.15895823745552,6.02408507902671,1.71170780729693,-0.0072583254017856,-1.49879358006081,18704.6849858077,160477.545460134,303349.249544523,1.79073929312891,3.20674721595584,5.92696685399323,1.73159470091101,-0.0112091106018936,-1.49554267263317,19843.9678631676,161693.533131772,307928.428807215
1.77506249987758,3.15084687847164,6.01099822600801,1.71180541066907,-0.0040318739225702,-1.50301044583916,18496.9697659132,157103.202127858,302801.298327999,1.78990206465526,3.20374940105715,5.94418639743888,1.72951660841848,0.0033705901430753,-1.4901911954985,19878.5426400612,158516.514113347,308312.910186959
1.78128513612018,3.1729767361627,5.99446746430019,1.6945439664309,0.0091581281342892,-1.49757286875519,17790.5724351423,158763.119685718,304088.686696547,1.78948674496896,3.20226281041959,5.9710488852141,1.73691513301084,-0.0039871229151556,-1.49353201195099,20245.0640662106,159421.091735591,306674.418173562
1.76017303074622,3.09820909816632,5.91043609228541,1.6862276181956,0.0064641582183094,-1.49960055380605,17681.8337734099,158679.395035007,297055.150364599,1.76998078067031,3.13283196394229,5.81194030377628,1.69862848583191,-0.007178252141231,-1.48971842703649,20326.0675537059,159521.109687972,300276.539230374
1.75858855779278,3.09263371559969,5.96071715914671,1.72863595098023,-0.0051017295249616,-1.50135590541278,17984.9679937906,152324.106431545,295963.504009566,1.77139926751199,3.13785536494202,5.87186431496715,1.72130308745172,-0.0005812819357802,-1.49511790203084,19795.3254080605,153514.669288795,300769.635506549
1.75011039745744,3.06288640328865,5.9207678183528,1.74245879408568,-0.0105299332424102,-1.49805804257884,17998.9116912912,157567.685036425,294179.799916585,1.76099553143586,3.10110526173707,5.83949157328932,1.73240365291728,0.000733110473544,-1.49710690449479,19901.9171371161,158500.180637958,297622.060559856
1.74748368405435,3.05369922603617,5.93385467137149,1.72205903649487,0.0059346309893142,-1.50002855769718,18067.8980038066,156631.958926417,293059.242958323,1.76009069217565,3.09791924468335,5.74443969346933,1.67192849087531,0.0112497927221055,-1.4953853873592,19818.9843719731,157753.975905925,297314.752896358
1.74612541915471,3.0489539794182,5.9104360922854,1.72097549546595,0.003397358936447,-1.50537124375804,17865.5711234472,154957.472145721,292394.935978208,1.76051244122324,3.0994040557018,5.88288482277236,1.74840335733258,-0.0014905629807588,-1.49269354215699,19717.1266398017,156258.758501843,297303.336262297
1.75154827650875,3.06792136494078,5.8918389853641,1.70195353808356,0.0029769073315934,-1.50525500129438,17869.864300019,150765.620779321,295141.168416853,1.76625627796073,3.11966123943569,5.82984862895976,1.71500346884621,-0.0025611786884019,-1.49269895602074,19745.525799634,152067.42691737,300067.351176841
1.74943407916801,3.06051959735444,5.90905852880975,1.72311810144534,0.003339186247849,-1.50531155644969,17867.7511176474,156993.113753635,293644.906593653,1.76488404474215,3.1148156913854,5.83604766460019,1.71854960763992,-0.001083136006906,-1.49262391840516,19788.7558078452,158365.508366732,298804.927053044
1.7522991980995,3.07055247966014,5.89390533057758,1.69073273064781,-0.0074528989205367,-1.50081282091473,19071.4247557679,144529.779512367,319061.863187195,1.76379982896158,3.11098983664491,5.81607299420324,1.69108303267834,0.0158102797631778,-1.48893223075209,21759.5174020017,145511.631483998,323418.96570947
1.74819063109748,3.05617048265699,5.90148192969367,1.69924717850107,-0.0125287340584174,-1.49722423994094,17816.7123908745,155968.42603538,293776.049707315,1.75559021496058,3.08209700286532,5.68795959096759,1.64008028068815,0.0112877974737126,-1.49497664063075,20261.9908774177,156622.248762653,296324.827741194
1.74944423057856,3.0605551159046,5.89459411231541,1.72446893579901,-0.0066581140401828,-1.50115751979699,18029.2401287711,155119.231226297,293399.549212727,1.7620787287532,3.10492144632448,5.81813933941671,1.73062620529677,-0.0002155627860708,-1.49539887660256,19825.0787127894,156320.184445405,297981.41424375
1.76427925652044,3.11268129498831,6.00066649994062,1.70945008791929,-0.003749675459884,-1.505398679446,17928.6883267746,158409.824312679,298828.407755344,1.77971005922587,3.16736789490975,5.87117553322932,1.69048905460341,0.0102380514587196,-1.49330579645063,19639.3866001802,159787.099636247,304078.556419365
1.75082851740228,3.06540049734906,5.90148192969367,1.7023968206275,-0.0098529455067538,-1.49919636407381,17572.3402068929,157638.012798793,294317.957776634,1.75935446547082,3.09532813517212,5.79954223249541,1.67204406567238,0.0156716379296701,-1.49066567652846,20265.8583868756,158358.948086984,297076.541688565
1.74536540487414,3.04630039653148,5.94349761570106,1.74147236730563,-0.0019487693648784,-1.50334575236018,17874.3627335488,153491.554180065,292867.245772211,1.76024175437199,3.09845103383459,5.87737456886975,1.71932574760989,-0.0003910948615593,-1.49384262868997,19705.6040101096,154783.688910387,297629.951592843
1.75558522020985,3.08207946541925,5.93316588963367,1.69277860377314,-0.0064185984552669,-1.4998119271611,17525.9603997947,156449.632067921,295747.82285696,1.76606430323776,3.11898312317068,5.80367492292237,1.68429341627428,0.0164269445325772,-1.48823899867333,20124.9088471738,157340.214224766,299093.14854696
1.75952016098647,3.09591119691784,5.87875213234541,1.67243289164278,0.0062843988144311,-1.49949647190169,17454.5068710943,155439.128299237,297682.74291746,1.76953659467537,3.13125975989531,5.85051208109454,1.70089472318017,-0.0089698188169098,-1.48842141607961,20126.069444402,156381.542537094,301438.371632044
1.75216487293611,3.07008174195121,5.99446746430019,1.72928235352593,0.0094861329277944,-1.4965542136569,17939.8507236178,158031.379477895,294560.061325064,1.76276792534574,3.10735075862773,5.76372558212845,1.66920138769278,0.0102188681719996,-1.49724003544847,19836.2355993787,158997.4087248,298245.033645442
1.75242127557424,3.07098032708526,5.95727325045758,1.71383968966909,0.0112155579081438,-1.49657418210149,17989.8135733162,153342.851530853,295766.268740406,1.76211942060237,3.10506485246403,5.8284710654841,1.6902792891857,0.0092631649786087,-1.49760638045555,19943.6951934239,154111.110222617,298735.142366417
1.76018052118888,3.09823546717274,5.95451812350627,1.7071739649808,0.0126578806113908,-1.49406224229248,17965.3459796435,157799.551622482,297274.599276246,1.76857494546789,3.12785733773676,5.8443130454541,1.7020246361801,0.0053375779738991,-1.49894305645816,20268.4041241786,158516.235181082,300064.259907738
1.75794041792514,3.0903545129748,5.9524517782928,1.69325920724671,-0.0059035596802944,-1.50299070849069,17706.9371126267,157032.929323156,296539.879872947,1.77330347052357,3.14460519857093,5.8573998984728,1.71110344596951,0.0134478969452317,-1.49197416060898,19840.2167578234,158331.63075844,301496.563924426
1.74223118584192,3.03536950492014,5.81951690289237,1.67085539481833,-0.0039402367110586,-1.50090989061298,17105.4474395623,153542.98634022,291332.777393933,1.75675080978203,3.08617340766982,5.78301147078759,1.71305514360732,0.0069747920170404,-1.48839997815678,19688.2191590469,154779.906079476,296016.232483147
1.74503798273186,3.04515756117687,5.88839507667497,1.70914515982174,0.0146363466894754,-1.49501724462475,17597.1948959024,157146.796932163,292084.099285099,1.75461020227197,3.07865696191688,5.87117553322932,1.71402574383393,-0.0030778904556217,-1.49730019065987,19875.1104406616,158026.046801542,295451.952132947
1.73913359404234,3.02458565792663,5.8601550254241,1.69857253314223,-0.0040461780353346,-1.50500609207851,17116.1559292403,134724.735144668,283483.137217646,1.75607376484163,3.08379506756504,5.80780761334932,1.71294663159215,0.0040189366916742,-1.49238421362418,18982.806786161,136001.853875677,289000.623221692
1.74128190085219,3.0320626582354,5.86291015237541,1.68935282155477,-0.0053622704254174,-1.50222778069841,17278.2228282421,156399.574766143,291077.683715525,1.7571567703912,3.08759991573164,5.83260375591106,1.72339016416893,0.005672804245932,-1.49015975695458,19632.3176332049,157790.234523798,296288.092179994
1.74826970914781,3.05644697592375,5.81400664898976,1.66591240314868,0.0066286731345912,-1.50181916022108,17202.6903340903,156527.787621735,293430.4708949,1.76300080045846,3.10817182241717,5.78094512557411,1.70317220906544,-0.0160191503707422,-1.4886354739378,19745.4045740481,157910.986667719,298747.396443829
1.74462230044155,3.04370697119795,5.86842040627802,1.69321315648605,0.0112664357082212,-1.49710586441867,17310.5067170757,157339.681165853,292393.881531533,1.75406049450151,3.07672821837088,5.80574126813585,1.72296830520103,-0.0110215069887969,-1.49308116728049,19957.5769005681,158140.681620771,295457.796987356
1.74841879586494,3.0569682857338,5.85671111673497,1.68990638972569,0.012405192883505,-1.49654819317431,17431.905875931,157882.855540187,293503.38374759,1.75735951431449,3.08831246255166,5.81676177594106,1.72112581684984,-0.0097497807689457,-1.49461528536524,20078.8507011471,158652.052374499,296464.68248174
1.74960253787331,3.06110904053273,5.86635406106454,1.70636186188386,0.0143621199517307,-1.49493250521954,17636.695839785,155915.946367692,293500.760105164,1.75906696892082,3.09431660114827,5.83122619243541,1.71567155247846,-0.0020921454224713,-1.49721490110681,19903.884986541,156757.061271485,296764.659710986
1.75046558592189,3.06412976749685,5.86497649758889,1.69102839342748,0.0105752730670235,-1.49756876936213,17403.6802890967,158078.079151948,294321.367709597,1.75976043657401,3.09675679413117,5.83260375591106,1.7231385490343,-0.0127976519371446,-1.4915210347712,20073.4203459261,158902.178334043,297519.112170313
1.74684698998326,3.05147440641357,5.83742522807584,1.67325170359857,-0.0047584237006513,-1.50199099877052,17193.8284682515,157444.46535669,293045.558273077,1.76258598243908,3.10670934549074,5.78783294295237,1.7077438466739,0.0062886998277185,-1.48954603490651,19564.9396260473,158824.291040784,298276.740088022
1.7458751979383,3.0480802067761,5.84706817240541,1.70082474309691,0.0035296934329119,-1.50491797428298,17456.7337024527,145717.532566159,293568.746264083,1.76221562222697,3.10540389922078,5.7940319785928,1.70660357408631,-0.0113607702235163,-1.49327308347019,19262.5300040547,147093.602800204,299041.607236087
1.73896197053956,3.02398873498284,5.79816466901976,1.70009992356835,0.0131453532159031,-1.49635766497235,17514.8379522922,157222.315593333,290535.215189355,1.74865251117279,3.05778560483091,5.81745055767889,1.73116671265419,-0.0062256110255697,-1.49605820387589,19924.6682866982,158028.351771459,293527.760723148
1.75571362193364,3.08253032224334,5.9049258383828,1.70418040177711,0.0107299923084304,-1.49761921648038,17445.6732453067,157892.891626165,295706.774432703,1.76500220187771,3.11523277263316,5.82847106548411,1.71861993852119,-0.0128449730271608,-1.49229376964263,20088.4020375055,158725.437759096,298898.536994405
1.7433225550729,3.03917353102592,5.88495116798584,1.68982931485842,-0.0074240704352693,-1.49867765544114,17276.8431984212,157265.565394955,292122.563072536,1.75303025489275,3.07311507456934,5.74168456651802,1.66007717089063,0.004112938472573,-1.49049177091067,19986.4933354855,158142.156477349,295451.823465529
1.74337371322543,3.03935190396544,5.88701751319932,1.71597895908532,0.0135570719416168,-1.49496745840632,17635.3892208283,156210.604041252,291557.486576121,1.75445386069241,3.07810834929849,5.7595928917015,1.69839155531034,-0.0017734799234996,-1.49823240381961,19790.0169672071,157181.071472622,295273.220183069
1.74287485195041,3.03761274956115,5.8415579185028,1.69166196786306,-0.0114189595685494,-1.49582903638197,17336.7616993582,157242.813859775,291366.62229877,1.75142258299185,3.06748106421385,5.68520446401629,1.65054867298408,-0.0018752064250549,-1.4958024608348,19932.6836397813,158012.358020735,294302.761252918
1.74224210374772,3.0354075480713,5.83191497417324,1.67647660506052,0.0070559588684975,-1.50127222753709,17174.0872948636,156089.876564395,292473.33509221,1.75739726128616,3.08844513397608,5.76165923691498,1.6878870101843,-0.0169048079715415,-1.48902717065384,19661.0363877635,157455.498559914,297702.409411667
1.7417473488491,3.03368382722287,5.87048675149149,1.69268435968929,0.0089466809977076,-1.49901101355552,17229.7064201931,155069.200632709,291135.846907154,1.75210435274721,3.06986966291572,5.78989928816585,1.70814554040952,-0.0159467243617273,-1.48905863865516,19982.5059780052,155928.288084291,294417.862359235
1.73864115678285,3.0228730720592,5.86773162454019,1.70242295708275,-0.0097656140782642,-1.4965772512527,17340.6360966334,154236.796159567,290153.831574039,1.74725666799488,3.05290586385259,5.69691375355933,1.66551769494514,-0.0006951274226388,-1.49447352117348,19936.8121975178,154989.598258143,293156.312517565
1.74051005552365,3.02937525337893,5.86704284280236,1.6875709499818,-0.0048718049743095,-1.50019185751379,17142.6698934562,157411.044304194,290969.016744519,1.75280726856395,3.07233332073062,5.76372558212845,1.69458320030259,0.0084018201393851,-1.48717592001799,19867.2796810843,158520.458180457,295143.004340234
1.77328163824359,3.14452776853185,5.97036010347627,1.69567617688672,-0.0067943615211928,-1.50286963626796,17700.1395256561,145204.659494854,302429.055509712,1.78747910968531,3.1950815675614,5.88770629493715,1.69218726485181,0.0079978715804903,-1.48938777274174,19952.8642559179,146539.000330118,307881.532635717
1.76914982366027,3.12989109855716,5.9710488852141,1.70919465660632,0.000135746632399,-1.50412217594653,17869.1493445752,154419.817534024,299585.182132609,1.78462392859899,3.18488256652808,5.93592101658497,1.73554949693772,-0.0098655246513637,-1.49269656369781,19680.5592173405,155886.634856745,305186.030176867
1.76705655434038,3.12248886623731,5.96347228609801,1.70899815036504,0.0007372181701393,-1.50271339920026,17771.9525984236,143966.736209401,299061.709415594,1.78196838833771,3.1754113370349,5.91388000097454,1.71572550217138,-0.0097345522688751,-1.49195054052019,19787.0290320284,145286.361049692,304170.070466655
1.78974152097846,3.20317471191428,6.02064117033758,1.70332404872182,-0.0131165850086806,-1.49631709092652,17851.608140058,157724.247374424,307105.524916925,1.79889972373799,3.23604021606463,5.86704284280236,1.66635210520192,-0.0002341863614983,-1.49548689252265,20219.978635319,158512.238087708,310331.174463799
1.775874035662,3.15372859053845,6.00755431731888,1.6974765799368,-0.0091898406382701,-1.50056509151045,17756.4612083582,150052.19195963,302668.927890709,1.78802586286413,3.19703648627102,5.99033477387323,1.75324395781414,0.0054507267756158,-1.49050363747594,20162.5135749321,150954.999936004,306330.810428778
1.76667261919488,3.12113214341291,5.97518157564105,1.70975964760312,-0.0015937874220729,-1.50450770141194,17982.9925677666,157120.186270668,300105.112687785,1.78268788503357,3.17797609544546,5.9049258383828,1.69871027363303,0.0036765618804099,-1.49280205927799,19768.7563413056,158527.009420982,305395.189737043
1.78798778386188,3.19690031523931,6.0399270589967,1.70487787620645,-0.006039542577153,-1.50449620475355,17855.3289390057,157977.880975219,306624.821593084,1.80387953317793,3.25398137021823,5.96622741304932,1.72975317062799,0.0045222098177387,-1.49128136263505,19791.2395547918,159431.1477135,312300.505495356
1.77499177168075,3.15059578953438,6.02477386076453,1.70523122660758,-0.0064988728504266,-1.50220658779234,17785.862545619,134528.725837057,301411.423664778,1.78853403044918,3.19885397807478,5.91801269140149,1.70448136036566,0.0066076109605135,-1.49032846817179,20001.5094661518,135532.099365137,305666.49944863
1.76919340742159,3.130045312864,5.94074248874975,1.6802646021306,-0.0057585850473694,-1.50277439081299,17716.4457445174,135027.364165868,301108.185335569,1.78315328781193,3.17963564783449,5.93316588963367,1.73898357492162,0.00732683910975,-1.4891905690413,20009.7472957362,136264.573110695,306176.427366474
1.77179029056572,3.13924083374296,5.97862548433019,1.71990746226975,0.0023214368779228,-1.50438457446941,17917.12505896,151262.040879852,300927.76985024,1.78793359387867,3.19670653611989,5.89115020362628,1.7174180558871,-0.0090886203562285,-1.4922427166696,19746.5066248286,152677.837712984,306427.271961906
1.76605090678002,3.11893580533853,5.93385467137149,1.68115921162042,-0.0066782709937154,-1.50153856380808,17594.6216073299,150640.573031414,299836.256452288,1.78028242918095,3.16940552765043,5.89252776710193,1.72402835263792,0.0088945716147992,-1.48884167741884,20030.0291627883,151878.459605472,304825.719291096
1.78951941647049,3.20237974192489,6.01168700774584,1.71550846949411,-0.0069901094467906,-1.50009932334637,17979.3985046586,148062.398281463,307005.956747665,1.80332244819602,3.2519718521677,5.94280883396323,1.71055014625426,-0.0079487144351109,-1.49518210514251,19793.8748337207,149287.123130059,311971.872485032
1.77204576519339,3.14014619393981,5.97242644868975,1.70845504291743,0.0055469484399399,-1.50102967060595,18120.8226149777,155308.334437558,301552.69271219,1.78651135088571,3.19162280684349,5.92972198094454,1.71125095846468,0.0025393472211985,-1.49453608718198,19823.2465533668,156512.884365778,306258.169883657
1.77548522988174,3.15234780152821,6.01099822600801,1.70901268395055,-0.0016697300309447,-1.50329603159556,19329.1482849555,156117.095918717,327599.707212514,1.79098895304504,3.20764142992938,5.99653380951366,1.74366553818706,0.0030721944258509,-1.49173040980825,21490.6121900823,157510.447558461,333242.490321319
1.7822247168966,3.17632494151717,5.99653380951366,1.68797650251179,-0.0067066507726803,-1.50000675680977,17558.1299508598,159346.726473097,305364.348961406,1.79555138870552,3.22400478948233,5.90974731054758,1.70682603898629,0.0087304739636005,-1.48839672932038,20091.7997978182,160578.128548352,310246.461663732
1.79108147408794,3.20797284682103,6.04474853116149,1.72680636227442,-0.0104774013106943,-1.49755748102496,17948.4894241736,142574.114244995,309426.375154379,1.80196352005162,3.24707252759682,5.93454345310932,1.71752501159318,-0.0066483754416498,-1.4955731567728,19960.338226555,143345.917839785,313035.666308946
1.78576344889879,3.18895109542289,6.02684020597801,1.69779662248632,-0.0066106857949881,-1.50208534909105,17661.233689195,135416.41288149,306977.346072458,1.7987937932875,3.23565911076964,5.95933959567106,1.7216198522854,0.0087707056586748,-1.48896247938908,20066.6034730668,136578.820027604,312069.91337337
1.78004232469561,3.16855067770774,6.04337096768583,1.72532442078179,0.0080594371281965,-1.49844893486772,17985.0368719644,118938.08909769,303787.634577262,1.79129911935072,3.20875253498667,5.93798736179845,1.72039256162771,-0.0023351246086209,-1.49363342439785,20085.0290733354,119613.920155804,308184.777684194
1.7713888705304,3.13781853063895,5.90974731054758,1.67660403924878,0.0076739416656993,-1.49865088257597,17898.8819858519,148850.999283574,301276.427298208,1.78375591522514,3.18178516510069,5.92972198094454,1.73438920032293,-0.0077283597309186,-1.49309650682321,20130.9122688007,149895.067130941,305318.938044308
1.7617635975319,3.10381097358855,5.95107421481714,1.72670973735779,-0.0066834198970029,-1.49976491931289,18060.1368111848,154603.926492369,298117.745267902,1.77541294400254,3.15209112173177,5.84982329935671,1.71944773888121,-0.00824706819628,-1.4953422373912,19836.23215547,155759.136805649,302560.730086956
1.78282817552314,3.17847630343916,5.89390533057758,1.68674200783796,-0.0130659017292077,-1.49429412824706,17830.3585346643,158253.677878621,305461.264329128,1.79307864017914,3.21513100986667,5.76579192734193,1.62554493586105,-0.0058611261607409,-1.49972273068525,19190.9965766728,159104.362572125,308757.119109122
1.80041543096647,3.24149572406217,6.07987639979062,1.6967426698357,-0.0072322319327791,-1.49987302309928,17406.8404197098,159860.342016467,311365.768669308,1.81178659361885,3.28257066081698,5.87048675149149,1.63064639068828,0.0104385487201428,-1.48895692493591,19155.9217442375,160846.939248267,315281.440016682
1.80250277176052,3.24901624220434,6.04681487637496,1.69119229558167,-0.0092541293877755,-1.50022429910811,17694.924759119,160393.273021949,312879.811584041,1.81519775271901,3.29494288147614,5.93316588963367,1.67968656612395,0.0042063676323248,-1.49262202535091,18960.0349731267,161376.322625269,316579.823463017
1.79811536809305,3.2332188769724,5.99515624603801,1.67418094965837,0.0047077345552286,-1.50018547527193,17810.4527424411,160160.442211998,309884.223406627,1.81031404780985,3.27723695169767,5.9076809653341,1.68032692997769,0.0008409413269761,-1.49477286268466,18936.6046847511,161266.864253753,314227.211818239
1.79918882666008,3.23708043397848,6.05714660244236,1.7066442184411,-0.0049875788702105,-1.50204348048073,17711.6786861099,160783.765201173,310438.463988939,1.81312822888847,3.28743397439225,5.85877746194845,1.64168270173995,0.0081271151264857,-1.49134377829401,18962.8011205858,162168.43241506,316137.516393835
1.79987889273624,3.23956402851742,6.08607543543105,1.69105207077663,0.0054640967378027,-1.50081511888902,17688.4736293626,161469.151016722,310839.976740771,1.81217603390432,3.28398197785721,5.98344695649497,1.68912242593695,-0.0103592285557858,-1.49179408049794,19079.9518736822,162569.596438861,315098.272841318
1.80301682538193,3.25086967261033,6.04888122158844,1.6904313296657,0.0095717329474196,-1.4974016046878,17671.8243971958,160010.111871094,312349.676932496,1.81287259622644,3.2865070501488,5.91939025487714,1.66930065539515,-0.0062732248321985,-1.4937856077129,19270.1431086029,160846.565427674,315401.39512919
1.79919421874015,3.23709983674797,6.01650847991062,1.69095516828136,0.0075871484598306,-1.49881456290982,17836.0588923265,159757.952482559,310993.588313679,1.81004170251096,3.27625096482879,5.92214538182845,1.67500406867941,-0.0010356582895511,-1.49521009930625,19086.0840974941,160672.353632958,314401.972901048
1.79893035777116,3.23615043211068,5.9710488852141,1.67532786855835,0.0004574784430328,-1.50393487813686,17794.0693800252,161603.553303345,310483.120724362,1.81434075962977,3.29183239205392,5.92696685399323,1.67538130288421,-0.0094884593268214,-1.49276507469247,18796.029153533,163031.825003477,316067.652408598
1.80092484053448,3.24333028125413,6.08125396326627,1.69881210937196,0.0091460988002051,-1.49736598903292,17713.0252544074,162109.920739704,311807.172488532,1.81067297620205,3.27853662674841,5.96416106783584,1.6961312332069,-0.0060284359188599,-1.49344273961271,19310.5980151924,162921.97226248,314898.106790435
1.79833983619819,3.23402616645732,6.08814178064453,1.71024992974793,-0.0118413804381069,-1.49745943926556,17781.7753147867,160251.923084027,311020.140912017,1.80891375882348,3.2721689868609,5.93316588963367,1.67581189973661,-0.001630963285702,-1.49613943416223,19063.558868322,161126.924230354,314238.43097145
1.78312256268909,3.17952607357091,5.88495116798584,1.68589370051041,-0.0067420987870647,-1.50014329717758,17858.7735364766,160932.018786585,305110.816440942,1.79614194256903,3.22612587785565,5.87186431496715,1.6784520300526,-0.0077524971441622,-1.49604201892047,18938.9362109336,162157.005590306,309796.989050084
1.80104113881401,3.24374918370046,6.09089690759583,1.69261646502741,0.0091053878201602,-1.49747802211513,17690.7293895539,162174.321692349,311747.244020271,1.81068936841122,3.27859598887741,5.94487517917671,1.69547706091355,-0.0081836367665404,-1.49222862147883,19319.3951355479,163003.654458956,314824.740988544
1.7855334493227,3.18812969865021,5.91456878271236,1.68865532143289,-0.0092954194659615,-1.49805619735514,17833.2707038518,160619.069083222,305999.770421434,1.79713577067052,3.22969697822353,5.86291015237541,1.67185367480643,-0.005744650491987,-1.49749249329748,19028.1286245099,161640.747043996,309889.666279435
1.78688154202396,3.19294564522592,5.98895721039758,1.67610419227123,0.0103464793902747,-1.49641580539393,17724.0051240901,160700.705569832,306723.077586331,1.79627881554479,3.226617583175,5.92903319920671,1.68181423012157,-0.0053105357829456,-1.49523963407444,19324.5706415259,161478.232259023,309598.509996518
1.78795937445091,3.19679872468687,5.96622741304932,1.68248574087375,0.0065907561148038,-1.49842207234645,17507.0140805323,161119.462141109,306902.4674054,1.79807328007395,3.2330675205159,5.95727325045758,1.69422642232752,-0.0128286125410668,-1.49064570241822,19436.2014977754,161989.846519898,310242.965388192
1.79241611981263,3.21275554656416,5.97793670259236,1.67343222109307,0.0050895034917484,-1.50204554069946,17610.0578948563,157516.813137294,308024.646008458,1.80577188234493,3.26081209106757,5.96347228609801,1.71831603508355,-0.0137589930947439,-1.4895432506872,19192.7715672112,158710.312650143,312668.360398516
1.7905622201663,3.20611306428686,5.93316588963367,1.662518849062,0.0058198414894202,-1.49986056785032,17967.5562802401,160448.456641365,307346.579145129,1.80278140584285,3.25002079725272,5.92834441746888,1.6739414982588,0.0030798296507943,-1.49633796199535,19097.9793581064,161604.087199769,311866.783370601
1.80030397424561,3.24109439968454,6.00824309905671,1.68706550561463,-0.0110014106669599,-1.49794754552755,17536.5373321607,159004.973472155,311614.11044637,1.80996350844181,3.27596790189099,5.83673644633802,1.61989482654833,0.0058617299490875,-1.49226364143348,19300.2201407486,159782.488525468,314561.449645065
1.8001309275223,3.24047135622228,6.04681487637496,1.7104619899421,-0.0115330107096662,-1.4975895173945,17592.4429906931,161463.808459233,311010.331115592,1.80814672522815,3.26939457995327,5.88012969582106,1.63451236650066,0.0054321102580071,-1.49350541238409,19378.2067642322,162177.28786302,313674.419291506
1.7278310886043,2.98540027074753,5.88012969582106,1.70712862806307,0.0145466184240037,-1.49353835723393,17912.4950681183,154798.498790198,286646.246339519,1.73758297921773,3.01919460966716,5.79609832380628,1.71941274636369,-0.0093314567321972,-1.49875920699455,19538.8671709253,155631.151582686,289772.276857776
1.73442613092345,3.00823400363007,5.79334319685498,1.70425627937946,-0.0017699548282652,-1.50219864492309,17918.0742001947,155724.458250918,288899.934740122,1.74898276203673,3.05894070190162,5.77956756209846,1.71573956472631,-0.0144508345427496,-1.49394392776354,19081.5932405635,157042.551485633,293767.290506739
1.73482005103909,3.00960060948729,5.8229608115815,1.69634372780746,0.0111316077107886,-1.49715073027668,18055.6562859802,155635.497437648,289683.434774492,1.74679481983152,3.05129214259025,5.98344695649497,1.72128122067762,-0.0040171090562649,-1.49702592288678,19446.661337246,156642.154035044,293360.579615454
1.75156644981387,3.06798502811357,5.94487517917671,1.70009293430679,0.0082127960825488,-1.49880846003764,17706.284836321,150978.964141315,294734.88188779,1.76239132135827,3.10602316959896,5.88219604103454,1.72612983552255,-0.0167124235836251,-1.4904216329303,19580.3648930659,151860.21778611,298309.95681063
1.7281168507737,2.98638784992801,5.79609832380628,1.7181727871894,-0.0114180153936897,-1.49492645862927,17898.6464224976,152623.91826322,286668.469914497,1.73825739289885,3.02153876396751,5.70380157093759,1.67913685424171,-0.0111946611456787,-1.49731055329933,19475.7782076492,153505.44883544,290121.768719097
1.72674416179992,2.9816454003101,5.83398131938671,1.69494409324554,0.0074663132775971,-1.49916548413,17536.0868689042,154213.316344397,286325.073199562,1.73875535851241,3.02327019675563,5.75546020127454,1.70140458412952,-0.021329150750938,-1.48679968820318,19710.2002506461,155232.3933985,290166.927067812
1.7324843972509,3.00150218671782,5.85671111673497,1.70651487526228,0.0079144654359,-1.49950879853133,17548.971220092,155012.788727797,287695.519731033,1.74387156016701,3.04108801835932,5.83604766460019,1.73502855639403,-0.0199641716671121,-1.48784714363994,19714.180720309,155939.165093271,291140.58329297
1.70159074664909,2.89541106908181,5.77750121688498,1.72753132198391,-0.0127847234069787,-1.49547807023058,17877.9609293472,151230.795542337,278508.195304027,1.71161292848737,2.9296188169651,5.53987151733499,1.63352151407571,-0.0060012670194938,-1.49783678274158,19177.0638996801,152108.642219941,281667.158899782
1.70142971260214,2.8948630669254,5.77267974472019,1.72934525833908,-0.010304344455676,-1.49766266863176,17911.804908817,153090.286115927,277446.436544746,1.71292954383007,2.93412762212589,5.59910674678803,1.66543910153619,-0.0074551226528386,-1.49668651260164,19114.7849437276,154207.809082422,281547.293158093
1.70691179422148,2.91354787325239,5.87806335060758,1.74873860570542,-0.0078638607169269,-1.49930772237743,17425.2963263749,153152.988663085,280221.975883519,1.71712838031258,2.94852987447492,5.6273467980389,1.65805612952407,0.0114900100641073,-1.48828902193066,19434.1385964706,154121.428681887,283935.261184665
1.70185800755102,2.89632067786553,5.87668578713193,1.73091867254983,0.0095605972033374,-1.49705219866074,17670.1038204147,151833.419717196,277353.963929811,1.71012401224049,2.92452413724151,5.72102111438324,1.71911246834032,-0.0090024632083579,-1.49292808704359,19628.1966520675,152585.071131323,280194.620863323
1.73102323206515,2.99644142994929,5.88770629493715,1.70094476530104,0.0143047749180245,-1.4936726505852,17958.0366278416,156289.603109447,287628.870226853,1.74044455470602,3.02914724800585,5.8257159385328,1.72264288780199,-0.0071895097346669,-1.49915829584163,19528.2461565281,157137.242979354,290793.575560693
1.69957407972967,2.88855205248896,5.80918517682498,1.7172763357414,-0.0060971515813586,-1.50025376921502,17501.5637506409,153097.013041781,278123.092370749,1.71298907120813,2.93433155807848,5.54124908081064,1.63518179473886,0.0111085624467694,-1.48799568765214,19299.2744434225,154241.835791797,282259.477417387
1.73003204344912,2.99301087136074,5.81951690289237,1.70102524831416,-0.0105794526029267,-1.49516942345272,17778.3279621889,154450.16672356,287689.033034007,1.73950689457641,3.02588423627886,5.69071471791889,1.68989475288253,-0.0100304136327561,-1.49713942761582,19475.6831557693,155225.730310826,290599.538973307
1.73625571700123,3.01458391481945,5.86842040627802,1.7105414775113,-0.0100492448878412,-1.49668625869697,17569.1153307964,156473.639528731,289614.649805754,1.74456444953888,3.04350511859491,5.66729613883281,1.65539715147674,-0.0032150774241315,-1.49365236219761,19658.7379231044,157204.650594568,292349.330228082
1.74035131765523,3.02882270886429,5.86842040627802,1.70340833385983,-0.0112584110517753,-1.49525217043928,17686.1462358704,155537.635664845,290702.195759278,1.74861557322907,3.05765642293921,5.65214294060063,1.63475718754116,-0.0054325685762233,-1.49641368773319,19667.1100651277,156233.609251022,293399.83111949
1.75370780920335,3.07549108006081,5.94625274265236,1.69582655964851,0.0094540680448626,-1.49774696261588,17893.6493109897,151100.637326012,299832.811236808,1.76483078327887,3.11462769360871,5.84775695414323,1.72227252704061,-0.0200917047271661,-1.49027682232866,19970.9447765358,151963.153650004,303389.287039886
1.737600548447,3.0192556659633,5.93523223484714,1.70808784295572,-0.0069293242715735,-1.49869397509301,17484.499871868,155594.391305383,289702.968724265,1.74611228441848,3.04890810979713,5.67074004752194,1.64321132996015,0.0010807840684223,-1.48976662390896,19679.0218565017,156378.327095019,292647.26115317
1.73920290608849,3.02482674854665,5.83398131938671,1.68680722963885,-0.0046475169635522,-1.50081384661908,17511.3830230953,155980.829192881,290292.934192426,1.75186147850947,3.06901863988539,5.79816466901976,1.70106248812442,0.0037024948529243,-1.48754139936063,19523.1505492316,157153.803235899,294716.103672319
1.73545406757188,3.01180082065177,5.79747588728193,1.6835032519801,-0.0029997388439022,-1.50569233611865,17925.6983252507,152798.976881449,289107.184896302,1.75160590587982,3.06812324951308,5.87255309670497,1.75541748757975,-0.0019433950781004,-1.49248398729609,19112.5718880039,154232.813875517,294447.416982948
1.70501180288649,2.90706524798222,5.90217071143149,1.73718979218326,0.0064942513941095,-1.49877770077156,17440.3496512551,152883.071045018,278925.670099037,1.71551547278883,2.94299333737788,5.73686309435324,1.74548628463358,-0.0177006120165383,-1.48722837792904,19610.9571339514,153796.452716609,282307.685999826
1.70022503221295,2.89076516016353,5.91181365576106,1.76479085253931,0.006595287985977,-1.4992481321665,17512.4155069203,151413.157220222,277843.795843436,1.71080486887708,2.92685329937351,5.66316344840585,1.70210114594262,-0.0163768526481576,-1.48715734176778,19629.724369962,152403.905299188,281629.76345657
1.69763973789048,2.88198067966486,5.71000060657802,1.7162756491208,-0.0046394032284357,-1.50127544889622,18017.0452481029,151270.141150748,276312.082116297,1.71077065159995,2.92673622237572,5.69553619008368,1.74150621458453,-0.0089302046000321,-1.49417413054788,19112.0449699745,152521.547067506,280904.487537683
1.7091276011541,2.92111715702676,5.77681243514715,1.69113415560479,0.0017991993849757,-1.50340598119451,18026.2260198864,149817.675991928,280079.656905837,1.72419861301956,2.97286085713857,5.67556151968672,1.68157901560868,0.0021975787376134,-1.4934277654776,19146.5370930596,151178.549187289,285069.798807429
1.69674547513133,2.87894520737866,5.83673644633802,1.73690722267817,0.0098565130431838,-1.4977320418141,17642.5243108504,152241.483932932,276237.336837571,1.70583126934964,2.90986031949099,5.66660735709498,1.70687329984257,-0.0133188567470841,-1.4914755898923,19793.8390170703,153020.587625613,279136.447426174
1.6956493474747,2.87522670959138,5.8573998984728,1.73254955268279,-0.0106746060032403,-1.49608855954588,17696.3098991938,151697.944178156,276090.016799871,1.70444539791798,2.9051341144838,5.55020324340238,1.6527684888087,0.0009438903272253,-1.49523628479927,19641.8028465165,152414.137502057,278759.507415145
1.69481565810474,2.87240011495699,5.7279089317615,1.71898029278011,-0.0075072073581147,-1.49901594253287,18012.7982199075,152217.075913816,275447.041255767,1.70761906957923,2.91596288679062,5.64938781364933,1.72057576135491,-0.0096690919708549,-1.49578139400995,19227.0694538462,153373.790285808,279710.723064562
1.70061255721355,2.89208306975241,5.84224670024063,1.72391943096515,-0.010856171415059,-1.49525690509894,17753.1943165756,149670.607179479,277580.779579892,1.70933300122782,2.92181930908649,5.57775451291542,1.66296754952556,-0.001433509997074,-1.49684783593641,19648.1823429722,150400.203327046,280391.595187311
1.69240172731599,2.86422360662214,5.67625030142455,1.68688017033708,-0.001579504304835,-1.50533384840596,17979.1705179034,151762.597636595,274872.399981434,1.70868732348124,2.91961236942547,5.6170150719715,1.70273999404055,0.001539249823643,-1.49240411299847,19029.1184038672,153205.022972354,280116.832103281
1.69760995584937,2.88187956219889,5.80367492292237,1.74315295926118,-0.0044931568880366,-1.50259495897704,19195.0163068948,165720.061554357,299561.597526685,1.71223202714995,2.93173851479804,5.63492339715498,1.68457766848256,0.0056596950302896,-1.49059560461346,20854.1344710815,167198.291281426,305015.556526199
1.71316380426732,2.93493022025168,5.82089446636802,1.69913471037626,0.0069853420994069,-1.49861324630667,18005.369708865,143662.079776573,282698.663880225,1.72515967042567,2.97617588846319,5.71137817005367,1.68847326138302,0.0033222279219845,-1.49493103558073,19413.0226147341,144729.689496659,286742.979435736
1.70125430631717,2.89426621476271,5.7306640587128,1.69760207959683,0.0061250699406145,-1.50210142961442,17685.6537569279,151604.605673927,277718.400525043,1.71563611485809,2.94340727860537,5.60117309200151,1.69981095573692,-0.0132997107461667,-1.49088810669208,19193.4004249378,152912.284663933,282490.851127988
1.70157853819318,2.89536952163963,5.84706817240541,1.74056774380454,-0.009654720689799,-1.49655371929515,17741.1006868229,150430.697718121,277733.658663862,1.71051159711013,2.92584992384826,5.50543243044368,1.6380349810114,-0.0007529628781072,-1.49460258429469,19584.7076619229,151147.619431646,280449.19309569
1.70497237589711,2.90693080257223,5.83467010112454,1.71456876307785,0.0121965131569683,-1.49666536156418,17995.0228295994,152238.240201131,279136.417667592,1.71556519631503,2.94316394280741,5.68107177358933,1.69418257404254,-0.002184299299763,-1.49696220098957,19477.5201366641,153143.427914603,282466.672802985
1.70372957563303,2.90269446688672,5.74306212999367,1.6965784745079,0.0071327539827755,-1.50072284027281,18027.6710839724,152967.561246178,278405.766374617,1.71664349945283,2.94686490421365,5.60186187373933,1.67077481754964,-0.0003566923421284,-1.4951218587891,19176.1657282939,154193.156894075,282969.450314006
1.70516032520715,2.90757173466055,5.89666045752888,1.75173163182729,-0.0081443391598377,-1.49712615037127,17561.9044747831,154137.338322811,279338.119998227,1.7142298619448,2.9385840195833,5.54262664428629,1.64359901314646,0.0022383003181733,-1.49266121321682,19601.1998518534,154912.138574757,282159.016524355
1.69967828730849,2.88890628034792,5.89046142188845,1.74227427598908,0.0111634864925303,-1.49701318436743,17637.7338338639,152139.916038335,277505.709751174,1.70960770486618,2.9227585045378,5.67005126578411,1.69715358844498,-0.0121529954652251,-1.4922759823599,19671.9088074951,152924.224130758,280464.04793203
1.69927805447284,2.887545906413,5.87806335060758,1.73721180693487,0.009740974341133,-1.49733186946791,17627.0949111414,152526.312954865,276857.785653406,1.70901952126533,2.92074772406598,5.70173522572411,1.71670458467884,-0.013056871068482,-1.49135420911091,19745.8949866455,153309.181395902,279767.511882741
1.70261683168927,2.89890407555162,5.87393066018062,1.74296921096809,-0.00972546591253,-1.49592376696687,17687.8798995046,152702.236159215,278419.497950929,1.71135974229388,2.92875216754418,5.59910674678803,1.6552168421317,-0.0006148390278542,-1.49536188371443,19585.6340733603,153396.888264239,280983.453695095
1.70652683241397,2.91223382974886,5.78783294295237,1.70089585682384,0.0128952797287496,-1.49541449673573,18006.940820009,153277.95669829,279970.377447883,1.71667529099839,2.94697405472442,5.71275573352933,1.71469282449202,-0.0024818081830848,-1.49733239503526,19556.4242174225,154141.688983571,283132.974772689
1.74931442869268,3.06010097043239,5.92214538182845,1.70799077130464,0.0111200305847962,-1.49749199667686,17875.0797553379,155356.5801551,293683.46918591,1.76025247993207,3.09848879310701,6.43735412172234,1.85297953315751,-0.0110417849342303,-1.49007990950671,21310.8132940219,156246.348775576,297288.2744117
1.75632571046972,3.08468000125697,5.98895721039758,1.70576250412102,0.0114440025311314,-1.49733338145148,17756.4398561243,153678.747271475,296397.789682703,1.76703100169903,3.12239856096549,6.29753142894365,1.85628333609374,-0.0125111923787131,-1.48933215133956,21348.7383052883,154587.296887734,300255.940889964
1.74886953178104,3.05854463919204,5.99171233734888,1.72411474802954,0.0133080356334165,-1.49550070484466,18027.4610055423,155126.622353824,293215.671515136,1.75991670014857,3.09730679146182,6.50141082334016,1.96973462149038,-0.0025809417213818,-1.49387119646611,21260.5515130493,156022.621622292,296710.666729596
1.74651651515586,3.05031993771216,6.00824309905671,1.74013568972707,0.0130363208327715,-1.49626653361861,18140.087151403,155923.906672512,292579.803367194,1.75812163214848,3.09099167342842,6.54824798151234,2.03094759725028,-0.000536464536456,-1.49505674931796,21284.8737737754,156942.284467976,296535.947345041
1.75434538516048,3.07772773043388,5.91250243749889,1.68830912852113,0.0077651245761065,-1.50032994849189,17690.7121700105,157036.862007264,295123.341507123,1.76873582416435,3.12842641568236,6.24311767165539,1.85822683493181,-0.01643609081431,-1.48575119537479,21059.0270634144,158256.107878538,299797.272044531
1.74518653377286,3.04567603766213,6.00479919036758,1.73194695035273,0.013385613242449,-1.49485903593432,18148.8291692195,156777.185046295,292323.816953045,1.75616862058033,3.08412822391104,6.53309478328016,1.9380415899061,-0.0019355444562575,-1.49579355387522,21283.2578918184,157663.101268865,295789.743925443
1.74902320515865,3.05908217218343,5.89734923926671,1.70039220759365,-0.010723504765935,-1.49626385253922,17818.0224537398,156918.762319259,293858.436769438,1.75838343032721,3.09191228804929,6.07643249110149,1.80337312927026,0.002327129105212,-1.49289094309683,21370.7614125736,157712.379805203,296969.0794564
1.74588038721949,3.04809832647767,5.9896459921354,1.74807256201999,-0.0082289858106582,-1.49612582104342,18136.009563515,155023.505333094,293119.28145203,1.7585459976873,3.09248402598202,6.18663756915366,1.89615022796226,-0.0098792303704231,-1.49501457378489,21087.3814524337,156091.773267973,297233.274982378
1.74292644657021,3.03779259815387,6.01788604338627,1.74189481370921,0.0114932763997369,-1.49736250838111,18184.1485191717,155522.232740602,291610.990757287,1.75641267399344,3.08498548136478,6.216943965618,1.78782443576486,0.0012179660325804,-1.49498855573793,21123.6106830616,156667.183019469,296095.884301268
1.75251851003912,3.07132112802973,6.06334563808279,1.74784693378187,0.0003528337372557,-1.50268249221112,18109.8089949899,153811.577083246,295214.952095795,1.76867171655149,3.12819964092918,6.10605010582801,1.77071635502857,0.0053176053939614,-1.49092227905118,20883.0750133598,155267.747370374,300840.582315435
1.74382949774405,3.04094131720227,5.96691619478714,1.71280157934958,-0.0042500192160368,-1.50169138357837,17749.7276780892,154501.132051234,292312.814073475,1.7598965838648,3.09723598589898,6.16390777180539,1.85693267075628,0.0079709155277105,-1.48782913609155,21051.6199046058,155906.350741467,297744.582965017
1.74381694378779,3.04089753344141,5.87117553322932,1.69225834617368,-0.0065600873659514,-1.49932161850068,17711.6800636734,154113.204206718,292220.35386906,1.75498258555951,3.07996387561716,6.27686797680887,1.8249460804022,0.0082996340713669,-1.4866636232595,21320.0539898166,155117.537709699,296376.453267644
1.73633574238416,3.01486181028077,5.97931426606801,1.74456823764919,0.0077935934945471,-1.50066471247637,18306.0174271722,156592.112830291,288999.412182404,1.75079755651938,3.06529208391422,6.4628390460219,1.8729106952727,0.0022390642113193,-1.49296494204808,20987.5597590793,157909.005021677,294032.200078644
1.74600295172345,3.048526307427,5.92696685399323,1.70172164664233,0.012654991670926,-1.49614867943305,17964.8920724782,155699.169285633,292696.495013839,1.75548455364404,3.08172601808282,6.57511046928755,2.00748284133907,-0.0099179578973604,-1.49237977351238,21351.2702669566,156499.211687794,295865.329126208
1.73151919347073,2.99815871735751,5.89321654883975,1.73621082969758,9.29571657670791e-06,-1.50376664545877,18100.9058022467,155910.893653921,287959.560973208,1.74819458204053,3.05618429667586,6.0557690389667,1.83001907493042,-0.0086503669027489,-1.49130246859267,20838.9592318337,157398.021167063,293543.374347572
1.75095822056267,3.06585469015601,5.96140594088453,1.70854278271337,0.0106413781785108,-1.4978575778907,17813.0081226885,156385.241490115,294698.177191343,1.76146430365787,3.10275649306089,6.37329742010452,1.93506753852548,-0.0149422293724778,-1.48779986398962,21427.51289508,157296.168822607,298344.75188605
1.73608286575668,3.01398371677394,5.98344695649497,1.73638915873871,0.0133772694847035,-1.49582703521587,18183.283409309,155198.880657237,289822.401736516,1.74879601510782,3.05828750245697,6.40291503483104,1.97245947618103,0.0017203123495776,-1.4953309504686,21170.6599860091,156231.17781506,293757.18020416
1.73884714386742,3.02358938973589,5.93523223484714,1.72829710147531,-0.0110147211296394,-1.49447977233909,18004.014186405,156242.547467486,289945.628953266,1.74849260011456,3.05722637265538,6.00135528167845,1.75690519537896,-0.0031905734245192,-1.49524425471973,21228.5045651334,157074.737532635,293172.119791162
1.74980614595592,3.0618215484251,6.06334563808279,1.75828754367992,0.0135031135381449,-1.49470200852046,18117.0914843039,153446.060027969,294368.735841818,1.761255950064,3.10202252163585,6.18939269610496,1.80230719261144,0.0012674717628287,-1.49588530045241,21221.5995282117,154365.311834333,298040.143029178
1.74479792978552,3.04431981578383,5.97311523042758,1.72598576581585,0.0049299267875197,-1.50237861968665,18128.1615843942,156689.146811779,292580.12655841,1.76012363584149,3.09803521344785,6.12258086753583,1.79966343307537,0.0022080197551139,-1.49257407605234,20926.6445909677,158052.694082986,297731.295587363
1.7711691565683,3.13704018117887,6.04957000332627,1.74029600199713,-0.0089588376286139,-1.49527908086917,19096.8284038225,161291.848350009,303626.00416354,1.76609555460621,3.11909350799981,5.76028167343932,1.68622385037849,-0.0059586591029129,-1.49604592369117,20678.8436514952,160813.793252503,301718.849111289
1.77704761165021,3.15789821407172,6.00617675384323,1.72202968521148,-0.0136522096148862,-1.49253308779831,18438.5844931246,159799.625775372,303151.080481494,1.77413438127,3.14755280280427,5.76579192734193,1.65433769157115,-0.0024946333694734,-1.49795670200907,20904.3735222568,159549.560474587,302177.771579093
1.76999002115448,3.13286467498644,6.00411040862975,1.69879695303928,-0.006487124758164,-1.49845978315829,17999.3270266791,158243.874125099,300841.295190833,1.77608617354067,3.15448209584235,5.79265441511715,1.65799219597491,0.0130184475931244,-1.4881449290719,20933.4359789026,158739.693299713,302792.072465341
1.77517411716163,3.15124314624058,5.97793670259236,1.73301526793478,-0.0063635447782053,-1.49786699228991,18657.8512715442,159009.795674054,302495.035242582,1.77011614842798,3.13331117892552,5.84086913676497,1.7301548809967,-0.0062480376881959,-1.49488932436436,20478.0672188276,158541.968126064,300645.078362509
1.7745640121881,3.14907743335312,5.97311523042758,1.70396923967747,0.0031088380897965,-1.49944276432971,18748.484616516,149722.476162104,303004.217816559,1.76957945330032,3.13141144154265,5.78094512557411,1.66110396098668,0.0049203865290603,-1.49474233717842,20584.5611408764,149247.224424237,301135.922415084
1.77532334268623,3.15177297108662,5.9710488852141,1.68832348136799,0.0123612297024868,-1.49421556061941,18552.5578960645,159454.104444292,302541.976136614,1.77460771036803,3.14923252569766,5.87255309670497,1.71497256831219,-0.0010430876142358,-1.49644478432409,21127.5959741967,159403.489650652,302360.860237381
1.77382672416704,3.14646124736916,5.95107421481714,1.70412887801643,0.0009020848423306,-1.50149357652366,18649.6905855144,157172.73911074,303753.188936691,1.77007164155641,3.13315361624219,5.75270507432324,1.67965003182894,-0.0074095498119909,-1.49432922370086,20453.2373259607,156844.179796516,302526.625903365
1.7708962665064,3.13607358672631,5.98482451997062,1.71800392949671,0.0044713545071154,-1.50129167577905,18384.941482601,160021.898378014,301216.377291062,1.77146545026798,3.13808984149313,5.79058806990367,1.69941157655971,-0.0082350156843003,-1.49396395357344,20391.718096265,160048.37853987,301287.808087399
1.77447467007897,3.14876035475186,5.96347228609801,1.72647886545347,-0.0048839639777712,-1.49904551253593,18604.4307375219,160200.921006294,302220.643291897,1.76918070870836,3.13000038006582,5.75821532822585,1.68333255626181,-0.0055039161120764,-1.49477186543921,20426.9513485001,159704.151015438,300337.057039116
1.76995077311067,3.13272573923508,5.97724792085453,1.70088324207622,-0.0065983314379829,-1.49864488121074,18154.1197017477,160060.274928414,300766.711870253,1.77529165341694,3.15166045469184,5.7940319785928,1.66127647060709,0.0131909475339189,-1.48842832943477,20860.7378216021,160553.182040347,302672.300709284
1.76879246872107,3.12862679740439,5.96209472262236,1.69229082946238,-0.0069144134508318,-1.49991913608616,18241.1548509211,158062.75213326,300205.441273976,1.77189124618383,3.1395985883029,5.75063872910976,1.66699835224414,0.0109511799044878,-1.49211781898925,20525.9830092012,158386.374162618,301535.803370826
1.7684665889073,3.1274740760814,5.94074248874975,1.68993211707849,-0.0044224917573516,-1.50020121025018,18492.6269970562,139333.509256423,301221.879480932,1.77094588732933,3.13624933584866,6.0371719320454,1.8206607289061,0.0101261524403916,-1.49149503907009,20708.1210080432,139492.014233223,302385.048022137
1.7756586197967,3.15296353405833,5.9896459921354,1.70247562222726,0.0125565919206223,-1.49271502062683,18503.6054891754,159696.460759803,302857.819086502,1.77326360341035,3.14446380717985,5.84018035502715,1.70241954296152,0.0019960012184604,-1.49809422297906,20955.7869462951,159458.612442577,301953.054767496
1.77402987941407,3.14718201305391,6.0054879721054,1.71481967051376,0.0119362066304751,-1.49372520922457,18701.6515910343,159864.18739411,302961.806637882,1.77367077663167,3.14590802387719,5.8601550254241,1.7150470207104,-0.0017023489756574,-1.49660611593577,21210.9929782309,159816.074813775,302770.15057477
1.76917356725693,3.1299751110806,5.96140594088453,1.68635976092334,-0.00660281591488,-1.4995486369303,18376.5672742325,157379.979943933,300342.38230101,1.77304861127177,3.14370137793275,5.76579192734193,1.66822378645341,0.0103316586853473,-1.49148283648878,20675.7778839802,157774.735204111,301789.220546036
1.77401863818597,3.14714212863119,6.01375335295931,1.69977149158178,0.0096667924433301,-1.49510033809764,18433.3621499885,147938.199786162,302776.448674758,1.7770875634845,3.15804020829129,5.90974731054758,1.7393715228519,-0.0051916081179753,-1.49440796931977,21242.7995413203,148178.981295961,303850.973100793
1.77645421035081,3.15578956147313,5.97931426606801,1.71118155787522,-0.0028706166187771,-1.50024066613079,18660.6842308319,160369.854685243,302972.804376563,1.77136837369501,3.1377459153269,5.76303680039063,1.67842857465565,-0.0055819443569615,-1.49458755287002,20413.5373241559,159936.007388302,301330.109299768
1.77741118845217,3.15919053283496,6.02546264250236,1.71998040121281,0.0060692130659111,-1.49763737355813,18775.6501682559,159139.961436527,303184.810628627,1.7713702373893,3.13775251790864,5.98344695649497,1.79276183672106,0.0046093824474498,-1.49509223406853,20561.2679200666,158594.553722017,301061.170767118
1.77204256002183,3.14013483452873,5.96071715914671,1.70207880711884,-0.0054886007518316,-1.50152696532305,18461.0229357978,158162.929585519,301332.028873572,1.7731965498957,3.14422600456203,5.97518157564106,1.72552725698563,0.0089467538864412,-1.49346759930711,20463.71645132,158292.734938065,301851.904615621
1.77676676397193,3.1569001335553,5.99102355561105,1.70939884353902,0.0114057590025082,-1.49359146782274,18635.7737505017,160019.860477794,303078.872926942,1.77221765902617,3.1407554309642,5.89459411231541,1.73711237794558,0.0047035555925749,-1.4971777852698,20851.164444228,159592.860375663,301426.029051969
1.73557093123125,3.01220645733489,5.7754348716715,1.67993457270837,0.0038753706738573,-1.50327124274745,18488.9351269415,156693.99295523,289361.682676809,1.75271499413223,3.07200985065594,6.14324431967061,1.83880346428492,0.001304825472069,-1.49208099034115,21244.4223110946,158208.027009818,295050.794037923
1.73605544896922,3.01388852189572,5.82089446636802,1.70744497394032,0.0015354522826814,-1.5039063369642,18556.4178289232,155272.022996528,289474.202172724,1.75352475971843,3.07484908294558,6.79414306191624,2.00793522225469,-0.0092272484862695,-1.49171523336747,21291.5432473427,156784.63856359,295171.776565587
1.73954944390786,3.02603226780013,5.85051208109454,1.70590058287365,-0.0105240197952104,-1.49471815015878,18518.1181203914,156444.327228971,291273.476570699,1.75109350767331,3.06632847261561,6.55238067193929,1.87815169050196,-0.0046564666770846,-1.49514455318718,21760.9135625843,157369.810348196,294827.664751273
1.73852087154483,3.02245482079699,5.93178832615801,1.70769101860612,0.0130456243841199,-1.49514473024709,18656.8063896479,155859.396681532,290133.451639329,1.75138732943276,3.0673575776976,6.60472808401407,1.99409256753066,0.0015936784396351,-1.49548503124316,21733.0895355031,157009.713369545,294587.23394263
1.73217370780824,3.00042575402215,5.8415579185028,1.7041043191832,-0.0041623099404872,-1.49979919523796,18203.423387323,156317.18588561,288240.173711838,1.74725158086498,3.05288808683516,6.12877990317627,1.83812114219685,0.0100387712795957,-1.48538018869936,21781.9551558932,157696.777331076,293605.135544774
1.73809997099455,3.02099150917126,5.83811400981367,1.69462432240929,0.0072850092253297,-1.49997840417186,18356.047777481,155857.815283576,290093.884133239,1.75384391989151,3.07596849534043,6.53033965632886,1.96039336613453,-0.0154163990096936,-1.48582559416418,21764.4277270107,157251.937276657,295482.070129189
1.73799261532943,3.02061833093965,5.87186431496715,1.69501792422132,0.0100648847393473,-1.4971646265376,18351.3730158263,155609.48720346,290219.380425179,1.74925993172435,3.05991030873628,6.21901031083148,1.84048187690071,-0.00995368684203,-1.48942065165817,21922.9515327531,156549.031606895,293798.371457584
1.73951251882834,3.02590380316052,5.78163390731193,1.67072068241216,-0.0049920470204179,-1.50136561570611,18369.315091315,155380.773021222,290585.778454109,1.75678982650318,3.08631049450508,6.68807067429103,1.95644534607452,0.0084324589305505,-1.48774455262131,21640.2452011528,156847.105004477,296187.158148733
1.73332517830723,3.00441617375378,5.86566527932671,1.70761368521094,-0.0060769427439574,-1.49815627318296,18284.2119749161,154693.868125363,288632.347306653,1.74462704379299,3.04372352193386,6.46903808166234,1.89052908040817,0.0069513220663585,-1.48762583610495,21943.7782261597,155660.939531586,292396.337482378
1.73060407351689,2.99499045927326,5.8388027915515,1.69584391035101,-0.0040074108595783,-1.50356335967599,18524.2792730363,154936.366128971,287434.412659577,1.74863447402366,3.057722523744,6.34230224190235,1.86258199998437,0.0054148170355572,-1.48929616400504,21490.5729295232,156570.900942782,293682.378673866
1.73346582271295,3.0049037585139,5.84637939066758,1.69516610700149,0.0083779762080635,-1.49893446801072,18289.0224265731,156276.335022476,288952.465557856,1.74671742123467,3.0510217496447,6.11018279625496,1.82749264262261,-0.0126701106426159,-1.4872723665324,21819.9090959926,157431.621468775,293475.174101412
1.74375786487363,3.04069149130863,5.89459411231541,1.70473534117809,-0.0107654286134286,-1.49540930065473,18325.2943616688,156187.859408877,291837.303534128,1.75314873595696,3.07353049038748,6.03372802335627,1.79130465120798,-0.0006972437102631,-1.49420922165776,21826.7734947918,157032.875626744,295139.988713847
1.73227263744596,3.00076849044397,5.85602233499715,1.72158629950333,0.0031695909965,-1.50174540929907,18879.266360204,159408.855757743,295187.799816768,1.74846627841545,3.05713432675599,6.5103649859319,1.9844367448241,-0.0107242490870795,-1.48894195266098,22065.8634116259,160978.281364672,301150.974279921
1.74101154376531,3.03112119552405,5.86566527932671,1.70350009038168,-0.0065164368039363,-1.49857633166703,18157.526416223,157231.371942938,291297.534864041,1.75238893091631,3.070866965198,6.28444457592496,1.91599633564353,0.0064404982422404,-1.4877181988055,21822.4892723825,158235.734772296,295162.22886061
1.7294789852037,2.99109756026121,5.85051208109454,1.69823008417456,-0.0038626646186163,-1.5024682005655,18275.6077134472,155166.406062426,286883.362687131,1.74756445230617,3.05398151496417,6.46559417297321,1.98793752602207,0.0064760844065726,-1.48814109937396,21457.5589320475,156730.136292449,292733.575147834
1.73181941316764,2.9991984798243,5.88012969582106,1.70102847964489,0.0094720575335064,-1.49893258578328,18600.7409337523,153952.469709914,288115.491050141,1.74740707297785,3.05343147869301,6.92156768341406,2.11600117886177,0.0023183699803226,-1.49357362806477,21571.6687137714,155253.679055188,293121.34994354
1.7401688739033,3.02818770970188,5.84982329935671,1.68278207152197,0.0138056000991901,-1.49434279305154,18481.4584011774,156726.8641593,290785.57705905,1.75089951264168,3.06564910336889,6.41118041568495,1.83520451953665,-0.004770860283743,-1.49532875177204,21850.8498604375,157659.626115236,294471.019725593
1.7394629007302,3.02573118301671,5.88701751319932,1.69682954935624,0.0138977065161966,-1.49491529823969,18403.3567511435,153639.32354677,290898.419881415,1.75083113696335,3.06540967016036,6.38294036443408,1.83372779937056,-0.0055921192848463,-1.49443377545861,21883.2832149082,154508.672545969,294436.281428903
1.73687831154923,3.01674626913012,5.85602233499715,1.7129775948444,-0.0106488892703662,-1.49448137138703,18515.7500887768,155227.962433329,289517.659737491,1.74831173963438,3.05659393894339,6.0530139120154,1.82556448861144,-0.0052820407482982,-1.49625770966131,21735.8150448397,156218.303846224,293408.05860889
1.73495776370464,3.01007844183901,5.79540954206845,1.67447322979572,0.0072567445864906,-1.50177369057779,18329.5675635702,156296.54309568,289119.718929911,1.75166925593735,3.0683451821961,6.35401153144539,1.9700605602967,-0.0131235654546472,-1.48757073225367,21581.6946207472,157798.543845936,294892.991211076
1.78386120146828,3.18216078610386,6.15013213704887,1.73739311530973,0.0027815406645782,-1.50260130110808,18850.666764886,160794.578986321,305504.936994059,1.80052136016224,3.24187716840047,6.28168944897365,1.79249999473171,-0.0105571918545318,-1.48961832461065,21542.0393897553,162351.69645533,311591.336500517
1.784368131385,3.1839696283024,6.16115264485409,1.72701428901438,0.005531645145189,-1.4992194843539,18599.6781435309,159229.978396723,305779.580327098,1.79877790942275,3.23560196742728,6.81136260536189,2.08486044651984,-0.0156178805033522,-1.4855797493477,21859.6559349556,160452.592781011,310580.044749078
1.78514089210089,3.18672800465075,6.1666628987567,1.75152883035274,0.0121446538240682,-1.4934978177009,19023.7954985973,159480.602982973,305644.984608022,1.79615433942059,3.22617041101941,6.2617147785767,1.78786202249971,0.0002196484571773,-1.49643158028249,21970.1454798655,160490.730723622,309568.70906747
1.78187559901602,3.17508065036869,6.18319366046453,1.77800514297906,-0.01399523066116,-1.49411716739521,18931.5779556284,157846.3434732,304831.144209069,1.79374343294362,3.21751550322835,6.216943965618,1.8147488388231,-0.0050721049653296,-1.49702732637247,21667.294348779,158843.068643807,308750.589161829
1.77111046923866,3.13683229424678,6.14393310140844,1.7553879957325,-0.0059890844921808,-1.50466223318699,19013.0546361776,155031.365339531,300852.018428214,1.78925186014232,3.20142221902274,6.12326964927366,1.75485745750239,0.0054877038012984,-1.4913787154151,21405.659916884,156631.658057077,307128.813138499
1.77334507265733,3.14475274671805,6.1983468586967,1.75075238907271,-0.0069730026337695,-1.49986572669589,18636.5293440681,158330.30044937,301891.965461094,1.78693694453807,3.19314364375504,6.185260005678,1.77962338813668,0.0121111310861819,-1.48551464829621,21785.3873552927,159528.076730866,306597.363825598
1.77390612901715,3.14674295456463,6.19214782305626,1.74993382946855,0.0061245772144876,-1.49832847133288,18848.2884015453,157365.023800312,301853.008749271,1.78558793227435,3.18832426388378,6.81136260536189,2.00316494647636,-0.0134876884698017,-1.48662324734064,22015.4721396866,158276.449801973,305470.693021671
1.7796867462383,3.16728491473627,6.19972442217235,1.75142990378612,0.00773367650893,-1.49742661173997,18902.067790853,157298.740121254,304283.236171944,1.79007564280789,3.20437080697408,6.3147509723893,1.82751569728924,-0.0118814840020847,-1.48840681819285,22067.4937579994,158205.130936353,307891.354808367
1.77139211061324,3.13783000954284,6.13704528403018,1.75726482797054,0.0012768370520302,-1.50224755439107,19557.7583876487,149722.063345617,302547.235476602,1.78860862034412,3.19912079676928,6.24793914382017,1.80381710577402,0.0059460877088047,-1.49255330305523,21662.5052493559,151195.102096047,308524.869913519
1.77495668778999,3.1504712435304,6.14668822835974,1.74280549631668,-0.0069801862855256,-1.50195258255561,18982.4506860025,157834.695934095,302504.257878244,1.79132474225729,3.20884433222314,6.6212588457219,1.91503553479228,0.0094104584552053,-1.48832751505744,21601.0817603218,159332.199291689,308414.521528812
1.77413910037425,3.14756954747676,6.1825048787267,1.78808334258676,-0.015289448585324,-1.49346946805514,19153.645320594,159878.821168423,301964.594135046,1.78330475449759,3.1801758474137,6.10536132409018,1.78957727254006,-0.0015914906512284,-1.49637850645375,21861.8083778863,160707.299979627,305115.850281438
1.78600928611932,3.18982917010444,6.20936736650192,1.7394869516859,0.005274558975543,-1.49944765697933,18774.8084769723,159512.306610433,306013.460694764,1.79968905823791,3.23888070634127,6.9808029128671,2.04943714848571,-0.0141935069652719,-1.48598129662974,21970.5752796699,160651.372464914,310443.487506357
1.77190324150801,3.13964109726658,6.16184142659192,1.75398009226608,-0.0105883599602819,-1.49806767490384,18885.7002704171,157294.588684527,301421.792515306,1.7819392624841,3.17530753518236,6.20867858476409,1.81354967207325,0.0084926199252593,-1.48937588880943,21949.2988117884,158134.891675032,304711.000201824
1.78171746779849,3.17451713505825,6.12740233970061,1.74840686811951,0.0003889425029777,-1.50418926972293,19204.3072837563,158976.339537084,305372.1666925,1.79936203022362,3.23770371581047,6.34436858711582,1.84551162210012,-0.0073175617878171,-1.49122263770491,21475.5843501264,160562.776177553,311509.772418457
1.78114192756832,3.17246656614181,6.20867858476409,1.77680152055504,-0.0131660221112161,-1.49577527085927,18873.8105200587,158097.934478755,305317.331077822,1.7908136229443,3.20701343212289,6.30992950022452,1.85454082955542,0.0030669352274932,-1.49378831519129,22031.9140485502,158924.999308844,308586.328671459
1.78183362746834,3.174931075977,6.20523467607496,1.74806579981492,-0.0078308237264837,-1.49990506805405,18569.6823876303,160688.666021977,305076.301583982,1.79499515590203,3.22200760971176,6.46697173644886,1.91732028573089,0.0123792388654458,-1.48501500224079,21766.4451687208,161835.355951501,309546.585452892
1.78298052398065,3.1790195488943,6.15633117268931,1.73524876409759,-0.0069650408873039,-1.50424831568421,18880.9690286599,159366.012728841,305211.573573163,1.80122620866224,3.24441585477175,6.56340117974451,1.82923877190756,0.0062254802640358,-1.49006803625465,21330.4979873072,161040.808235374,311679.152967877
1.77098505782398,3.13638807503581,6.11018279625496,1.72648249326032,-0.0074544586253479,-1.50182216576765,18705.1967506389,157754.619170571,301226.668267067,1.78746538423476,3.19503249983751,6.31957244455409,1.85383371147442,0.0096633066917707,-1.4878216801076,21484.7816526716,159239.558679176,307005.870995394
1.77127528867156,3.13741614825852,6.15977508137844,1.76889444137665,0.0106662715859881,-1.49466736525822,18909.3461474766,158143.475547548,302403.237591852,1.78222734695585,3.1763343162373,6.71424438032842,1.96878362400678,-0.0039074256881679,-1.49420208375166,22080.7548727977,159058.209272101,305995.928573674
1.77775019499876,3.16039575581812,6.153576045738,1.73575144373269,0.0103035235004194,-1.49582034133831,18779.5631373085,160291.691491328,303389.666706374,1.78828816868242,3.19797457424954,6.31681731760278,1.83687280319759,-0.0059078722037711,-1.49359514879517,21946.3473820418,161189.953116985,306863.16796854
1.75071736152795,3.0650112799554,5.98826842865975,1.72881121368447,-0.0093595974609852,-1.49819997410686,17826.2644160147,154581.882736928,296892.922476912,1.76178176144112,3.10387497494659,6.17699462482409,1.7759582878852,0.0075718464103486,-1.48947680128496,21557.9151200305,155559.249334791,300814.022703463
1.73980876346598,3.02693453343304,5.98138061128149,1.73212929480289,0.0129948912398611,-1.49427323344551,18162.2858980314,157347.787648715,290816.392187633,1.75134659312302,3.0672148892436,6.29753142894365,1.91796532871588,0.0017354238851517,-1.49626995224721,21376.7579463831,158334.534905763,294550.767087806
1.73443372199182,3.0082603359824,6.00962066253236,1.74189090612162,0.0075918500907278,-1.49861552640068,18259.4213426083,156791.67222612,288941.01993721,1.74890861953446,3.05868135948192,6.24518401686887,1.88740985779309,0.0047211533145764,-1.49425541156805,21164.7578152976,158063.598718093,293748.45193184
1.73210175729448,3.00017649762262,5.93316588963367,1.71752770280146,-0.0064642386954385,-1.50358488255582,17958.4423202852,153811.602310883,288239.551189405,1.74889718041741,3.05864134767196,6.30855193674887,1.87173035632242,0.0093096590074623,-1.48889223442412,20971.6984932206,155325.899016022,294043.843524272
1.73660996966335,3.01581418673414,5.92972198094454,1.71131667085985,0.003424967160439,-1.50344888247317,17935.4886688722,155903.396488085,289407.699976141,1.75281572220471,3.07236295600802,6.20454589433713,1.83181347006621,-0.0090781695042706,-1.4894876290171,20869.9165270403,157459.885639595,295288.42722834
1.73303302127812,3.00340345284038,5.90905852880975,1.74599313823321,-0.0057485004439825,-1.50178743726312,18196.0341368396,156466.366802562,288392.131611802,1.74859042759088,3.05756848346247,6.13773406576801,1.80880664681453,-0.0060875201791624,-1.49257416808861,20974.2945115905,157852.923027616,293621.103460502
1.73412409165907,3.0071863652724,5.98000304780584,1.73356198183351,0.0125699701939789,-1.49536219273031,18157.7888420651,154226.894010067,288807.80197393,1.74611912109143,3.04893198504111,6.08194274500409,1.79010820465305,0.0008917626431789,-1.49545469045683,21401.7703664105,155197.75078445,292645.908680834
1.73470007893582,3.00918436385995,5.96071715914671,1.76187687123672,-0.0133231098883907,-1.49491254026721,18181.031781808,154263.81569318,288765.720547658,1.74678773492418,3.05126739088156,6.02477386076453,1.79685770511522,-0.0043981582884331,-1.49583487424334,21348.954582754,155332.324430799,292982.642220081
1.73278547791335,3.0025455124674,5.91250243749888,1.72565121440351,-0.0135683210988781,-1.49419685479071,18097.6058489408,154372.785967396,288209.388837409,1.74438407196954,3.04287579054102,6.05094756680192,1.76707137090129,-0.0029797573610211,-1.49598302296212,21377.0623879112,155357.381249061,292073.239031368
1.7319510136599,2.99965431371755,5.98895721039758,1.75367769997672,-0.0009375976292129,-1.50201219979784,18090.9122680126,154735.417040091,287993.082416448,1.74856214855752,3.05746958736808,6.12809112143844,1.76691352225499,-0.0074667535862054,-1.49189844094627,20908.1060304941,156245.130703068,293662.667876679
1.73372252387199,3.00579378978105,5.99653380951366,1.73077283650868,0.0104322409882414,-1.49690639253452,18129.8442781798,156457.600955728,288726.468839647,1.74663532273109,3.05073495061194,6.18043853351322,1.84213846835881,0.0011591027329597,-1.49405524638599,21321.6388765953,157534.419031672,292770.409804859
1.74163099839543,3.03327853457186,5.9896459921354,1.7202080252068,0.0024970871401473,-1.50336623468605,18248.6405308478,154457.577383121,291137.232125393,1.75902383194461,3.09416484134911,6.15495360921366,1.75818520031362,0.0041160751575396,-1.49194753620202,20943.9157930437,155945.129419203,296916.394607364
1.73592923967594,3.01345032516188,5.92214538182845,1.73453487434763,-0.0075472543996943,-1.49918882406932,17756.1850068813,155937.049976285,289329.227800815,1.74692941546876,3.05176238263003,6.05783538418018,1.80848450532521,0.0109200081657176,-1.48674646048776,21399.2700887022,156913.531650679,293054.427910223
1.73325399814699,3.00416942209252,6.05508025722888,1.75227527746905,0.0098540681664784,-1.49692845113795,18233.381260228,155309.856759531,288999.362558517,1.74705932675303,3.05221629119473,6.08883056238236,1.79480948330464,0.0036449376977323,-1.4949062714676,21275.2432275171,156478.94257094,293415.791452936
1.74054853154422,3.02950919066073,5.85671111673497,1.69612012919591,0.0059336821125751,-1.49936901456193,17724.9101832936,145769.003925339,290562.045376677,1.7530596813193,3.07321824626732,6.16046386311626,1.81687280145518,-0.0146953456338215,-1.48553128049684,21323.6136138377,146729.803124078,294542.503526055
1.73580670364096,3.0130249124049,5.90630340185845,1.70660685232117,0.0032142496097972,-1.50483653943443,17998.6196478344,153628.395383382,289388.351549514,1.75354043944214,3.07490407275894,6.41118041568495,1.89300164366731,-0.0069512011778968,-1.49052025812198,20869.6244835835,155196.996435885,295351.184635778
1.73775163326958,3.0197807389311,5.93385467137149,1.74673355735354,-0.0090331117123425,-1.49800199393918,18118.1625399062,156362.56853605,290392.980187641,1.75232526996965,3.07064385177422,6.03303924161844,1.81572262441304,-0.0062593334700601,-1.49440136808033,21147.8502899792,157631.942918918,295164.710002448
1.73790170287939,3.0203023288711,5.97311523042758,1.73312886010904,0.0050561197795348,-1.49997255595144,17748.0112339985,155701.675135962,289870.225867329,1.75054954599601,3.06442371298684,6.13773406576801,1.83542657245114,-0.0149652660225954,-1.4845975810138,21357.4706801605,156803.99725148,294136.239145279
1.73227693355585,3.00078337452967,6.00204406341627,1.74771575424703,-0.0064843154239018,-1.50431736895218,18058.2481716597,154790.002357724,287883.189850031,1.75010306152233,3.06286072594985,6.32577148019452,1.81793957117267,0.0076189562992249,-1.48997193596555,20886.1304491488,156355.731002649,293845.375537722
1.73613478735534,3.01416399986537,5.96898254000062,1.7558725810385,-0.0107131806395647,-1.49796430587202,18107.7956859702,150634.159327678,289686.118066911,1.74965147433609,3.06128028164645,6.05990172939366,1.83517892958471,-0.0033366370193372,-1.49434234978122,21190.0767431984,151843.258894759,294457.835872646
1.73355879285503,3.00522608828498,5.95865081393323,1.73933743941053,-0.0028699675271726,-1.5026280292254,17966.9033151527,145263.675030579,287668.926829637,1.75016613864108,3.06308151284582,6.06747832850975,1.7891282069011,0.009074406110928,-1.49006313406657,20902.2637837938,146690.062015172,293102.665627701
1.73787889815527,3.02022306465338,6.02477386076453,1.74671309865727,0.0128190992435974,-1.49475943895553,18095.9934108926,156258.277659387,289811.109587204,1.74869049021233,3.05791843055905,6.14462188314627,1.82246936078022,0.0012412274809649,-1.49557129982299,21451.1436189414,157166.957425134,293310.259345316
1.74364157627621,3.04028594651897,5.9207678183528,1.71192729855897,-0.0054536447315964,-1.50333325367598,17880.5121769041,154803.727868206,291733.372161184,1.76025657183183,3.09850319867713,6.13704528403018,1.81474677620431,0.0092073370469112,-1.4888207120852,20905.0499059234,156257.736958903,297296.505429393
1.74585106060362,3.0479959258108,5.92972198094454,1.714123332394,-0.0090958221464052,-1.49749492247386,17814.0137440257,156681.105992224,292579.479056575,1.75523240366403,3.08084079087222,6.13153503012757,1.82622170106118,0.008292958217075,-1.49071006264785,21460.0984703148,157467.130602432,295629.600721642
1.74752219156104,3.0538338099983,5.97173766695193,1.71214565218932,0.0094874259540242,-1.49875479042445,17814.8912519597,155763.841462048,293535.854482476,1.75865735313609,3.09287568573963,6.23760741775278,1.85414403924302,-0.0107455971043942,-1.48790661068592,21417.329945868,156700.032351839,297247.704675158
1.73987928131877,3.02717991356232,5.9421200522254,1.73732377211684,-0.0113198642936322,-1.49479310078067,17963.2555270691,153195.289718266,290700.658406246,1.75038584384117,3.06385060231955,6.04888122158844,1.80755434905694,0.0009161225231637,-1.49611933704393,21310.8856161044,154017.950443143,294089.630993555
1.73893914730154,3.02390935801781,5.90836974707193,1.70273368985758,0.0095527060202208,-1.49853590825103,17840.2583945821,152470.310547214,290097.008331798,1.74870781612424,3.057979026174,6.42082336001451,1.84524144554589,-0.009917588214988,-1.48829414424061,21404.1507960965,153301.599425334,293517.106898307
1.73079296050765,2.99564427214284,5.92834441746888,1.73886786635842,0.0057291965819704,-1.5009469593319,17809.8610789283,143327.966167864,287783.943471962,1.74579320006185,3.04779389738221,6.63641204395407,1.97558988498774,-0.0103642958064268,-1.48650603839695,21142.4536850633,144574.931209507,292767.834054667
1.73496960088451,3.01011951599334,5.97862548433019,1.74985448345663,-0.0025226502483669,-1.50446409514645,18053.762824983,145281.633058994,289832.014891933,1.75152336033291,3.06783408179189,6.03648315030757,1.78050784824237,0.0068962870999493,-1.49038892217683,20884.9781173014,146727.295153016,295456.013132455
1.72789111585343,2.98560770824522,6.03028411466714,1.75470369416483,-0.0045466657633069,-1.50249480080718,17851.1728299997,149069.041720429,287129.796584677,1.74297581487583,3.03796469124207,6.16184142659192,1.81187468062127,0.0108423804529812,-1.48742321120076,21000.7643937751,150475.069818831,292665.06674017
1.74594864827901,3.0483366824273,5.92627807225541,1.72711468570607,-0.012008743710551,-1.49516780626343,17927.4822699517,154978.753470263,292892.138826471,1.7554885311417,3.08173998297003,6.07781005457714,1.77245279666753,0.0032995769546941,-1.49449704880863,21388.7764989264,155777.602954326,295934.801021169
1.7544612153048,3.0781341560088,5.92972198094454,1.72859137512857,-0.0099168833704381,-1.4954936752568,19374.7938507213,162922.429218602,316682.618396272,1.76628274820002,3.11975474658901,6.0557690389667,1.80940327412134,-0.0054961581152546,-1.49604487340525,22766.8985765679,163978.73939362,320867.274303876
1.75579160271171,3.08280415215297,6.0344168050941,1.74152236791349,0.01029028464255,-1.49855332737982,17923.3550897786,131781.73619528,295117.612326915,1.76669017771072,3.12119418401954,6.35125640449408,1.80222919157802,-0.0058665425639128,-1.49050632455959,21350.212986989,132598.569436622,298575.172190682
1.73373044072002,3.00582124107924,5.86222137063758,1.70883618454931,-0.0086535905808421,-1.4981788757139,17773.7089918551,154829.105615238,288222.697640142,1.74347315807168,3.03969865291642,6.04750365811279,1.81733624394849,0.0098828269560253,-1.48999826770387,21447.8980793927,155679.713044311,291470.64623303
1.73591047938857,3.01338519245104,5.92972198094454,1.7264768067346,-0.0082630552616173,-1.49738172789382,17941.381885421,132069.652084817,287196.024165487,1.74671385164404,3.05100927952516,6.16804046223235,1.82706808823731,0.0057430009590918,-1.49112870348485,21434.9882432807,132755.309845402,291011.894916533
1.74811646922085,3.05591118996116,5.99102355561105,1.75058572098926,0.0151260885670422,-1.49438136167472,18066.6940133289,154842.465253668,293486.408469402,1.7581248466382,3.09100297636659,6.13773406576801,1.80910281222858,0.0008921958845358,-1.4970562904803,21450.0457008513,155702.939676241,296902.423543554
1.7357676381845,3.01288929376859,6.05094756680192,1.75819849444302,0.0120151447879584,-1.49652426500717,18069.7136324675,150096.754298572,289576.825308135,1.746278794927,3.0494896296117,6.18112731525105,1.83101688772844,-0.0038182816365559,-1.49185736338684,21522.8389100317,150911.751933969,293023.020739084
1.74110983884837,3.0314634709346,5.88219604103454,1.71055026943366,-0.0105778515263882,-1.49575832013546,18031.6253799292,150974.457268269,289859.894277979,1.75093947562322,3.06578904729571,6.30097533763278,1.80361504782484,0.0029112176236723,-1.49513230406762,21509.1700364445,151797.583373879,293291.425730782
1.7313594816507,2.99760565470179,5.91043609228541,1.72419664533155,-0.0057695405063463,-1.49985469638469,17749.5217323496,155398.30808491,287704.926618333,1.74334294256204,3.03924461538087,6.0846978719554,1.82819314228372,0.0132950738065836,-1.48542017127725,21338.8439556245,156429.605370327,291679.832406359
1.73292620543485,3.00303323348281,5.96553863131149,1.74970993412624,0.0046263026539351,-1.50244012898265,18235.3766609225,148838.32216163,287997.477243725,1.74908196459533,3.05928771887265,6.18319366046453,1.83423150651822,0.0060645863993137,-1.49260243324347,20930.4301353988,150210.776360308,293381.505176907
1.73960252235637,3.02621693578863,5.97242644868975,1.76073145183004,0.0005568576182921,-1.5008894756909,18163.6427980549,155877.378817302,290775.515621666,1.75527921359067,3.08100511766348,6.28444457592496,1.90607482750735,-0.0102259547227963,-1.49170601864481,20984.4395778069,157303.273124948,296269.604304407
1.76067609535609,3.09998031275837,5.99928893646497,1.70500577986098,-0.0109902539656817,-1.49623099408419,18017.2257089182,142393.071235537,298608.89913879,1.77106820341901,3.13668258116184,6.30717437327321,1.88920129298351,0.0035977521332443,-1.49258216080153,21479.6798463395,143144.456972397,302384.183596523
1.75326943529687,3.0739537127462,6.02821776945366,1.77723461125956,-0.0112696988907338,-1.4948786000825,18231.2487919677,153813.488073617,294964.058224683,1.76395356425973,3.1115321768646,6.1508209187867,1.81219186181852,5.89726885121333e-06,-1.49507556994118,21610.4664114997,154643.992066469,298421.132932972
1.75740412542568,3.0884692600632,6.01099822600801,1.72349655486135,-0.0068071974140708,-1.50311860054823,19589.0400990538,158861.958296622,320696.063072444,1.77345699288457,3.14514970561118,6.16735168049453,1.81682338870648,0.0095954130422525,-1.48884650822157,22803.8276094415,160326.902169717,326861.494261529
1.75693768448877,3.08683002717678,6.12120330406018,1.76508424769881,-0.0052658006528924,-1.50255716881389,18081.2197313979,154733.968458574,295821.054300414,1.77267156341485,3.14236447173965,6.24931670729583,1.79239046828522,0.0091464022315474,-1.48838465817504,21124.8766638958,156130.68860178,301218.855467741
1.75587191759328,3.08308619099271,6.08056518152844,1.76041314680635,-0.0034948049319834,-1.50275090414024,18215.9516383523,157018.970175094,295812.841750474,1.77286662559515,3.14305607214914,6.19421416826974,1.81485556301564,0.0069746956309688,-1.48952937439816,21069.4717496868,158529.42149464,301568.998663534
1.75425085100135,3.07739604823898,6.09640716149844,1.76372173452346,0.0089361133926161,-1.49817026515704,18417.4072098134,151990.636243518,295711.833478223,1.76735360691762,3.12353877188473,6.5234518389506,1.97800323779935,0.0025142675108088,-1.49394049064384,21344.6331661309,153072.46203107,300122.867780263
1.75334817585354,3.07422982576895,6.10122863366322,1.77882430408524,0.0102541836516589,-1.49802521241746,18395.0218033341,156727.458080272,294903.251849984,1.76667650792241,3.12114588364494,6.30924071848669,1.80215289118946,0.0031521257075604,-1.49426754639339,21295.3997362928,157951.742907675,299630.349069881
1.75505717643011,3.08022569253884,6.0344168050941,1.76503735462708,-0.0109390417436425,-1.49609198280357,18287.7233842156,153889.579743704,295669.738724993,1.76699710364052,3.12227876427398,6.15839751790279,1.84436488937674,-0.0058702813678734,-1.49539434579023,21304.1279784746,154958.758151321,299930.464957015
1.75497401643731,3.0799337983701,6.05370269375323,1.74926902282568,0.0122219906394136,-1.49477226740984,18619.6548802731,160673.807392363,301640.572815779,1.76645170497528,3.12035162601008,6.23622985427713,1.83960273186619,-0.0009835991862968,-1.49565128166836,21914.7929130686,161574.747515355,305145.485826023
1.74930709691916,3.06007531933172,6.05990172939366,1.76852027606534,-0.0008640499667475,-1.50459212633595,18379.2397473753,153215.129632323,294657.346567289,1.76617288966632,3.11936667619229,6.20179076738583,1.8242624643694,0.0050955557094926,-1.49102366972734,20987.917925583,154714.208422685,300395.507556976
1.75376243393176,3.07568267467025,6.03303924161844,1.7591083041392,-0.0116937201082266,-1.4950292851197,18288.7138523546,154684.38085602,295824.696997366,1.7660039320691,3.11876988808352,6.26653625074148,1.84070260010307,-0.0061353838671331,-1.49625871502248,21300.5235836405,155706.175872814,299770.838399418
1.75991074353886,3.0972858252235,6.05232513027757,1.74278471828465,-0.0051858938311676,-1.50393344720551,18151.260568754,156171.902021337,297730.409379071,1.77680360119417,3.15703103721658,6.35263396796974,1.87898303349152,0.0068097535488374,-1.48948137503255,21015.3417704745,157692.356190761,303612.383261699
1.75406599310427,3.07674750816488,6.08951934412018,1.78175282746199,0.0098740723995079,-1.49799701816748,18395.6148444104,156402.596916986,295259.31598301,1.7684489691344,3.12741175643251,6.18181609698887,1.79467589532666,0.0035015390130736,-1.49479228513364,21193.7892767653,157614.317666225,300039.43864548
1.75407301000289,3.07677212442061,6.04337096768583,1.74916273845978,-0.0004130353280398,-1.50525765794061,18336.2129297768,156050.267305621,295158.526582147,1.77137839223044,3.13778140846089,6.15770873616496,1.78518784905638,0.0041590237110919,-1.49173780612253,20901.5247209892,157560.76297694,300962.04655186
1.76122084233288,3.10189885546773,6.08263152674192,1.77065645314272,-0.009749195796783,-1.49636989329914,18295.4473826235,158096.053154205,297594.298509778,1.77431508875355,3.14819403417853,6.23416350906365,1.84463926637253,-0.0067758678668222,-1.49580262526202,21265.3674749601,159257.904583529,302022.492708378
1.75609911929659,3.08388411679425,6.04337096768583,1.73152321875933,-0.0055434373355626,-1.50333670426679,18128.7332732366,157501.813714556,296222.03420671,1.77275699989962,3.14266738069309,6.23760741775278,1.84775759829388,0.0080842848963748,-1.48937155956437,21040.7667707629,159017.860018604,302090.343634298
1.75645929608948,3.08514925881915,6.06265685634497,1.75409820220621,-0.0004857452410879,-1.50547956242904,18359.2926282479,157672.747211435,296271.844886969,1.77318431637484,3.14418261983771,6.63159057178929,2.03859227978954,0.0041957106175475,-1.49140254998792,20874.5658037707,159174.66997023,302060.639742225
1.75327817226471,3.0739843493399,6.09158568933366,1.77889731494034,0.0129655464822015,-1.49533372390505,18365.4744443448,156464.85376883,294803.080377225,1.76636683547129,3.12005179745285,6.53309478328016,2.00359739207747,0.0025562006778916,-1.49659660505397,21411.589638865,157595.532620278,299264.205789604
1.75303896805156,3.07314562350726,6.00617675384323,1.74613856655782,0.0002235207361352,-1.50316947904879,18265.4571369768,152617.470545765,294121.312739815,1.76897436184119,3.12927029285146,6.27893432202235,1.84349470693487,-0.0081859149942607,-1.49186193924272,21071.5346509916,154118.532090646,299895.781442345
1.75659711576178,3.08563342710262,5.97793670259236,1.72256639653249,-0.0143393615926825,-1.49419312406005,17709.962930801,157475.061821273,296169.48093489,1.76787676022224,3.12538823933388,5.67005126578411,1.61556763821795,0.003680917421626,-1.49942514859845,19347.5360022285,158460.796261876,299879.43687358
1.74968307714954,3.06139087046347,5.86222137063758,1.67637356266209,0.0006783380589878,-1.50411564052284,18136.1555852435,141243.507994933,298829.261828906,1.76619256029497,3.1194361600413,5.79885345075758,1.68509182588396,0.0130289693378016,-1.49378219081208,19314.4545041425,142556.793787381,304468.816233711
1.75170584542841,3.06847336890807,6.00617675384323,1.7392371685664,-0.0101042897559333,-1.49922787745587,17323.2119850117,154734.664463148,294442.792018093,1.76288602920588,3.10776715196928,5.76097045517715,1.65406742566439,0.0202630479522963,-1.48903059998891,19594.0544301052,155611.585252872,297850.951652559
1.75063916115484,3.06473747256894,5.82227202984367,1.66644497232361,-0.0064904952106083,-1.5048464966174,17719.5053129968,156351.832274789,294374.919559185,1.76863583642678,3.12807272189304,5.8443130454541,1.71699900347139,0.0143284910064136,-1.49282518878806,18987.159886744,157931.680799444,300346.083655388
1.75844003823301,3.09211136806091,5.81125152203845,1.66194878341546,-0.0062433296040136,-1.50536114242626,17708.4297026526,156084.279973717,296958.491272199,1.77559078521073,3.15272263652527,5.88426238624801,1.71180834927572,0.014435175104108,-1.49271144469335,19004.4979006486,157651.416129805,302924.456054493
1.75386347461633,3.07603708759328,5.87117553322932,1.67583104768203,-0.0082404023987928,-1.50110944558443,17358.1008463778,156920.95347411,295077.648781006,1.76805057509794,3.12600283610417,5.81813933941671,1.69716860406519,0.0210818801005246,-1.48826448735548,19391.6869116232,158211.081803345,299960.586542323
1.75015294931668,3.06303534600187,5.81194030377628,1.6820494010656,-0.0098299689976202,-1.49958678593796,17847.3149634861,158193.157898769,293896.937310794,1.76388509284324,3.11129062075459,5.78576659773889,1.69192013449883,0.0035484652637663,-1.49582850245479,19283.4290195439,159438.001820657,298579.120134283
1.74913177033728,3.05946195000324,5.80780761334932,1.66595485175215,-0.0011961977086567,-1.50386054498393,17897.4265900399,157177.707066444,293654.268769105,1.76548343764074,3.11693176858376,5.77474608993367,1.67284839198247,0.0137764608008339,-1.4938109547335,19164.4323313901,158649.089887373,299164.153575933
1.75081632591293,3.06535780708325,5.82364959331932,1.67306513588884,0.0030832253690267,-1.50051268382103,17949.8263495267,156731.906637812,294330.946763718,1.76605128456957,3.11893713972983,5.74030700304237,1.641915288745,0.0146207507120015,-1.4950622901873,19250.8289798926,158039.470304263,299310.510152556
1.74922797221026,3.05979849876282,5.8732418784428,1.68947733659433,0.0078701702901237,-1.49588980942864,18625.6768990069,159927.890003886,304957.755536638,1.76184813855083,3.10410886331503,5.7437509117315,1.64624092010948,0.0145394020770641,-1.49740782051834,20201.7796442421,161021.054564276,309122.984241477
1.75214916752955,3.07002670527451,5.94831908786584,1.70231538026117,0.0026608221618885,-1.50356577156996,17694.0293428599,156397.407512938,294782.375760643,1.7687590729964,3.12850865830709,5.70517913441324,1.65047987981588,0.0017525782100853,-1.4918127474781,19244.8420890274,157860.975745333,300334.394705488
1.75537228276284,3.08133185109201,5.87875213234541,1.70440620310992,-0.0148586265135695,-1.49530026623557,17722.8128429019,156444.370587958,295742.764921989,1.76659807504876,3.12086875876597,5.65352050407629,1.63029253614993,0.0036010839713596,-1.49877137498539,19267.5808405382,157472.910905882,299624.652455646
1.74839658091099,3.05689060414126,5.79885345075758,1.66422280288367,-0.0013038715596017,-1.50395871094618,19148.7391282755,161689.075913102,314333.581905779,1.76554176719893,3.11713773172393,5.75339385606106,1.6728793731019,0.0155144774866235,-1.4937098100148,20463.6799458879,163268.858437125,320511.953705921
1.75233095772787,3.07066378541147,5.96416106783584,1.70305024382655,0.0035856269047394,-1.50006159695929,17383.2269153919,156920.891974087,295031.359821557,1.76670677154629,3.1212528166275,5.74306212999367,1.66570509898755,-0.0051461872241847,-1.4888035558317,19477.5821270205,158165.27214324,299795.189749631
1.74445037080572,3.04310709620423,5.93041076268236,1.70832953077604,0.0013616482091134,-1.50026011421772,17408.7752076114,137378.688151415,292668.281749641,1.75764135026608,3.08930311616515,5.74237334825585,1.68055875710072,-0.0044781706113897,-1.48773059852727,19640.0127027799,138423.338861076,297213.236445821
1.74710166173272,3.05236421642924,5.98826842865975,1.73529668584136,-0.0084367783104972,-1.5001709723221,17242.6183226504,155512.156806505,292930.844593525,1.76019231210995,3.09827697561097,5.81882812115454,1.70065394770369,0.0217737557226542,-1.48713151326818,19401.6411852983,156655.743958203,297308.644852102
1.74871857930747,3.05801666961514,5.83260375591106,1.66939392384798,0.0099058322370376,-1.49470539648584,17745.4834050207,156374.794816017,293606.739722599,1.76001941028621,3.09766832458421,5.70793426136454,1.65150305701376,0.0116813576127018,-1.49807380258525,19473.3764257294,157374.942430905,297409.597903583
1.74959963350651,3.0610988775661,5.8388027915515,1.68805471867938,0.0028042766072161,-1.50225594427735,17456.2481113275,156461.842500409,293936.703308295,1.7650926925254,3.11555221320658,5.83535888286237,1.70927959319647,-0.0015668433324941,-1.49001896795125,19314.0398575363,157888.057272909,299404.808311272
1.75168131660739,3.06838743495138,5.97655913911671,1.71346773101884,-0.0154507677636966,-1.49493696895266,17578.5137576091,155180.243033479,294179.324870729,1.76080837193793,3.1004461226867,5.64249999627107,1.61251509826617,0.0082255585603808,-1.49830218942024,19561.2677306029,156006.455415959,297381.373067158
1.75211741870467,3.0699154489283,5.84500182719193,1.67426186430872,-0.0061707291266327,-1.50435884549255,17643.9996813329,156577.551670281,294335.925805599,1.77005837731239,3.13310665909377,5.79816466901976,1.69724157128401,0.0153889854889251,-1.49287613349282,19031.7309529988,158170.315682568,300383.713158553
1.74094211110215,3.03087943420881,5.87393066018062,1.68851150204565,0.0094230405553967,-1.49763205820967,17633.653490849,155658.041130761,290293.012212821,1.75258080174319,3.07153946663881,5.72584258654802,1.68158154151582,3.85282011178407e-05,-1.49722185981808,18922.7532840034,156754.262908048,294493.970793828
1.73844792097989,3.02220117395929,5.87668578713193,1.69465698503885,0.0109114620423339,-1.49514304835398,17583.4750524666,154321.001024961,290237.705241845,1.74912295172559,3.05943110025325,5.71000060657802,1.676702393457,0.0007256004464243,-1.49871212829437,19005.4222457408,155235.541531787,293820.894818569
1.73442972359484,3.00824646608928,5.88495116798584,1.69656355893017,-0.0066054376248485,-1.50313455850785,17306.0144825816,153794.272295724,288820.612643466,1.74976525240848,3.06167843853612,5.71688842395628,1.68945397507548,0.0069518847988466,-1.49116210277946,18738.2382993841,155177.286668673,294017.330932606
1.73430506288523,3.00781405114933,5.89734923926671,1.70613045392157,-0.0065233303836284,-1.50255446334841,17211.8187584617,146314.847840249,288596.681380602,1.74916738252823,3.05958653210064,5.6803829918515,1.66483567785066,0.0075057952485591,-1.49011766470642,18814.4843714163,147599.927707959,293607.133500973
1.73865044637344,3.02290537467455,5.98000304780584,1.73196966924716,-0.0126775963152789,-1.49651921168716,17315.2193617259,154046.439624885,290376.7928721,1.74827625154248,3.05646985170742,5.62803557977672,1.6435781030827,-0.0032448164055499,-1.49645383768369,18966.8566674581,154875.811654451,293529.853924205
1.74319554956553,3.03873072402507,5.97931426606801,1.72326384120214,-0.0141683032081523,-1.49521668854834,17318.8581956469,157058.84003394,291793.955462842,1.75156568509178,3.06798234919105,5.65696441276542,1.62898037535067,-0.002078816465377,-1.49737266818071,19105.8369801715,157774.756051491,294457.099528772
1.73383146365651,3.00617154436526,5.8759970053941,1.73029547272062,-0.0117575554299712,-1.49661155321189,17523.8265539709,155364.439827859,288352.351425728,1.74521506615284,3.04577562712688,5.59772918331238,1.63882833759235,-0.0084472419715262,-1.49705204282597,18870.625593303,156415.734425088,292328.852801659
1.7384446910923,3.02218994398702,5.86153258889976,1.69485151372282,0.0025945788844499,-1.50557107650836,17439.9274280498,151181.62498579,290163.176717178,1.75463700900984,3.078751033387,5.61770385370933,1.64645304616083,-0.0102797334999606,-1.49275704601602,18555.2090169734,152627.497167084,295661.895537286
1.74266977625286,3.0368979490652,5.85120086283236,1.69689988263232,0.0005874784778571,-1.50480269331207,17446.1381729797,137016.608694212,292614.304427674,1.75848995992883,3.09228693917049,5.64387755974672,1.66643552127191,-0.0098797621952613,-1.49353397886093,18534.2769399608,138240.529905915,297611.803341251
1.73756048913156,3.01911645339109,5.83535888286237,1.7038951613813,-0.0005186035107781,-1.50267054766835,17546.7168374641,154373.100367379,289353.890707062,1.7527054304611,3.07197632596784,5.68244933706498,1.6756746707732,-0.0084613636982379,-1.49406428045433,18684.9114396782,155704.571594073,294429.216066977
1.7425438459702,3.03645905512863,6.02684020597801,1.74744885952004,0.0046035980355329,-1.50186793236932,17278.6712251534,153462.985719382,291162.174753812,1.7559578870189,3.08338810098389,5.6962249718215,1.67515365625553,-0.014807929606927,-1.48901242317383,18990.3751198962,154654.840371861,295739.602995105
1.73807342617739,3.02089923478401,6.00893188079453,1.7372898204327,-0.0079300850931244,-1.49966246163351,17025.5060535067,156426.243653848,290048.937698611,1.74919214599644,3.05967316361563,5.61219359980672,1.62326203284398,0.0061252411541072,-1.49055199680365,18949.5847766004,157390.499035295,293660.320042435
1.73983437299372,3.02702364545047,6.03579436856975,1.74005802061008,0.0064349247954623,-1.49954782736146,17242.3448763005,151530.98061941,290307.612397383,1.75023467974102,3.06332143416816,5.7093118248402,1.68374136193077,-0.0117494082737733,-1.49068219217898,19159.6081040983,152398.058367677,293594.096525735
1.73995341939522,3.02743790166511,5.99033477387323,1.73115704109606,0.0039835938579112,-1.50243316930104,17341.2332704001,155862.317383279,290435.000201206,1.75546883239438,3.08167082150809,5.68451568227846,1.67421614021216,-0.0132283775635551,-1.49173567596071,18756.1362928415,157243.988160067,295682.273179267
1.73801092904193,3.0206819894692,5.95107421481714,1.71738672174984,0.0038852941842328,-1.50022171207769,17559.1355721971,156690.33784478,289516.885533815,1.7510297358327,3.06610513577035,5.72722015002367,1.68913355834395,3.66118336915711e-05,-1.4950941918626,18809.7510633139,157902.104415843,294091.986902856
1.73083546027705,2.99579139055248,5.98000304780584,1.72937742612342,-0.0097652241441662,-1.49825003520914,16980.5726880579,155627.047321689,288058.923551828,1.74145198853047,3.03265502835674,5.63354583367933,1.64185137068434,0.0058170136603431,-1.49091497252557,18970.4135363523,156570.877510314,291558.792426274
1.73421940466589,3.00751694351971,5.84018035502715,1.72512260285699,-0.0099856957842738,-1.49754795784884,17376.700708426,149105.476422807,289585.466030416,1.7464243450421,3.04999799295572,5.5825759850802,1.63231827231174,-0.0096728397112295,-1.49734279593593,18686.9984483438,150073.979767876,293243.472472448
1.73410929508093,3.00713504728609,5.90010436621801,1.7048272399914,0.003337601877255,-1.50112511960096,17572.1432153159,150327.306016766,287125.590021892,1.74758111040441,3.05403973744231,5.74719482042063,1.69377220370019,-0.0002298044810361,-1.49505788345334,18754.3743891562,151599.917211686,292035.121530507
1.74329142767076,3.03906500179037,5.94349761570106,1.70923860048214,-0.0060453573178898,-1.50140494673665,17151.6901790947,155043.755991277,291664.87572245,1.75747193997541,3.08870761980093,5.70586791615107,1.65704499449061,0.0087250371412637,-1.48925610598698,18905.9173919857,156322.131249619,296422.587171862
1.73517226655024,3.01082279460509,6.01581969817279,1.73363999301695,0.0087483411711197,-1.49811841195144,18371.2030420583,164223.234280585,309382.295075739,1.74476801255768,3.04421541764447,5.75546020127454,1.71602185310312,-0.0124619791920433,-1.49075190763385,20572.5921806182,165089.450571448,312751.929223223
1.78135983376373,3.17324285734675,6.01030944427018,1.71417968007924,-0.0004862378579596,-1.50372070675361,19325.0279925999,157811.339895779,311354.385599343,1.79855783562173,3.23481028807632,6.45939513733277,1.85426492037027,-0.0046039476161421,-1.49220523788721,21745.1976296723,159321.613661043,317297.621837224
1.77077949002726,3.13566000230119,6.05645782070453,1.72134396734896,-0.0064137080701182,-1.50208294625081,18686.6795423992,158060.17360482,301406.532628772,1.78584374334393,3.18923787564068,6.4628390460219,1.91240845601894,0.0115063805847751,-1.48836683002561,21476.44188339,159419.206408575,306783.689325798
1.77078212977122,3.13566935111709,5.97449279390323,1.72092152094405,-0.0006636856003917,-1.50347784845884,18899.4393997415,157862.311488809,301099.909546792,1.7870661615455,3.19360546574096,6.41875701480104,1.9312709729576,-0.0040820249033512,-1.49118841748116,21312.2184087671,159332.926963357,306850.633939871
1.76955795304066,3.13133534916946,5.98826842865975,1.7202027377006,0.0101733547011808,-1.49615369904035,18953.1671304189,156063.765612667,300514.62153503,1.78128757756182,3.17298543397607,6.56960021538494,1.87203955721688,0.0067893577410697,-1.49499767086614,21607.6093448511,157107.639119928,304651.350479738
1.76739608770784,3.12368893084497,6.00893188079453,1.70142628966701,0.0110118504341762,-1.49541191406636,18857.3086871839,158274.950551584,300024.547242043,1.77715391622643,3.15827604195894,6.24036254470409,1.83373364309687,0.0012908328616495,-1.49440745780012,21839.7956023271,159097.676393518,303355.515191158
1.77480794464918,3.14994324038986,6.0530139120154,1.72400852249548,0.0054194038524296,-1.50046830316899,18812.958719867,152836.48185526,303208.479144123,1.78866810595715,3.19933359326834,6.95669555204319,1.94568519519442,-0.0046451907280613,-1.49068412264723,21606.1897656895,154061.633332472,308280.542356858
1.76860641444399,3.12796864921243,5.94143127048758,1.70380867039452,0.0044532866461874,-1.50383164209406,18760.735288505,156830.982425967,300757.403680752,1.78470158567674,3.18515974991707,6.31819488107843,1.85648897337284,-0.0058568842691893,-1.49001345387688,21345.7104207689,158276.166135122,306451.498284646
1.76948309845816,3.13107043572908,6.0185748251241,1.73157772355796,-0.0042344072164197,-1.49969124795678,18868.4338898132,158672.820840086,300670.600298429,1.78365771406647,3.18143484094882,6.5103649859319,1.97651424070088,-0.0042944203681564,-1.49333474340266,21387.3555422013,159954.399070351,305701.590857475
1.77875593771853,3.16397268596894,6.0344168050941,1.7003763817184,-0.0087645198085119,-1.49771201308878,18591.6627904478,159133.555995104,304288.251784698,1.78877314116528,3.19970935055431,6.28582213940061,1.85088319689565,0.0092454512298214,-1.48955578351913,21767.7145934636,159956.719058589,307557.094452257
1.76927671496252,3.13034009410855,5.98551330170845,1.73001763948096,-0.0035840665197309,-1.50142954443018,18878.1677533322,159102.866438613,300331.622838394,1.78442895660745,3.18418670117914,6.37329742010452,1.90459622060892,-0.0040352160508356,-1.49226501310198,21296.1787484383,160478.343912344,305707.792979854
1.77408194095939,3.14736673323825,6.05990172939366,1.71152456656439,0.005392751479594,-1.49907368032837,18550.346906686,159752.679088746,302457.712216363,1.78679038555126,3.19261988189841,6.61299346486799,1.87233776143182,-0.0099430157157613,-1.48656159449745,21771.268018449,160855.173618928,306867.524057722
1.78937852770812,3.20187551542289,6.01719726164844,1.68453216405194,-0.0051581583964354,-1.50428664356652,18865.6112622516,158113.686918408,307285.415486894,1.80701275274636,3.26529508858797,7.03383910667971,1.97227159084245,0.0070267120075935,-1.49129592762317,21330.3264806545,159644.832068102,313335.018221307
1.76864926512431,3.12812022302477,6.02270751555105,1.71076678810714,0.0053619759840855,-1.50122894793567,18638.2568086665,158693.417317342,299715.63353774,1.78270627701504,3.17804167010884,6.34505736885365,1.87133070880689,-0.0086356192926921,-1.48721079730508,21620.971710565,159912.929257417,304509.975251209
1.77201439102463,3.14003500199837,6.0213299520754,1.70207768724237,0.0030587238669056,-1.49812706598781,18818.5564490503,149710.383014029,301675.47088301,1.78475600648397,3.18535400268063,6.28651092113843,1.8399126679097,0.0067854625087352,-1.49294020879287,21598.9878638388,150989.562549975,306776.858370415
1.78598358161069,3.18973735378296,6.12740233970061,1.72732615663689,0.0119264106747111,-1.4946959607626,18835.2821359899,159014.079398026,306255.356724631,1.79576251039348,3.22476299373468,6.84098022008841,1.9784048215491,-0.0005692969108162,-1.49423576301454,21848.6925960346,159862.035772562,309614.27933976
1.76865944406561,3.12815622908247,6.04061584073453,1.72325687168581,-0.0101128228978786,-1.49691011714548,18690.2123039325,159481.0407457,300636.705151173,1.78015112681991,3.16893803431821,6.17217315265931,1.80322872046292,0.0071555186962485,-1.49133200160701,21753.0924459513,160361.309547899,303927.126717592
1.78493090766673,3.18597834514399,6.0371719320454,1.69451615709114,-0.0044895274237189,-1.50234694723451,18777.822585857,159550.830655552,305681.93552292,1.80026436231078,3.24095177420624,6.29684264720582,1.82062887136378,0.0105868782935539,-1.48892819393124,21455.6585832328,160967.844057572,311434.060678393
1.78797517059836,3.19685521067625,6.09296325280931,1.71523917605489,-0.0077566588105216,-1.50009776150957,18680.0169566492,161212.559419337,307105.283552045,1.80068571981463,3.24246906154435,6.50072204160234,1.82633195642406,0.0096056500501128,-1.48926463309685,21622.9202741013,162349.10725893,311540.577799793
1.75991107386516,3.09728698791324,6.00135528167845,1.70841970422045,0.010141366570568,-1.49591001749079,18994.0242855432,153012.652000569,297451.53068255,1.77203168570552,3.14009629514436,7.38236266601969,2.27258598757434,0.0065537338251615,-1.49531206423387,21484.5936152572,154072.805378189,301729.384222494
1.77167841732022,3.13884441439827,6.04268218594801,1.70692059433108,0.0077800726752462,-1.49878733674971,18733.31006605,155782.941897972,301332.985663654,1.78359145268938,3.18119847010661,6.83822509313711,1.92085028404903,-0.0068384513694633,-1.48960283619301,21730.7834942448,156677.59393798,304842.032444972
1.72411539430701,2.97257389288643,5.92421172704193,1.71871599690629,0.0118152547921048,-1.496181226815,17456.4478580315,154713.452162508,285173.118472215,1.73396606049391,3.00663829894477,5.7409957847802,1.70066135310912,-0.0009647032995066,-1.49488536047047,19666.3978648108,155568.624126028,288410.092450487
1.72105032628619,2.9620142256098,5.95865081393323,1.752730443521,0.0098602607285756,-1.49704201083317,17444.9768869698,153748.411017786,284255.748016675,1.73041360923135,2.99433125901305,5.7306640587128,1.70669767936515,-0.0032558033633029,-1.49352039863833,19707.7481876594,154540.055894096,287264.414284202
1.72344058908022,2.97024746408918,5.8388027915515,1.69403718831662,0.0045326321242449,-1.50504470110143,17618.3260308371,154689.86991989,285180.203989689,1.73972861589983,3.02665565698075,5.75752654648802,1.70394041882202,-0.0033051409644643,-1.49227921223402,19079.2995973765,156177.454642507,290698.068241019
1.72840124147788,2.98737085154228,5.85120086283237,1.70697788681843,0.0113797898088574,-1.49652877320831,17682.5204888025,154780.902145417,286872.053763371,1.74012085861889,3.02802060260055,5.69415862660802,1.66468724220809,0.0070010301846436,-1.49693540516092,19465.7302596578,155784.913998739,290629.916128469
1.72464284032375,2.97439292667998,5.90905852880975,1.72250526758309,-0.0052050225646866,-1.50064159159598,17251.8473091555,155013.090161597,285258.226014058,1.73739398529664,3.01853786014495,5.7093118248402,1.67126680093708,0.0169518877614386,-1.48786965497924,19448.3137246351,156143.745675607,289481.57376333
1.72569079759324,2.97800872889801,5.92145660009062,1.73061643878325,0.0061844848171528,-1.49934286383257,17310.2821742292,155242.843279628,285771.973483192,1.73677088382229,3.01637310289286,5.72928649523715,1.70024144204653,-0.0077435433164987,-1.48877187601331,19689.8653474003,156178.366160529,289238.459896936
1.71667286134427,2.94696571287594,5.7912768516415,1.69314739568374,0.0106511117751556,-1.49649513099733,17640.4910271604,152234.17429198,283112.108215312,1.72806730233458,2.98621660139792,5.68727080922976,1.68413349175499,0.0059008797332487,-1.49653583188603,19481.1135109904,153181.410557363,286624.019072488
1.71449081118595,2.93947874164107,5.81331786725193,1.72413088498511,-0.009380084346342,-1.4980932086399,17703.5689699288,153887.628122273,282149.768091682,1.72728001070126,2.98349623536813,5.59772918331238,1.64664804401621,-0.0002557036810296,-1.49635327274377,19233.4124448699,155010.269306791,286281.475017456
1.71641862485877,2.94609289576209,5.84086913676497,1.70534126685612,0.0096350952342991,-1.49807538809404,17701.1630553185,154113.938090182,282980.260877673,1.72847554778167,2.98762771927914,5.65283172233846,1.68842358561189,0.0074115839971849,-1.49606627659912,19388.9558920327,155156.857272921,286852.021842853
1.71479022899725,2.94050552946446,5.78852172469019,1.69767269356706,0.0023739458058626,-1.50418828660948,17608.161678732,152449.104812152,282032.593806263,1.72984638064437,2.99236850062841,5.67831664663802,1.69810942191926,-0.0020127427518427,-1.49190677959148,19110.6956465501,153899.381515334,287417.613882936
1.71545811862841,2.94279655676811,5.81056274030063,1.71416114414493,-0.0132127859670646,-1.49434936856407,17563.7083941545,152935.483790899,282721.427677158,1.72510442793415,2.97598528727801,5.56122375120759,1.62706242111435,0.0038906148696625,-1.49836789874929,19543.8050472038,153765.6602965,285806.155991814
1.72609205237018,2.97939377325551,5.83673644633802,1.70455211821299,0.0105271414766487,-1.49678364423489,17703.203226826,153739.675475197,285717.437628819,1.73836800143084,3.02192330839866,5.67280639273542,1.64763184199033,0.0089799813961799,-1.49710209835147,19259.1391315594,154882.746447719,290035.166060657
1.71784131576467,2.95097878614809,5.91319121923671,1.73186487071466,-0.0075729320438178,-1.49843339741495,17262.6171004082,154486.081419086,283109.152006841,1.72796892047966,2.98587659014364,5.60186187373933,1.63545709072022,0.013362322650573,-1.4909905307982,19570.4347267516,155336.558338569,286261.96894423
1.7186241711844,2.95366904177926,5.77956756209846,1.68907880310662,0.0036517606127143,-1.50296830119407,17698.9107390358,149274.871746167,283243.62037664,1.73405084531324,3.00693233413155,5.64801025017368,1.66488726913338,0.0095278433949688,-1.49432186083924,18998.1865935849,150643.648259989,288586.819126566
1.7176301381344,2.95025329142759,5.76785827255541,1.69091398589859,0.0021667378053914,-1.50283382365494,17682.295945956,154414.369140647,283144.97106819,1.73363397849068,3.00548677137742,5.66936248404629,1.67338175157711,0.0084869711667841,-1.49386919807552,18968.4298449473,155842.681631796,288487.043243912
1.71936452518608,2.95621437046836,5.76648070907976,1.67761713621655,0.0043836217919958,-1.50104052862018,17678.7638732044,152480.839987182,283579.975515077,1.7336350215816,3.00549038805425,5.74926116563411,1.71177804491611,0.0093797652727628,-1.49471361500628,19120.7525487041,153809.321673377,288645.402126511
1.71777263107267,2.95074281206232,5.9076809653341,1.74592380351322,-0.0099022446362256,-1.49666940086878,17432.4486359404,154033.945073531,283320.897221675,1.72906674551639,2.98967181045064,5.62596923456324,1.65292026347377,0.0060297139840737,-1.49516768849175,19425.121065959,154948.755246949,286570.583064382
1.71963044474603,2.95712886649742,5.95658446871975,1.73754758149073,0.0081456540008978,-1.49891136027854,17331.8410426231,154029.052189683,283933.298880626,1.73122560104711,2.99714208172093,5.69415862660802,1.6990906316918,-0.0070213751159806,-1.48984746479649,19556.6377397613,154988.684181714,287436.129160952
1.71658192866536,2.94665351782048,5.74237334825585,1.68191572438069,-0.0030980679962128,-1.50530755195214,17685.3121211859,153930.651823012,282927.835380366,1.73408380827269,3.0070466541135,5.70035766224846,1.69508651144336,0.0093936595561249,-1.49290700441767,18921.7104684523,155458.227316531,288545.464268651
1.7206934871222,2.96078607662477,5.84500182719193,1.70649154284654,0.0117622941140385,-1.49584559224007,17669.890298076,151967.289135073,283910.022464671,1.73305860520298,3.00349212906809,5.70517913441324,1.68062243382365,0.0081946860247425,-1.49753284781508,19270.2980844939,153045.960582047,288069.211463796
1.81199103722922,3.28331151899904,6.03303924161844,1.67773824854181,-0.0126480250445271,-1.49640753685985,17866.3508243744,163801.649799513,315185.70066477,1.82064045901433,3.3147316809999,5.91732390966367,1.62646094813252,-0.0012219601752229,-1.49463097495518,19810.7355218809,164552.141568224,318104.463144183
1.82231728140901,3.32084027412193,6.10605010582801,1.67745838310649,0.0050094458687164,-1.49988829281347,17646.8650133622,162829.049148139,318892.304485707,1.83340360849585,3.36136879164561,5.98620208344627,1.66466776451636,-0.0197266766748591,-1.48609161377954,19699.710104779,163808.694878307,322819.651705387
1.83468667874966,3.36607520918146,6.02339629728888,1.64666670478316,0.0047223216248388,-1.50379545064565,18025.5613455094,163580.092490584,323248.941225377,1.85150948198118,3.42808736186621,6.05232513027757,1.69883002039257,-0.0133000389708353,-1.49246373849825,19428.7220168844,165035.952133739,329041.780581688
1.84453080154902,3.40229387786307,6.08607543543105,1.66004126888417,0.0030482928444625,-1.50489722421445,18026.3238268932,166744.619167739,326893.951304196,1.86059266505465,3.46180506525517,5.97793670259236,1.65597210714095,-0.0118227068817848,-1.49290654471395,19159.9945106533,168213.046710471,332656.639777567
1.84453509638889,3.40230972181036,6.10811645104148,1.6713766219573,-0.0145542412667717,-1.49493599440065,18064.5746319216,166837.369298978,326877.101228669,1.85274677015841,3.43267059433242,6.04199340421018,1.65955520610934,-0.004252306566459,-1.49757340278936,19794.226112407,167558.01602089,329715.857361774
1.84175877481222,3.39207538459782,5.99997771820279,1.63204220664101,-0.0076457880069167,-1.50280080794018,17970.1846713517,166470.709878513,325993.434989479,1.85725512193025,3.44939658793615,6.09916228844975,1.68272585354012,0.0058379753804269,-1.49064298265673,19543.200296838,167841.699109398,331400.736273021
1.84114469473796,3.38981378696174,6.02064117033757,1.63933512519966,0.0053520188015762,-1.49997843383329,18336.0958368813,164928.099423981,325417.949754477,1.85440097302717,3.43880296876413,6.04199340421018,1.65232612578398,0.0017624372822322,-1.49562109241976,19449.3909792731,166120.862364227,330133.766055055
1.8484955777202,3.41693590085115,6.16872924397018,1.68512673470918,-0.0085312774783619,-1.49966934974047,17763.2656831461,166746.02263305,328141.35080654,1.85824443839419,3.45307239282294,6.05232513027757,1.63536739245673,0.0073203689900314,-1.48871518946934,19776.2495978315,167598.03875781,331567.119417412
1.84006941229592,3.38585544206706,6.0716110189367,1.65404755570433,-0.0004358253747577,-1.50427611835807,18324.2412143916,166224.722517575,324850.35858013,1.85511346151517,3.4414459550948,6.02546264250236,1.66150348310895,0.0012065885705397,-1.49379847350575,19362.8090484831,167610.418714912,330336.449474919
1.84940918546736,3.42031433529105,6.16872924397018,1.6812411543561,-0.0114817397389213,-1.49824894254769,17864.1873609359,165572.243902015,328316.54422932,1.85739654075712,3.44992190961652,6.01788604338627,1.62154303657799,0.0021037725112421,-1.49238569788099,19831.8797436687,166264.873641704,331107.08566598
1.84068162638902,3.38810884972611,6.03648315030757,1.64546420423412,-0.0024920285617966,-1.5056632275308,18252.2793647688,165968.461554779,325334.404812646,1.85628822303168,3.4458059669661,6.02201873381323,1.65883811677979,0.0016267155185424,-1.49344636533375,19155.1103593503,167386.448965791,330956.380698916
1.8339864649495,3.36350635361796,6.06059051113149,1.6730112157677,-0.0149363448896739,-1.49455081984715,18077.691102555,163692.108320376,322714.436715165,1.84283898016088,3.3960555068004,5.9579620321954,1.63289779373636,-0.0085364102688857,-1.49794595353074,19662.8093119567,164501.021953568,325847.862864656
1.84298241696749,3.39658418925134,6.12395843101148,1.6685586110087,-0.006917576913048,-1.50153163726432,17691.5077129177,165857.531944262,326115.019915922,1.85602061804303,3.44481253460082,6.02890655119149,1.65004535392494,0.0084807280954483,-1.48847556882796,19516.056097332,167030.157817604,330703.917266188
1.8322521463787,3.35714792790935,6.15908629964061,1.69702904691308,-0.0087243218485937,-1.49972304440701,17737.9364235193,163934.018450748,322477.981362915,1.84300980971503,3.39668515870584,6.07781005457714,1.66424958637731,0.0056465559004693,-1.48871517580609,19780.8761447644,164877.888365406,326210.871221704
1.82903779330709,3.34537924934567,6.09640716149844,1.67268780734285,0.0045034918214404,-1.4998093578954,17725.6850627486,163179.395182622,321275.391645431,1.8400946541152,3.38594833610335,6.06816711024757,1.69887507374441,-0.0194518403402282,-1.4872667915757,19879.714946579,164141.532513559,325109.551610585
1.82156349126245,3.31809355270024,6.01513091643497,1.65633553460465,0.0046255465624074,-1.50136964784108,18220.4590260447,152661.886179841,325342.571166549,1.83589558812868,3.37051261051035,5.99860015472714,1.67991700163066,-0.0160473070035865,-1.4888901595389,20073.3142735384,153875.7944028,330668.8625945
1.81768561759523,3.30398100441257,5.9524517782928,1.64561071772582,-0.0009851619397516,-1.50553814531389,18638.4916832391,155342.365412719,322229.027679656,1.8334930481612,3.36169675765546,5.99722259125149,1.6704940697463,0.0007662768969947,-1.49305870384592,19569.096423835,156693.698205218,327794.143445397
1.82223520887776,3.32054115647378,6.07643249110149,1.67791780762875,0.0090359938133601,-1.49709816557582,17932.8244611102,163256.894476602,318928.380239254,1.83262911187917,3.35852946170703,6.09571837976062,1.70722159270019,-0.0121393852467376,-1.49296839164385,19854.9752841198,164093.002746803,322151.371458141
1.81897451164932,3.30866827402988,6.09296325280931,1.67782309242488,0.0050178881426987,-1.50097364385509,17801.3690888827,160836.966279854,317721.389104683,1.83219968508167,3.35695568601339,6.02959533292931,1.68695147967286,-0.0179762721704885,-1.48843878521543,19656.3988203228,162046.519610413,322620.134444965
1.81752176372969,3.30338536163107,5.97036010347627,1.64586581514356,-0.0016476601926797,-1.5053239734543,18283.6058469868,162345.32793627,317404.041135809,1.83304478452782,3.36005318208464,6.03854949552105,1.70213414660615,0.0009343410345477,-1.49327127743404,19300.3992240004,163750.281134772,322901.516318542
