I1_RMS,I1_Variance,I1_PeakToPeak,I1_CrestFactor,I1_Skewness,I1_Kurtosis,I1_LineIntegral,I1_FFTPeak,I1_FFTEnergy,I2_RMS,I2_Variance,I2_PeakToPeak,I2_CrestFactor,I2_Skewness,I2_Kurtosis,I2_LineIntegral,I2_FFTPeak,I2_FFTEnergy
1.65655552314566,2.74417620126441,5.7306640587128,1.73681371865309,0.0067180667058803,-1.4935226944602,18362.3776816516,140819.877569031,264408.494740211,1.66641205212698,2.77692912747404,5.51989684693803,1.70687518471171,0.0087737307770874,-1.49421548284221,20190.8328360829,141597.693124458,267317.364616054
1.70526618520358,2.90793276239878,5.84637939066758,1.72812286618923,0.0056486163539613,-1.49430341016146,18417.0827936149,131660.840813334,279829.1954284,1.71342131398118,2.93581259920498,5.87393066018062,1.75973261985372,0.0096629194309683,-1.49438916925214,20267.8730734587,132289.071320954,282498.320595431
1.70693270740322,2.91361926760288,5.78989928816585,1.70735703980461,0.0081211961706807,-1.49442581617951,18344.151828087,154321.148064141,279782.362450178,1.7145902145061,2.93981960368009,5.53711639038368,1.64629622692312,0.0080392690039692,-1.49461610230771,20204.4314539328,155029.617833436,282423.393004075
1.70609437941855,2.91075803148358,5.81813933941671,1.72122025857573,0.0082036401465068,-1.49363104908506,18377.5425891733,153916.370378441,279452.430501814,1.71407552791189,2.93805491538641,5.61977019892281,1.68783999019911,0.0080270892605862,-1.49435615608024,20249.5859183194,154620.469838532,282030.806900817
1.70751204024332,2.91559736757591,5.82158324810584,1.71902332451659,0.0089210253197953,-1.49410241644658,18326.6209552958,154072.216476541,279916.60728866,1.71463015283903,2.93995656102481,5.61770385370933,1.66679027148582,0.0068954851291369,-1.4940814469562,20204.7992633808,154726.820522831,282322.202435195
1.70835702738712,2.91848373302296,5.80574126813585,1.70099404468762,0.0080642701847549,-1.49465796955014,18289.2903626691,153502.814268627,280063.30145105,1.71615571720604,2.94519044569899,6.09916228844975,1.79325185376214,0.0072284195674448,-1.49422078105848,20212.7863764126,154202.270104431,282614.34383375
1.70801059699383,2.91730019944321,5.82227202984367,1.72922780778026,0.0076530741576976,-1.49397858970681,18328.7086527432,153628.166386276,280102.440464422,1.71624632119053,2.94550143500003,5.60943847285542,1.67999028584511,0.0080722520034873,-1.49456602917485,20206.4213443733,154326.260231627,282684.049924874
1.70873340916032,2.91976986358066,5.8388027915515,1.70858361160451,0.0091470158002261,-1.49437489860553,18358.7106076794,153803.528461675,280327.454781178,1.71667905472939,2.94698697694659,5.78025634383628,1.68965461745219,0.0079948412901179,-1.49424091310913,20209.3149164539,154499.204693784,282922.584258234
1.70833124810198,2.91839565324166,5.82364959331932,1.72156842001784,0.0088140246029927,-1.49423669828965,18369.1594266422,153894.172581463,280149.110027927,1.71620003764456,2.9453425692112,5.80298614118454,1.79153757299227,0.007369396458619,-1.49403307998797,20220.1680502969,154601.1879906,282733.963031861
1.70910969795739,2.921055959652,5.78645537947672,1.70786073473755,0.0090816005715776,-1.49397394227276,18379.6337305293,154129.090875653,280269.043345497,1.71733483639203,2.94923894028565,5.80367492292237,1.76255979247188,0.0071789111244832,-1.49420888936912,20271.4395852972,154890.748792336,283077.398174079
1.70963581857576,2.9228546321572,5.83260375591106,1.70893524177847,0.0090620524362047,-1.49380069727553,18330.6255323195,154131.861879567,280627.965421335,1.71848125322789,2.9531778176957,5.64525512322237,1.65641055284113,0.0081707028141358,-1.49462348673125,20216.4417410952,154885.49092039,283371.986714017
1.66890947873782,2.78525884822095,5.71482207874281,1.7151373512967,0.0081573190811226,-1.49428002599236,18287.8680283805,149676.452017554,267563.050600566,1.67794233573998,2.81549048206853,5.53918273559716,1.69551434910193,0.0071809791255797,-1.49391565222646,20147.7729569609,150432.885444856,270280.821130295
1.71022495747499,2.92486940517033,5.82158324810584,1.7026745191129,0.0077854960514679,-1.49426782551244,18334.1272986746,153993.834846612,280893.722766623,1.71858101587495,2.95352070812577,5.65558684928976,1.69574801821386,0.0076344437572276,-1.49478547937113,20234.5195065862,154725.22345746,283599.808585795
1.6777690373066,2.81490894254473,5.71413329700498,1.72615218203006,0.0093015927068975,-1.49406239667887,18244.6139128085,151222.800058077,270147.577979224,1.68604691937214,2.84275421432428,5.59359649288542,1.72071482777124,0.0070157919395206,-1.49372848651015,20157.3669977871,152000.835751454,272969.834404115
1.68279421183742,2.83179635939352,5.81813933941671,1.73961607907256,0.0089319951105789,-1.49411624131193,18282.6877009303,151469.357116127,271994.012226502,1.69167789646828,2.86177410539936,5.53436126343238,1.69155034696345,0.0067922578415413,-1.49374615082215,20145.2575260544,152236.82430054,274774.358900247
1.68727997208336,2.84691370419363,5.72446502307237,1.71189129341141,0.0089287275991163,-1.49491675490747,18339.6148227799,152052.401796955,273074.426740747,1.69502565817243,2.87311198186289,5.55020324340238,1.6603672459376,0.0066167759841523,-1.49380136356586,20210.5423255107,152791.816597704,275754.73676803
1.68966473590546,2.85496691976245,5.75890410996367,1.70476212278928,0.0093293921219139,-1.49373370452525,18411.1441174714,145508.269907018,275777.336805944,1.69820854402396,2.88391225899597,5.54607055297542,1.66533264377881,0.0086964271861752,-1.49382365932608,20281.1534741457,146212.166169141,278450.239398927
1.70164410949868,2.89559267539156,5.84086913676497,1.72160732836826,0.0082404160351886,-1.4941402275372,18406.6036682556,153543.61320089,278005.727636383,1.71031522908345,2.92517818283478,5.7940319785928,1.80086871061173,0.0073990239768858,-1.49446867348903,20217.2317737485,154297.141290541,280773.837559725
1.70352492406053,2.90199716689544,5.82158324810584,1.70883512617065,0.0096939280173483,-1.49424812705196,18442.7192498968,144521.027816874,279510.493714406,1.71115549191295,2.92805311750385,5.54469298949977,1.66308755125189,0.005007295498105,-1.49348331698499,20306.2795431599,145235.229379702,282278.728865883
1.70379332401674,2.90291169096403,5.83604766460019,1.71461284736401,0.0080511965319752,-1.49429672145053,18394.9660120133,153256.694017353,278653.650976826,1.71236451362775,2.93219222753161,5.62803557977672,1.68171065153141,0.0067342526623032,-1.49411823466412,20210.725541453,154042.037257022,281549.631001304
1.76316439485447,3.10874868328254,6.00411040862975,1.70835438657749,0.0023065161620366,-1.49450501485242,17088.4517501815,152998.432790471,298607.165752127,1.77557827512229,3.15267821108626,6.23760741775278,1.8447880598453,-0.0007000149283859,-1.4925182956685,19701.4602991748,154086.480046312,303009.068317408
1.74399542728735,3.0415200503992,5.95865081393323,1.71087196142566,0.0024879015414277,-1.49477607244691,17164.4925652557,155308.716621047,291673.728056146,1.7568543191592,3.08653709874835,7.05863524924144,2.02187490437834,-0.0013656808058225,-1.49296307502581,19719.7880924366,156438.871890712,295993.288116546
1.7594838612333,3.09578345794044,6.00962066253236,1.7352687205185,0.0008658413187595,-1.49463235541742,17135.7593462806,158219.716395615,297232.36843757,1.77260605997342,3.14213224385451,6.54893676325016,1.92623485839691,-0.0012175464684538,-1.49326853232616,19728.1016880122,159346.067155555,301551.414955794
1.74294508433496,3.03785756700741,5.99377868256236,1.72129212328215,0.0014249183315973,-1.49456164726084,17160.1828579221,157103.808114897,291461.871286604,1.75572172876031,3.08255878884111,6.33679198799974,1.89584390775381,-0.0007900733669856,-1.49257609496742,19815.7849808009,158254.285574059,295891.07055635
1.74767638791351,3.05437275687042,5.99377868256236,1.72141880227216,0.0014846445735068,-1.49430497272492,17196.9452056151,157698.566569312,293497.827358332,1.76065938640739,3.09992147494443,6.42908874086843,1.86142570376939,-0.0003638172574822,-1.49280279953524,19783.6829303461,158834.778575232,297837.702863662
1.74587214061616,3.04806953137964,6.01444213469714,1.73376300978498,0.0013700158915588,-1.49431776602167,17164.3307015473,156232.670697093,292678.228014774,1.75904871710433,3.0942523891464,6.0399270589967,1.76672171519334,-0.0002634591935642,-1.49261090113423,19800.2901468268,157394.425281489,297123.091096155
1.74381621104202,3.04089497789296,5.96071715914671,1.7190199381131,0.0020249957415604,-1.49449116965395,17191.0416573402,156682.96088886,291633.000284958,1.75694026724573,3.0868391026695,6.49039031553495,2.01279182261963,-0.0001262940925162,-1.49248914243249,19758.6622449378,157817.914898866,295938.49693362
1.75688988718285,3.08666207568537,5.9552069052441,1.70724047735217,0.0022994173035771,-1.49418772044671,17142.6375207145,158548.769436344,296481.31678779,1.76926011489854,3.13028135417081,6.60266173880059,2.04199134987,-0.0001108979052578,-1.49245681688654,19725.8865659433,159647.855763648,300708.533697347
1.74141843485886,3.03253816526628,5.97449279390323,1.72823973165862,0.001320697542902,-1.4941861471786,17166.7875860061,156559.794614627,291322.35325321,1.75424482187544,3.0773748950768,6.04543731289931,1.7841330675881,0.0001573127615476,-1.4925315057296,19762.3244974378,157687.828915021,295624.486972581
1.75487150844115,3.07957401113853,6.02615142424018,1.7224437589225,0.0013569773528381,-1.49397752596291,17173.7373937408,150001.328250874,296156.408430202,1.76813110535728,3.12628760573195,6.40704772525799,1.8269106547644,-0.0018363696466355,-1.49262794859567,19802.5204220939,151069.025720528,300431.738531506
1.74130174280738,3.03213175950401,5.86359893411323,1.70756297536688,0.0014521869620179,-1.49459417478867,17187.1748366641,152018.727231594,290708.131217295,1.75428947879895,3.0775315754247,6.20041320391018,1.80648876770122,-0.0004300284640383,-1.49280604593277,19800.6552011478,153117.624252633,295054.813964227
1.70436707623453,2.90486713055225,5.83053741069758,1.71536340201498,0.0012087336855434,-1.49452631484881,17157.1563509661,152282.861647987,278684.653260384,1.71710523148046,2.94845037597756,6.08125396326627,1.8857247787848,-0.0007388904202837,-1.49310892642698,19753.275971748,153372.496952404,282816.720692887
1.7423457103116,3.03576857424125,5.88563994972367,1.69339665378491,0.0021692797377593,-1.49431675466116,17181.0522557965,157027.420762755,291745.70243914,1.75534397143961,3.08123245806938,6.25482696119844,1.83997578578204,-0.0010540636146531,-1.49252607957133,19818.0035467785,158124.554911679,295938.291256187
1.70523310705454,2.90781994939489,5.87737456886976,1.72633956612071,0.0009576723371072,-1.49475904359655,17129.0836736775,152524.753702619,278678.041587378,1.71743267346243,2.94957498787632,6.13635650229235,1.79100610508331,0.0001399276295189,-1.49278653025516,19715.5631052568,153614.108382473,282772.253021335
1.76645017493047,3.12034622051188,6.01099822600801,1.70997470837183,0.0011807951775618,-1.4942151023123,17184.8749944415,158856.583807544,299885.555374564,1.77898392243864,3.16478379629517,6.75419372112233,1.92493576186201,-6.28652033414379e-05,-1.49268313582172,19774.2417990657,159985.014648515,304227.667241825
1.74255578332344,3.03650065799395,5.93385467137149,1.71721560483414,0.0019112479117919,-1.49496016347382,17178.1504183351,156358.212027838,291235.838056287,1.75465664922888,3.07881995668311,6.21901031083148,1.80285379501661,-0.0006659297858108,-1.4926277941824,19735.0342762034,157437.551656395,295364.157324962
1.72478544511855,2.9748848316928,5.93109954442019,1.72217559430667,0.0017472313579657,-1.49424636136833,17154.9081673739,154662.17071648,285611.514643447,1.73784738248728,3.02011352481788,6.36778716620191,1.98840963040246,-0.0005096537297674,-1.4932401338342,19775.3238751758,155807.993828927,290007.938734911
1.74345053767917,3.03961977733379,5.96760497652497,1.71775926255861,0.0015494651590034,-1.49446600185213,17143.3869152452,153361.641672078,292602.935699511,1.7567652456234,3.08622412823024,6.38225158269626,1.81860334830242,-9.25692063823149e-05,-1.49267450748598,19752.7573190994,154515.852224674,297114.515422069
1.73044136102099,2.99442730393217,5.89803802100454,1.71659038715077,0.0027198495553035,-1.49410370500569,17126.3058169289,154650.648372722,287818.656196019,1.74337992581418,3.03937356573187,7.03246154320405,2.02136091875625,-0.0016197446318298,-1.4923045339044,19739.5361536418,155813.366705221,292266.072610319
1.74155317413227,3.03300745833018,5.96416106783584,1.71603706466243,0.0019150388640936,-1.49411311512024,17171.9851329998,156244.654581921,290912.559767268,1.75522988971986,3.08083196576599,6.185260005678,1.86768604476803,-0.0005947436300644,-1.49279350499879,19792.2121146056,157424.871460059,295435.625497346
1.6340259848449,2.67004091914835,5.63905608758194,1.73082251655494,0.0022632214506242,-1.49460330976415,17835.9755497363,147350.58202856,256298.615982093,1.64059693271762,2.69155829564246,5.38145171763499,1.67769924447054,0.0018235956164389,-1.49401731407161,19230.335656847,147979.195937892,258487.319280369
1.682216863872,2.82985357709534,5.72584258654802,1.70790230603345,0.0050611702543982,-1.49468768002654,17651.9130947188,136920.152971087,271959.008760225,1.68900044069455,2.85272248866637,5.60737212764194,1.71525307179111,-0.0002090657795756,-1.49409561811468,19255.4665473333,137509.860849955,274330.15013409
1.68284525956441,2.8319681676384,5.7465060386828,1.72458463912115,0.0024769797486343,-1.49492943154925,17613.1574126765,151250.097025987,271924.365678232,1.68880925464573,2.85207669857707,5.5508920251402,1.69978754015518,0.000641283872294,-1.494045851588,19216.4670365559,151825.757276209,273997.912111982
1.68410894234107,2.83622292967315,5.73341918566411,1.70649929178078,0.002554497490146,-1.49422991886749,17609.9008526201,151807.318591368,272214.275309614,1.69044068486655,2.85758970905209,5.60255065547716,1.73271032870337,0.0008802090603824,-1.49392902074997,19212.8750397931,152400.700791781,274379.480264101
1.68538128183867,2.84051006517217,5.74306212999367,1.70622831581115,0.0026837447979786,-1.49387969593409,17869.6955484933,151876.52259579,272855.307879255,1.69232550156483,2.86396560324666,5.52402953736499,1.66146164889487,0.0008316208980158,-1.4941969628383,19300.9943314219,152489.386799904,275075.205610324
1.6847041934904,2.83822821956414,5.71482207874281,1.69923851978023,0.0025800033177722,-1.49448964744437,17739.4792946121,151497.598963219,272306.315291147,1.69112573652309,2.85990625673076,5.58119842160455,1.72332864025481,0.0008750878539028,-1.49414456149194,19238.8441776544,152111.725943172,274532.188040035
1.68447254992612,2.83744777145461,5.69278106313237,1.69422691923318,0.0033061083854187,-1.49394616830867,17677.1934508422,141728.912847325,272932.999757994,1.6918128541441,2.8622307334472,5.54331542602412,1.67664956507932,0.0029975081475424,-1.49392830711938,19261.2171860624,142323.857261933,275249.720941845
1.68563554308794,2.84136718412139,5.74719482042063,1.71334422832846,0.0013664746559166,-1.49395680118733,17600.8509493668,151718.581856933,272730.390464665,1.69254211948756,2.86469882623946,5.54331542602412,1.66830776521901,0.0019258789273272,-1.49404216881179,19220.7960297781,152339.178315523,274999.106715228
1.6868456531876,2.84544825767791,5.71137817005368,1.69852610213767,0.0024075143925012,-1.4942469176968,17607.6003216157,152540.741882973,273220.016845934,1.6940440315436,2.86978518080848,5.55364715209151,1.69826448570576,0.0014165103998483,-1.49417426120956,19195.4481730444,153214.522722016,275638.315556621
1.68759734424277,2.84798479629526,5.74581725694498,1.70269049031495,0.0026303382785038,-1.49462843270849,17603.7520980465,151926.621416145,273340.114627805,1.69405046068991,2.8698069633637,5.52127441041368,1.66939613700585,0.0008331799415848,-1.49422880983506,19182.4212440369,152549.012639553,275599.93143525
1.68661168411303,2.84465897298658,5.74926116563411,1.72161317440429,0.0036776909475179,-1.49380424848509,17659.5406636834,144099.532550411,274190.200446363,1.69368164371402,2.86855751025383,5.60530578242846,1.72097934494964,0.0004168499668547,-1.49445323967176,19258.0908057545,144607.063518654,276259.488358605
1.65710708568843,2.74600389343879,5.61770385370933,1.69964539068581,0.0029747831621554,-1.49403598193328,17836.6168055342,149499.530860001,263512.177714597,1.66449870820386,2.77055594961233,5.60599456416629,1.76380677960393,0.0015549867239723,-1.49427076532926,19247.057899878,150166.232189311,265885.902766529
1.68737805715498,2.84724470776812,5.70655669788889,1.69497489772992,0.0018828223132999,-1.49443761242806,17654.867968374,151855.122153751,273106.277604922,1.69478754403336,2.87230481941062,5.66867370230846,1.72239440400473,0.000906938876757,-1.49414363622866,19228.938118701,152563.166147179,275702.932540166
1.66327249245453,2.7664753841559,5.64525512322237,1.70589305321537,0.0020802517915111,-1.49402351574285,17688.446078093,150286.7505568,265953.845341359,1.67020642092832,2.78958948851019,5.66522979361933,1.77269399835893,0.0009746006287007,-1.49421949658724,19065.7671025734,150882.180948506,268019.81295784
1.66659303429604,2.7775323419641,5.71000060657802,1.72848789818942,0.003149167934268,-1.49450777436531,17558.0128579644,150387.874310658,266401.591679824,1.67346662842367,2.80049055644767,5.48752410526021,1.70194188188986,0.0007006912086035,-1.49391998151196,19154.6412989869,151050.691227182,268802.097602668
1.67051534830657,2.79062152892783,5.67693908316237,1.7107626164457,0.0033349364253289,-1.49478784046962,18189.4955318024,148303.711520945,273169.234298303,1.6770537837346,2.81250939353853,5.5667340051102,1.71814360762618,0.0027493722110713,-1.49465176507365,19614.0463200456,148886.540123662,275295.59301687
1.67387872314479,2.80186997979682,5.67418395621107,1.70213779549436,0.002987065477834,-1.49413647477109,17571.4509896694,150995.809945643,268985.625747416,1.68127769910373,2.82669470150353,5.61632629023368,1.74258273933926,0.0011384457040556,-1.49494992632633,19189.2518925309,151632.20099871,271315.134873407
1.67617839311233,2.80957400553665,5.7251538048102,1.71258126989493,0.0016293332715914,-1.49410110854393,17750.6272270388,150931.699535706,269730.699465694,1.68266752789498,2.8313700094322,5.66660735709498,1.79927443987821,0.0016563582463156,-1.49410103478564,19210.6227235104,151565.304529806,272020.15122169
1.67851671424561,2.81741836000188,5.72377624133454,1.72369504553549,0.0015411990694646,-1.49433535791973,17697.447077843,151301.799741475,270373.642797278,1.68540046977651,2.84057474352287,5.58670867550716,1.72197832446206,0.0008289818998856,-1.49418352306822,19205.6896687041,151941.678769091,272677.942995962
1.67968458263455,2.82134029714021,5.70311278919976,1.70475126157281,0.0024140957472224,-1.49407064849217,17628.133594002,151856.03795567,271044.101796202,1.68663564454035,2.84473979743405,5.72446502307237,1.79733258336528,0.001685173948503,-1.49420197027937,19204.7708338659,152467.035985397,273236.784668801
1.62104676987083,2.62779263010864,5.69691375355933,1.77415373463492,0.0102375220799413,-1.4946062038458,15970.7215421799,120775.775651491,252906.781732225,1.63179374018113,2.66275081049431,5.25333831439935,1.61469462636544,0.0113800324169643,-1.49432698254657,18198.415944089,121539.92110279,256172.128124898
1.68331342489948,2.83354408644682,5.72308745959672,1.72104044593698,0.0108889431616827,-1.49552561937321,15995.2793662603,151564.470200385,271970.797668455,1.69143284653327,2.86094507433166,5.43035522102064,1.60557430779339,0.0115567768319546,-1.49397332993539,18250.3941691523,152312.151775867,274731.548616597
1.68369507832979,2.83482911679194,5.7912768516415,1.73184413644184,0.0105181512108353,-1.49513373407512,15996.428254199,151521.583094189,272154.988153548,1.69367248090826,2.86852647258596,5.40487029672108,1.59590111705788,0.0122116120483923,-1.4937402994594,18269.000919018,152370.298518948,275270.016493744
1.68590422534044,2.84227305702075,5.81262908551411,1.72602507196623,0.0114824747791031,-1.49566379301114,16034.4042353141,152014.866826632,272857.864095467,1.69632611039323,2.87752227280182,5.42760009406934,1.60528781145716,0.0114813307900364,-1.49345110779903,18255.8183253377,152968.185216515,276388.5716663
1.68697187132497,2.84587409464167,5.82158324810584,1.72600021050815,0.0118982778919796,-1.49516473177205,16007.84343394,151811.966720548,273178.422556153,1.69804314999845,2.88335053925665,5.42553374885586,1.61939562278737,0.0120091512135327,-1.4942197274243,18255.8927137654,152774.702886557,276754.983498511
1.68926809141719,2.85362668468026,5.8388027915515,1.72963628357405,0.0083522389559167,-1.49556769514596,16085.1350766502,133630.364128116,275770.757199178,1.69940435527074,2.88797516271317,5.37043120982978,1.58216807509532,0.0121974284299942,-1.49370610697491,18337.9073328518,134393.100713346,278989.250284533
1.69288025983544,2.8658435741405,5.80574126813585,1.72842984416849,0.0120657017780967,-1.49516925227725,16006.3646195489,152550.014064512,274988.279881717,1.70333719397111,2.90135759636536,5.44550841925282,1.60716941777488,0.0112245131799361,-1.49419727221653,18279.0826173145,153445.124340751,278298.27479223
1.69266466852237,2.86511368006393,5.8388027915515,1.74827305759279,0.0106438990037957,-1.49506510541468,16039.9627039383,152781.252483664,275221.67959347,1.70361100904143,2.90229047012715,5.49441192263847,1.61352439078461,0.0118457821337675,-1.49406044734113,18346.6472843231,153669.91394071,278447.349299146
1.69470051630409,2.87200983996135,5.8229608115815,1.71880057205486,0.0114948678223692,-1.49568249035095,16046.7740665437,152193.587375311,275805.773799315,1.70416275141495,2.90417068331017,5.45170745489325,1.6197584863814,0.0109822740644892,-1.49374474403305,18263.4899763336,153084.141856086,279122.150228687
1.69560162738852,2.87506487880259,5.83811400981367,1.73660575412237,0.0117877705567144,-1.49532507049296,15963.6835703828,152297.385341761,275987.20306883,1.70677084363133,2.91306671267,5.56191253294542,1.66412854182636,0.0108869846009604,-1.49414867913,18203.8435441831,153232.168687354,279479.418500308
1.69620788516153,2.87712118968415,5.82915984722193,1.73277317757592,0.0110873004989211,-1.49560804512373,15955.4085465845,153202.70075286,276121.063380389,1.70609162020757,2.91074861654249,5.43104400275847,1.60353040212111,0.0110889845146456,-1.49390151704335,18251.319891808,154099.860574666,279443.571442155
1.64770697708582,2.7149382823373,5.68933715444324,1.74844284467921,0.0087630140806772,-1.49444433097971,16250.483331851,140471.638047246,264785.494595392,1.65828795548557,2.7499189433085,5.34425750379239,1.61677388309164,0.0133592205000284,-1.49425541364515,18509.8313873036,141301.792697486,268015.932892781
1.69719171048748,2.8804597021474,5.86084380716193,1.72940443290154,0.0112723604857597,-1.49538152905961,16357.4532020806,134220.013314857,281796.474489088,1.7069054463762,2.91352620286874,5.44688598272847,1.60285280658046,0.009252974047968,-1.49390936265472,18662.8421840165,134964.100278667,285080.603985945
1.65611593125037,2.74271997774129,5.73273040392628,1.74846467799624,0.0120819894600467,-1.49500751215825,16043.2461264825,148647.781940888,263091.298722585,1.66662696818509,2.77764545108181,5.31188476211456,1.59784611550765,0.0112042286862189,-1.49383180062453,18227.7676890648,149594.371812392,266505.369092322
1.66071387173956,2.75797056378819,5.73479674913976,1.7548806250986,0.0120167070546723,-1.49526961828969,15929.3877500929,149745.046233301,264696.988138059,1.67121517517933,2.79296016174967,5.38558440806195,1.61574438707389,0.0121960360275155,-1.4943428290783,18159.3172487413,150655.998465057,268001.110431618
1.66614574905422,2.77604165709146,5.76785827255541,1.74646277604583,0.0108233561634034,-1.49545752140639,16035.4318976669,150041.494652857,266552.702682406,1.6763270283607,2.81007230601262,5.39729369760499,1.61337862682812,0.0120637442006553,-1.49373644159378,18233.7800648542,150987.89581723,270004.65841036
1.67018498655196,2.78951788930356,5.73204162218846,1.72152600460853,0.011792447374958,-1.49486180852373,15983.3007630578,150415.450075685,267795.495509625,1.68098484113811,2.82571003613612,5.43311034797195,1.61619276542688,0.0113440077536641,-1.49429153854645,18247.3332231094,151340.774472536,271197.961627469
1.67442512396383,2.8036994957613,5.77612365340932,1.73217753118367,0.0118151586096745,-1.49580654062759,15951.8413459643,151110.158643994,269179.089738862,1.68477683151744,2.83847297201794,5.35734435681108,1.59195392408166,0.0116930376989454,-1.49349995776612,18168.8851158615,152061.008972105,272658.626994671
1.67729775677564,2.8133277648846,5.72239867785889,1.74021961921276,0.0121902763816832,-1.49489819092322,16034.4682920157,141509.006418919,270536.087917771,1.68773820532872,2.84846024972621,5.42760009406934,1.61119549757557,0.0133805293984152,-1.49374140099027,18297.5130390553,142330.646355217,273754.361843378
1.6801421849779,2.82287776174231,5.81125152203845,1.74694089003498,0.0121391567043794,-1.49527132969098,16017.4278318219,151597.322414419,271037.638318709,1.69061635857616,2.85818367188533,5.4214010584289,1.60584355361109,0.0110774133041684,-1.49350989955243,18260.3939024221,152514.993044687,274351.867495557
1.61016840761972,2.59264230089664,5.59979552852585,1.74973934402164,0.0007507014966766,-1.49547261960961,15930.6861036687,144213.618829416,248889.278370367,1.61683296863019,2.61414884844951,5.22509826314848,1.63623688195234,-0.0007852298825218,-1.49400588415986,18871.7407309365,144821.873127785,251074.733191063
1.67534873441276,2.80679338189844,5.73548553087759,1.71241578751582,0.0002033228087255,-1.49467790200938,15978.4868674921,151013.663860195,269444.607292876,1.68284558493716,2.83196926274251,5.47650359745499,1.64754418911961,-0.0006473736284851,-1.49437962339354,18928.3269058259,151644.05024825,271748.283954302
1.67538890930455,2.80692799742068,5.80367492292237,1.73566726623738,0.0001152701789063,-1.49457704405205,16069.8165708009,150020.046308617,269533.900940756,1.68286629180741,2.83203895610163,5.44964110967977,1.63293000594098,-0.0006744932244815,-1.49466189246504,18941.2746249336,150614.320803315,271739.218474391
1.67743881749139,2.81380098642693,5.83742522807584,1.7476257231491,-0.0012371113433692,-1.49503927807815,16035.1646503526,145492.784956644,270958.038663425,1.68373242979085,2.83495489512939,5.48683532352238,1.63692900125883,0.0010799070972597,-1.49380841096469,18979.7375747372,146063.639256247,273133.886477242
1.68026051948674,2.82327541334585,5.8388027915515,1.73939403757917,0.0008258772648171,-1.4946216898955,15999.1303449565,150993.618938319,270969.334423418,1.68655915076744,2.84448176903737,5.41382445931282,1.61923155638523,-0.0015999763298243,-1.49430479146519,18962.1633086966,151535.152132695,272966.232553054
1.68379045015502,2.83515028003325,5.85188964457019,1.74791442791153,0.0002103427602863,-1.49463542398675,16027.2360837685,151897.318688725,272270.552471699,1.69066870384209,2.85836066615108,5.39867126108064,1.60975440667311,-0.0006908639911671,-1.4944396036712,18952.4322003046,152498.274662908,274476.634343115
1.68688633747052,2.84558551554471,5.82364959331932,1.74021663566035,0.0005605697893057,-1.49490701114577,16015.6604178826,152206.608909607,273331.584193661,1.69427516064547,2.87056831998023,5.48890166873586,1.65335798890424,-0.0009785314869592,-1.49465889010051,18966.6569207542,152854.382609871,275751.997017566
1.68601623971669,2.84265076058841,5.85671111673497,1.74930357553659,0.0017201116229687,-1.49467570310146,16410.2159495432,137702.832582022,279071.207239067,1.69338089476733,2.86753885476302,5.41520202278847,1.62142234413667,-0.0041420745610365,-1.49451159531393,19392.6911553969,138289.788985403,281536.11349186
1.68748264783594,2.84759768674738,5.77750121688498,1.71695696322955,0.0002053018866475,-1.49462122839559,16062.0877509208,152514.121695473,273329.340441608,1.69483659351756,2.87247107872621,5.47788116093064,1.64647000702304,-0.0005898120395095,-1.49458979914037,18953.0286852896,153136.943408906,275643.828377232
1.68915609022518,2.85324829714483,5.80849639508715,1.73601901539195,-2.80895165844944e-05,-1.49471646278833,16047.4683585354,151746.474519358,273820.729400438,1.69624395219374,2.87724354535383,5.48752410526021,1.63984286540449,-0.0012439036034473,-1.49448481382823,18945.5547146524,152329.366304136,276026.840435289
1.69534515184246,2.87419518387573,5.94280883396323,1.77672867101751,0.0002423049996831,-1.49544267889732,16039.430275655,152380.519144714,275922.092367826,1.70191616908592,2.89651864659608,5.47374847050368,1.6217940324441,-0.0016931647744291,-1.49423073840508,18944.3982501146,152959.136799302,278100.601737285
1.61900498895191,2.62117715425116,5.57017791379933,1.72573847420278,0.0005575092951235,-1.49509957105413,15955.8755406028,146216.139211706,251795.565630398,1.62607070589912,2.64410594058325,5.3552780115976,1.66322191479681,-0.0013519884813436,-1.49426360331454,18850.4236249326,146842.188945755,254019.369665365
1.69406770279017,2.86986538163678,5.90354827490714,1.75407386895961,0.0006379816300528,-1.49510789290662,16050.1904239633,152531.415601902,275233.786437393,1.70021015602055,2.89071457463544,5.51714171998673,1.65308917816689,-0.0018885416048582,-1.49427193536068,18967.0901644673,153099.479684264,277366.710129449
1.63161525323749,2.66216833459722,5.68451568227846,1.74268317707432,0.000412751041347,-1.49491520022069,16003.3367350294,147496.047657333,255775.268911892,1.63846555638533,2.68456937946108,5.30155303604717,1.63678853542999,-0.0012209938388338,-1.49432860174564,18901.3879632778,148103.797841425,257971.615296666
1.63814227424937,2.6835101106829,5.65352050407629,1.73919350298815,-0.0001411355746515,-1.49492354527959,15986.1702277776,147547.445836798,257579.80656136,1.64476086856809,2.70523831477284,5.38489562632412,1.67872730668945,-0.0007864766903019,-1.49420091793892,18890.3330163857,148160.132359432,259798.081929254
1.64681011076029,2.71198354090233,5.72377624133454,1.74133277130243,0.0011454296796253,-1.49459308349006,16009.0543122351,148248.285792443,260533.374098304,1.65416867004123,2.73627398894597,5.31326232559021,1.6204152683063,-0.001086536693418,-1.49474515972334,18906.6722967704,148831.475302301,262599.730494041
1.66258394579773,2.76418537682435,5.73961822130454,1.73395458427542,0.0005841267591396,-1.49485065014586,16007.5293494676,149828.945568686,265542.717617269,1.66990641615655,2.7885874387208,5.41520202278847,1.64478926065098,-0.0015820269966436,-1.49439350938994,18924.1108728087,150439.943246939,267765.087026231
1.66963878536789,2.78769367360475,5.82158324810584,1.75147964099914,-0.0005806826602351,-1.4946260408246,16012.3714850845,146308.05321637,267986.418468191,1.67704610035507,2.81248362271615,5.44068694708803,1.64108807293174,-0.0001723062668481,-1.4947875261484,18926.86599976,146868.923856905,270115.988962081
1.67232243300854,2.7966623199436,5.78852172469019,1.73826350806463,0.0003596963293104,-1.49492719224632,16119.7036545082,150865.91865639,268666.590336287,1.67930230998923,2.82005624833516,5.40969176888586,1.64086366908525,-0.0012512784933763,-1.49427735597429,18963.1365572921,151479.845667747,270898.497711597
1.67500896162,2.80565502150732,5.87530822365628,1.7580967218177,0.0009248069555621,-1.49497353631389,15974.9003809833,151020.810366618,269070.180798099,1.68154341568356,2.82758825882874,5.40211516976978,1.62815653100539,-0.0018542957451266,-1.494219064819,18912.7700814954,151653.277273714,271426.437820251
1.59500075743732,2.54402741622563,5.56260131468325,1.76607707035735,0.0089945133601957,-1.49253222597657,18430.0814825712,111096.680380216,244486.004384894,1.60253461285831,2.56811718540892,5.46341674443629,1.77869963248649,0.0132272937776423,-1.49308074114991,19423.2034976009,111668.417594346,247012.149996468
1.6416900281082,2.69514614838991,5.58877502072064,1.71088880728621,0.0068284279177014,-1.49194402753004,18687.751975565,147766.571433032,260288.466492648,1.65013291551172,2.72293863885522,5.64525512322237,1.72451303792118,0.0119544063779436,-1.49419115496753,19470.5104049183,148476.79221258,262776.080890204
1.6439925202646,2.70271140668595,5.65145415886281,1.72657162971135,0.0073688909456413,-1.49176422755008,18676.2314122181,145017.447669774,261016.67410924,1.65276024374682,2.73161642331003,5.48063628788194,1.72589249273277,0.0113322362126509,-1.49454404009359,19507.9911519638,145740.018641482,263667.254936124
1.64602155911764,2.70938697308006,5.65214294060063,1.73024869471737,0.0080207812637268,-1.4924705921555,18395.4984402967,148732.831173143,260148.64015103,1.65444179479825,2.73717765237526,5.43517669318543,1.68256815936527,0.0126570739574358,-1.49421822422163,19404.6883557064,149508.714752101,262885.731709471
1.64785180590399,2.71541557422103,5.60530578242846,1.70370145894309,0.0073083135342808,-1.49254935020296,18382.6044461646,149019.931265658,260724.241091066,1.65601512053732,2.74238607944822,5.42415618538021,1.69157431517769,0.0129751927099587,-1.49397477456376,19401.1831454426,149762.934820828,263328.535755897
1.64788111362303,2.71551216463549,5.65765319450324,1.73041459328588,0.0076883298194938,-1.49256491434775,18266.3188029309,148232.61726036,260599.682821139,1.65669891710232,2.74465130192801,5.40073760629412,1.65684274243696,0.0125724060041561,-1.49446857261368,19342.8336893044,148976.362374579,263201.324813406
1.64867184414379,2.71811884967248,5.63974486931976,1.71250950391868,0.0080649417799134,-1.49285205817242,18376.2821185931,148699.339886581,262122.717832181,1.65673392494515,2.74476729806415,5.44413085577716,1.67754285808405,0.0126502844765759,-1.49372126822126,19501.5834154568,149466.572592826,264825.369939246
1.64938004846243,2.72045454426592,5.65627563102759,1.73064060164468,0.0074510849043468,-1.49278307447248,18214.2234849721,149068.792424709,261296.417389312,1.65774691875215,2.74812484663223,5.73617431261541,1.73974895807914,0.013117903920958,-1.49407457746712,19324.4886764991,149826.430588402,263950.362080232
1.65167285755216,2.72802322837453,5.68176055532715,1.73691514211644,0.0074939453330857,-1.49303777669819,18276.3825929022,149387.310545661,262064.319332872,1.66035791376596,2.75678840180525,5.53987151733499,1.7444271887605,0.0128327742020787,-1.49412323178102,19349.9687793265,150171.464341067,264803.901721429
1.65247601416696,2.73067697739714,5.67005126578411,1.72787294703749,0.0090080995152495,-1.49274669193856,18479.7467785589,143824.820544776,263048.109661222,1.66072212566386,2.7579979786695,5.58739745724498,1.7380299127207,0.0109740552218552,-1.49364272529931,19453.2150954815,144573.2908268,265785.235095728
1.65485717231285,2.73855226075528,5.65558684928976,1.71837933487904,0.0072922917725828,-1.4927883776986,18348.2521457722,148908.354088484,263125.162746729,1.66226072636253,2.76311072240727,5.49027923221151,1.6784149872026,0.0127767802964961,-1.49419741958712,19369.0239261035,149577.267392386,265508.061121455
1.61214249930315,2.59900343805939,5.52885100952977,1.71996856273496,0.0072894546721535,-1.49250394624037,18386.2852957715,145744.383140349,249658.966283419,1.62051851710265,2.62608026427257,5.40831420541021,1.70931446441288,0.0132491852875001,-1.49407326371751,19406.3242123337,146518.189725704,252329.624781437
1.65543515558137,2.74046555433473,5.74512847520715,1.74648543087314,0.010146492517076,-1.49326880107669,18334.3139585256,136855.318854776,264533.643125296,1.6630118956374,2.76560856503149,5.42966643928282,1.66155040032344,0.0117205173355403,-1.49392189277885,19458.6220321234,137529.991500601,267219.500129556
1.62111022195151,2.62799835171567,5.47168212529021,1.70671954860366,0.0076621538131353,-1.49329894138293,18191.8043281876,145298.839648972,252167.646074351,1.62941354898408,2.6549885136129,5.65765319450324,1.75985162122129,0.01236999951039,-1.49422179215076,19291.0779407424,146074.466339253,254855.076184287
1.62486800826737,2.64019604429078,5.61977019892281,1.7376764664533,0.0077940225338493,-1.49250817663102,18223.6515293995,146967.334742173,253607.298381709,1.63305085193697,2.66685508501207,5.36698730114065,1.68819573622178,0.0131318944027107,-1.49434077037635,19301.2519357918,147701.590338279,256117.911214953
1.62959433375312,2.65557769260028,5.63492339715498,1.73149021679011,0.0072382738941637,-1.49278015243606,18233.9956535382,147159.084971065,255209.209285336,1.63733898746601,2.68087895987623,5.35321166638412,1.65797143234134,0.013017830109254,-1.49418020383058,19369.6803350996,147863.763245072,257690.506142296
1.63213560008572,2.66386661706717,5.67418395621107,1.75517845594651,0.007030787107142,-1.4929483614019,18213.044290637,147116.37421072,255695.76632499,1.64026167828317,2.69045837324433,5.41313567757499,1.68009611497473,0.0138171244346696,-1.49366806663489,19292.7874970157,147878.041897518,258338.519964315
1.63593644752612,2.67628806034437,5.54675933471325,1.71080702207178,0.0080202037718061,-1.49264664380269,18233.2090647936,147571.537368032,256890.202798448,1.64488924066828,2.70566061406627,5.43242156623412,1.70254776405246,0.0122109277804943,-1.49397138773619,19346.0220599688,148378.470750021,259738.009602405
1.63890363323057,2.68600511901638,5.63561217889281,1.73657604348257,0.0045555541714161,-1.49259648562774,18497.590358259,130193.318905906,258493.307211342,1.64735133816113,2.71376643134128,5.41038055062369,1.68414994074289,0.015040540654104,-1.49406932129577,19444.6383852821,130870.320964859,261174.519344423
1.64083457198426,2.69233809261878,5.62252532587411,1.71646924966859,0.0073785789368525,-1.49252895360706,18475.4467141696,148380.547167915,258510.381711774,1.64880946669638,2.71857265746761,5.42622253059369,1.69039355684752,0.0128996432894207,-1.49404895143519,19396.7597891223,149114.175751178,261075.99680886
1.73199438676784,2.99980455579529,5.93109954442019,1.71571718470206,0.0002751780445198,-1.49462625197169,16649.585511763,156134.018144266,288045.599913589,1.74164549018345,3.03332901347635,5.72239867785889,1.70876801839383,-0.0022107379017512,-1.49514338342709,18331.2323490306,156987.542730695,291262.149135186
1.7513643614574,3.06727712658309,5.95176299655497,1.7039387112955,-0.0005543559636483,-1.49456109794186,16879.2384300072,154851.167005106,294806.903822376,1.76074474076908,3.10022204214598,5.76303680039063,1.69589907175287,-0.0008013246969498,-1.49518452307537,18559.4243612089,155678.655022925,297990.271398997
1.74839925775145,3.05689996450583,5.92627807225541,1.71493806850671,0.0010491122652053,-1.49445209443547,16865.4510859612,146338.82878761,293820.306258825,1.75834176541354,3.09176576399762,5.74030700304237,1.69134019450465,-0.0021492604789487,-1.49516574432469,18618.9240828492,147115.213832963,296979.522884793
1.74873741609969,3.05808255046702,5.9366097983228,1.70519567730332,-0.0003058673929776,-1.49424892870998,16888.2504502649,156714.447635494,293998.303241946,1.75870343791731,3.09303778254216,5.74168456651802,1.69757065088824,-0.0006838448229355,-1.49490570351989,18598.4961940688,157573.22014862,297254.285313243
1.74855937762844,3.05745989709236,5.9552069052441,1.70459357890679,-0.0001409322728499,-1.49411540212944,16909.3037528633,154643.562522953,292950.40569281,1.75842614148071,3.09206249504274,5.70793426136454,1.67416877531249,-0.0007721553181306,-1.49489620695535,18581.7767061648,155523.327809611,296317.966103411
1.75499809222408,3.08001830371016,5.93592101658497,1.69672562079865,-0.0004184427260756,-1.49498543134309,16857.125781096,156757.892177683,295407.514988066,1.76425059758349,3.11258017107371,5.7279089317615,1.6855910725108,-0.0011004544982771,-1.49445638115254,18603.7922368509,157610.643013593,298649.059544932
1.75451758740806,3.07833196452419,5.97518157564106,1.70622324201836,-0.0012640731112394,-1.49368482557222,16915.9560068873,153828.345199626,295820.952796799,1.76464734317735,3.11398024578288,5.79954223249541,1.6935685977035,-0.0013374064457032,-1.49528122510243,18619.9710310907,154706.291995238,299237.08095017
1.75607604792508,3.08380308609618,5.92903319920671,1.69116376784419,-0.0007739319486667,-1.4942242613248,16904.6882264381,155936.712796252,295683.544470606,1.76655013237854,3.12069937020665,5.77956756209846,1.70077769318466,-0.0010507370730218,-1.49543817836438,18597.1089876488,156835.133701977,299181.997751758
1.75866294531627,3.09289535522851,5.88012969582106,1.67429841035548,-0.0001027148841306,-1.49427838349423,16888.6396119468,158743.04930939,297125.04072714,1.76813456325025,3.12629983376014,5.71413329700498,1.67099580864472,-0.0008413342399522,-1.49479447590742,18577.1081435458,159571.244391747,300245.026194208
1.75802396144237,3.09064824900554,6.00066649994062,1.70998588453748,0.001367353387447,-1.49450174819157,16899.2220545668,148352.505010075,297101.31073925,1.76797057114373,3.12571994043027,5.88632873146149,1.71073110565891,-0.002200789985045,-1.49404859159645,18605.486639926,149232.023687454,300639.328787929
1.7550654148569,3.08025461042683,5.89941558448019,1.69239615978743,-4.35758152983251e-05,-1.49464986597341,16892.5945966854,154286.401655417,294913.895026023,1.76478179108736,3.11445477015351,5.80574126813585,1.71733160669525,-0.0002146589687494,-1.49480503900405,18617.5754482066,155148.512761929,298323.402707274
1.73499785146471,3.01021754458715,5.88426238624802,1.71633809678046,-0.0004353581659547,-1.49465047336847,16660.9331908937,156273.42233056,288593.770902932,1.74462754524331,3.0437252716217,5.75408263779889,1.7207341392391,-0.0005143870250119,-1.49498755104011,18310.7397147668,157158.341808204,291915.22603051
1.76196561638002,3.10452283330544,5.98275817475714,1.70117738104861,5.65562594566515e-05,-1.49436278726186,16876.6975141764,157497.036009481,297794.196635303,1.77217004649855,3.14058667370666,5.69966888051063,1.63655468163223,-0.0010085385115645,-1.49504773077396,18598.2998912735,158375.156325307,301189.415986844
1.73484931424672,3.00970214314232,5.90148192969367,1.70092664557774,-0.0005359167627394,-1.49545031614888,16636.756951896,154076.232049986,289221.553715823,1.74427120152363,3.0424820244647,5.67074004752194,1.67984798528226,-0.0020439861208082,-1.49455812573268,18333.9599247123,154975.138471721,292662.827271254
1.74103216839491,3.03119301138587,5.96416106783584,1.71899818973433,0.0001414061634495,-1.49419677609144,16705.9602306588,155890.483783232,290946.16761032,1.75173156773058,3.06856348538385,5.80780761334932,1.74817482903201,-0.0011421033481989,-1.49532828492605,18398.6799231437,156799.247682481,294411.036545595
1.74450128302928,3.04328472649079,5.91181365576106,1.69639498166279,-0.0004944977357042,-1.49516438332012,16710.9600972937,149831.136043347,291796.863343875,1.75381129842472,3.07585407048219,5.69829131703498,1.67734774217439,-0.0005067672286947,-1.49467068173995,18415.1865774907,150666.430284735,295168.203188666
1.74174047141457,3.03365986976345,5.9579620321954,1.71251973186965,-1.90629025506773e-05,-1.49478610697794,16705.4539760815,155960.564210208,291138.076992879,1.75184245809201,3.06895199797386,5.7279089317615,1.6973649296838,-0.0010846291552793,-1.4950284978698,18380.0828162224,156854.370779665,294544.652417296
1.73776725584186,3.01983503547614,5.95451812350627,1.72122664691012,0.0001361179782159,-1.4946643577742,16738.65532219,153111.938059288,289507.946286948,1.74777812997713,3.05472839162637,5.86497649758889,1.69155164141061,-0.0003339037752857,-1.49475881274993,18394.7263159686,154002.914654139,292894.353492267
1.74582696821969,3.04791180296315,5.91732390966367,1.70339520004032,-0.0012020739955537,-1.49404297920776,16715.2326104134,148479.350214339,293433.596309758,1.75636378934254,3.0848137605137,5.71826598743194,1.68262179041442,-0.0008221923030012,-1.49540544044001,18401.3131357274,149303.546586777,296732.657395911
1.74809965580139,3.05585240661294,5.96484984957366,1.70667909547756,-0.0004074669832155,-1.49429363727503,16830.1014296124,154544.988547435,293521.624044,1.75772972192463,3.08961377533724,5.7120669517915,1.70479566252189,-0.001456003190239,-1.49475989921607,18526.6293963257,155385.81152547,296749.147804782
1.70899003414454,2.92064693680537,5.86979796975367,1.73125616171467,0.0032373488640905,-1.49384081919954,17880.5445496458,154131.790304314,280429.743293415,1.72101208345066,2.96188259138317,6.20523467607496,1.89015611624373,-0.0010092307519253,-1.49169772097194,20875.4612200298,155218.269762794,284541.647883925
1.75589723649789,3.08317510514092,5.86842040627802,1.69581056558335,0.0027773222136385,-1.49352015520297,17993.9317993267,158499.777767997,295922.083798159,1.76929770134088,3.13041435597012,6.55995727105538,2.03146510917404,-0.0007879253156226,-1.49170123890068,21025.6852058314,159660.987522629,300395.585376354
1.753981801883,3.07645216133674,5.98000304780584,1.7206918314284,0.0014697340872711,-1.4932293078006,17837.1499225993,158163.208725039,295228.159349696,1.76750514285924,3.12407443003387,6.4098028522093,1.90254919310406,0.0008278818250799,-1.49200004109844,20839.1761980811,159284.835178682,299566.380945708
1.75840739434576,3.09199656448984,5.86497649758889,1.68376507751535,0.0017831500717735,-1.49361929800642,17974.0087875601,157689.623510604,296703.192231315,1.7708791326571,3.13601290248038,6.36089934882365,1.93845630357562,0.0003908291915698,-1.49190442908325,20960.6173726225,158806.778634099,301047.423560175
1.75567371254446,3.08239018491964,5.94005370701193,1.70063466801783,0.0017163085342242,-1.49335220136665,17958.6227811005,158156.756252668,295835.170447306,1.76912926088281,3.12981834171174,6.77830108194624,2.12547304092221,-0.0006483578578684,-1.49209500743045,20913.3132204321,159342.625774281,300424.938230021
1.76016629849137,3.09818539834481,5.86153258889976,1.71273007829736,0.0015117468763754,-1.49382977435013,17874.9399326451,157747.989889824,297410.686392217,1.77338024544527,3.14487749493551,6.62263640919755,1.9369133535115,-0.0004151526232662,-1.49231719498288,20850.3310183252,158883.750986963,301827.320383362
1.76410837912103,3.11207837328504,5.96416106783584,1.69090872483446,0.0023382888511148,-1.49406327302823,17950.3746197901,158733.838040517,298570.362300082,1.77674215104001,3.15681267128229,6.36847594793973,1.92476846743476,-0.0002589399431057,-1.49195515889439,20938.3173750786,159896.99897169,303126.773240152
1.76047775691037,3.09928193257617,5.94969665134149,1.72756489158858,0.0017254711197413,-1.4939814337914,18001.268702398,158578.210508711,297466.367421746,1.77356277104997,3.14552490285445,6.359521785348,1.8343473169434,0.0005892165904808,-1.49194774144515,20988.6266819912,159739.730311333,301960.403151321
1.76568278367825,3.11763569257779,5.9524517782928,1.68590019856754,0.0032224872935997,-1.49323761540291,18016.855833125,158793.186300842,299640.652957667,1.77911874291709,3.16526350139888,6.49039031553495,1.96312161296431,-0.0013924449600108,-1.49157168467749,21092.3372370374,159972.117428932,304294.706413027
1.76169996308212,3.10358675992354,5.98482451997062,1.7111060220771,0.0024688144512332,-1.49337420709951,17953.7186551272,157799.847493184,298105.671931697,1.77532099384118,3.15176463117324,6.39602721745278,1.82517253413051,-0.0002632833636571,-1.49236791766291,21015.1096510288,158940.564239042,302558.447196467
1.76522624130775,3.11602368300149,5.91388000097454,1.72857373456086,0.0024719638227439,-1.49412828742126,17969.4283890035,159215.41655765,299231.853679032,1.77794357741025,3.16108336445434,7.23634093760057,2.2930654639754,-0.0004455184592413,-1.49187608054318,20992.2296992617,160344.82682152,303596.675279515
1.7160924760429,2.94497338633106,5.82984862895976,1.69987432604893,0.0022203932203164,-1.49361305770911,17794.4406333819,154212.808823606,282735.06856281,1.72872248653654,2.98848143545707,6.27342406811974,1.89791616417839,0.0001071440979275,-1.491983827198,20773.4795071456,155354.285981994,287106.372776031
1.76376085819488,3.11085236490036,5.91319121923671,1.71060446146279,0.0021109521696168,-1.49408222172056,18012.9180679299,157964.957659155,298738.408490126,1.7768083363767,3.15704786421774,7.24805022714361,2.07156518831679,0.0001353815221607,-1.49229534568358,21078.7468845683,159124.02594758,303244.393615635
1.72367500404763,2.97105551957861,5.88357360451019,1.72141935526483,0.0031914221507721,-1.49334092508886,17854.1318363454,155518.77228056,285324.583492661,1.73634291597538,3.01488672185789,6.59164123099538,1.94640989864884,2.59449907016959e-05,-1.49221336835737,20814.3414837421,156610.221945643,289447.619463093
1.72533723200969,2.97678856415886,5.75752654648802,1.73095740760098,0.0020992204047789,-1.49323592198135,19558.1206868428,163902.637301147,313632.451481067,1.73937665822322,3.02543115917177,6.23829619949061,1.84882386178678,0.0018282779593475,-1.49252164956618,22856.5572953807,165126.669758762,318508.417070497
1.72628988369611,2.98007676255151,5.85464477152149,1.70895751820084,0.002851856439943,-1.49360225538711,17929.7056574014,155295.784363175,286015.615604492,1.73956975346494,3.02610292717008,6.68875945602885,2.03824695232552,-0.0003525960598564,-1.49236415286206,20962.6857841812,156401.549003125,290224.468970457
1.73466595658605,3.00906598093858,5.75683776475019,1.7079437631155,0.0023027805989705,-1.49401239560684,17778.9354676817,156527.244827439,288873.460882522,1.74763329158557,3.05422212185822,7.08412017354101,2.23591393681579,1.39778061951634e-05,-1.49199203665536,20870.3215307022,157689.167173339,293300.352268697
1.73636441595924,3.01496138500947,5.87255309670497,1.71685231518012,0.0028394287316507,-1.49377179554311,17864.0599363144,156053.427515515,289265.435036233,1.74912999271969,3.05945573143159,6.7507498124332,2.02289034439775,0.0003365561482026,-1.4924836910463,20810.7970129192,157145.186257356,293469.240405733
1.74353948347415,3.03992993043329,5.94005370701193,1.71405745243994,0.0015219993511921,-1.4938647492916,17821.6447568991,156910.194877636,291749.373833837,1.75633519886337,3.08471333076644,6.27066894116843,1.80945692056714,-0.0004991207655792,-1.49238696670389,20824.7503533641,158024.851365209,296058.856360127
1.74798554794274,3.05545347581668,5.86359893411323,1.70442406476516,0.0026500326447725,-1.49429266428939,17840.4519422504,157519.014471086,293192.822675362,1.76074792139313,3.10023324269021,7.0944518996084,2.06842710898811,0.0007635555637082,-1.49214119120641,20792.3803668132,158652.822073125,297536.384751414
1.64156397174024,2.69473227331559,5.66660735709498,1.73429201308265,0.0052352683899327,-1.49204975722484,18103.5472802113,147847.90198817,258858.413951284,1.65451404648553,2.73741673001793,6.54618163629886,1.98163955480485,0.0089429637254765,-1.49103227512699,21158.7654141785,148921.776680397,262823.221689375
1.68392417050462,2.83560061200969,5.75683776475019,1.71435498833106,0.0059064411951593,-1.4927861207458,17944.337447858,151684.713477967,272083.70637212,1.69644316314279,2.8779194057739,6.70115752730972,1.99159540696545,0.0081047295052593,-1.4909129380465,21094.463506262,152773.483443117,276202.646268392
1.68646635065812,2.8441687519021,5.6273467980389,1.7416267789314,0.0054763231383309,-1.49283952076406,17798.0319413629,152219.242368443,273191.6083136,1.69930887606624,2.88765065627752,6.41462432437408,1.98617497927399,0.0088198041405654,-1.49128716701275,20957.1562443899,153282.861413477,277168.598526245
1.68774760383832,2.84849197426198,5.76165923691498,1.71752773150222,0.006729970522666,-1.49247453286357,17984.7834002849,151941.92075303,273425.433252041,1.70041164638405,2.89139976715852,7.48912383538273,2.21011656730518,0.0075577167803956,-1.49064403910996,21178.8062076223,153057.359029139,277643.582495369
1.18401171691139,1.40188374578347,5.74581725694498,2.46468587679693,0.0217101939166082,-0.48226561795861,18069.7763116057,27648.3361580343,82612.0356641364,1.19450807980018,1.42684955270792,7.31348449223709,3.46747896143688,0.0174762358364492,-0.487750945075797,21232.9279214537,27840.5918263457,84273.4051258253
1.69110282775578,2.85982877404359,5.74306212999367,1.71168283784733,0.0062992412931351,-1.4930238486152,17945.0090100524,152087.053111852,274484.667371285,1.70372248409255,2.90267030280248,6.52276305721277,1.92036624990979,0.0078055977361819,-1.49226388131739,21119.3395475054,153136.704531983,278463.32143726
1.69097050260689,2.85938124068659,5.67349517447324,1.69473268078919,0.0062187951886423,-1.49291018431656,18029.5115087758,152017.968606984,274827.308576361,1.70336266159552,2.90144435691778,6.78036742715972,2.16435083589294,0.0080989658131705,-1.49129810814815,21157.0806540478,153098.173406371,278947.045042483
1.70019205769779,2.89065303305864,5.89803802100454,1.76264460925441,0.0061648616108454,-1.49290624427557,18072.6747051585,153025.576205568,277330.425378224,1.71210511728913,2.93130393264763,6.51174254940755,1.92033685347281,0.0094592564978646,-1.49111632287887,21061.7525727509,154068.449210241,281252.692307942
1.70477044620034,2.90624227423812,5.8071188316115,1.70975796258644,0.0066418896879259,-1.49268423672585,18112.6150917898,153282.858665648,279235.421896326,1.7173528976466,2.94930097505517,7.90377044155402,2.45928434173733,0.0077354963638591,-1.49099256879409,21097.860577793,154373.07559501,283415.480714697
1.70477044620034,2.90624227423812,5.8071188316115,1.70975796258644,0.0066418896879259,-1.49268423672585,18112.6150917898,153282.858665648,279235.421896326,1.7173528976466,2.94930097505517,7.90377044155402,2.45928434173733,0.0077354963638591,-1.49099256879409,21097.860577793,154373.07559501,283415.480714697
1.69936142264309,2.88782924476755,5.85188964457019,1.72219694559337,0.0060635374842826,-1.49227710336999,18152.1911128818,150787.27948949,276894.464012988,1.71179664627383,2.93024775819432,6.62470275441103,2.01683846746419,0.0091006084093129,-1.49131385827625,21162.6005508948,151811.883741813,280799.635269988
1.67170461797255,2.79459632975076,5.71757720569411,1.73843307597111,0.0059012737257205,-1.49274907967032,17885.1042847502,150512.721383425,268507.728306403,1.68406158705934,2.83606342900881,6.81480651405102,2.16638471097077,0.0085548129637541,-1.49102135230277,21126.3203504182,151558.118477802,272370.287298094
1.71065479586069,2.92633983060116,5.88839507667497,1.72641878322121,0.0071935117382091,-1.49266404056451,18098.1906246362,153540.392112301,281097.455711002,1.72330538484161,2.96978144942411,6.59852904837364,2.12509816960221,0.0087587128948112,-1.49101309189387,21108.1606199005,154663.212519016,285402.813506003
1.65400036853036,2.73571721909856,5.72653136828585,1.75568982972676,0.0064758072507813,-1.49287929044532,17946.983058513,148381.47852129,262254.403764328,1.66617309004371,2.77613276598581,7.00973174585579,2.16539048362856,0.0075704148669149,-1.4907729396403,21228.8034964076,149470.02783832,266332.638336742
1.67676574911086,2.81154337739129,5.66385223014368,1.70223900386294,0.0062001906436133,-1.49268490006291,17903.7241214688,151078.158529826,269687.416367561,1.68918138028148,2.85333373548964,6.14737701009757,1.92108171414367,0.007744987728582,-1.49098825290577,21080.7064686124,152145.812238315,273677.395860245
1.67738490847077,2.81362013116549,5.7437509117315,1.71965731497323,0.0057293116807452,-1.49319052622345,17794.7464524735,151196.410504478,270365.059100722,1.6893171798268,2.85379253405798,7.07723235616275,2.30164492413056,0.0085688900137953,-1.49132075734131,20920.4793056324,152234.419320813,274249.415340453
1.67948256942542,2.8206617010038,5.6170150719715,1.72246795526148,0.0063343422224897,-1.49285420197389,17820.3408930694,151067.494615362,270580.588638154,1.69167857850864,2.861776412985,6.21969909256931,1.85913011409654,0.0078630030666806,-1.49119725150278,20933.0364854947,152112.219867717,274535.433990394
1.68044340992614,2.82389005396419,5.69691375355933,1.7375090507438,0.0068279124990751,-1.49307383706967,17969.2403515891,147209.641919099,271572.625009626,1.69264955441892,2.86506251407456,6.70460143599885,2.04520985969075,0.009182546206712,-1.49170961673995,21126.7453287505,148222.45715946,275439.151873214
1.68184860642757,2.82861473494238,5.78438903426324,1.73873066759494,0.0064493000856859,-1.49272203281736,18004.8290152009,150519.240213101,271716.323732916,1.69451019273011,2.87136479326623,6.24174010817974,1.88084867146946,0.0087977340847206,-1.4917491189472,21031.1754850636,151591.058363147,275769.388372821
1.6824072812041,2.83049425984856,5.74581725694498,1.74248734593317,0.0068604012850946,-1.49288771183798,17832.7492960763,151024.279528677,271653.721978175,1.694963046053,2.87289972748527,6.12120330406018,1.84743573833347,0.0083447739737988,-1.49221134321492,20865.9946038251,152081.208469907,275622.875906394
1.66722377587173,2.77963511883199,5.78301147078759,1.73600932463727,-0.001376563539055,-1.49386597023124,17461.0675171471,150421.989843964,266979.283145229,1.67906313795892,2.81925302125245,5.54675933471325,1.72314044497851,-0.0016311114515518,-1.4947810558493,18719.7830815008,151431.867496033,270572.369003044
1.68785221640895,2.84884510443661,5.76441436386628,1.71224861624893,-0.0004744805167876,-1.4935567709848,17486.7253256629,152279.12621733,273859.571635821,1.69746316030664,2.8813811805982,5.57706573117759,1.7014772093694,-0.0010364962819497,-1.49406801861049,18703.7454875173,153120.891861483,276920.908958213
1.69379984771433,2.86895792411707,5.82847106548411,1.73092819605682,-0.0001268835983242,-1.49385524405941,17493.7784506582,151096.336238403,275094.538229259,1.70357989175475,2.90218444759113,5.61563750849585,1.71113883819802,-0.0015058549566285,-1.49407326859816,18671.4850172627,151936.180786635,278138.964955206
1.69265104650975,2.86506756525054,5.78094512557411,1.71780767055406,-0.0005147813299731,-1.49352121017082,17527.4268161145,149384.212641817,275173.939305209,1.70201218541932,2.89684547931584,5.58119842160455,1.72023749835071,-0.0007989147420867,-1.49374604580539,18732.1026316636,150187.825160609,278151.496266689
1.69887096430671,2.88616255336441,5.80023101423324,1.70810544753993,-0.001097876819925,-1.49409432644079,17451.622941958,150522.405853555,276555.056102682,1.70751577184346,2.91561011109415,5.63630096063063,1.71262228216454,-0.0006449690013121,-1.49368818303979,18698.6980949425,151309.196208175,279428.144699574
1.69545269958768,2.87455985653916,5.83260375591106,1.73634669964601,-8.45932108477742e-05,-1.49429813378011,17477.5886359106,152693.749250339,275650.142068317,1.70434630363352,2.90479632270924,5.64938781364933,1.73478809955037,-0.0011142741852204,-1.4941770239131,18720.4036738466,153512.852930422,278634.392743724
1.68950833210356,2.85443840424734,5.76441436386628,1.71425294722366,-0.0005849237501425,-1.49373875420695,17487.6827322785,152039.283150554,274130.735469286,1.69848310259733,2.88484484980866,5.58533111203151,1.70761220572479,-0.0008823977530893,-1.49405151372366,18685.9384132493,152859.070383372,277112.848855442
1.69196515526256,2.86274608662267,5.76785827255541,1.72422385594079,-0.0021452329111255,-1.49395902554002,18012.7506939676,135765.212101931,282408.094019639,1.70080722546293,2.89274521818691,5.59290771114759,1.7098148792035,0.0018265298061503,-1.49390952573273,19226.134777028,136475.719341898,285365.614599994
1.69291963558532,2.86597689255034,5.76510314560411,1.70852013405781,-0.000763501446539,-1.49362808106408,17514.7339462498,151995.074640475,275040.809996064,1.70217493093734,2.89739949551153,5.58395354855585,1.70658363505924,-0.0004165914387255,-1.49432600232169,18724.1444474647,152802.321652782,277997.528518178
1.69158386265335,2.86145596438923,5.81813933941671,1.72533430614482,-0.0004279455827702,-1.49381196260037,17433.4301499168,152212.731735185,274511.07817237,1.70058535863955,2.89199056201922,5.57568816770194,1.68942957251559,-0.0010800602892708,-1.49427621011756,18653.1462034931,153036.360057794,277502.813718087
1.69956822451198,2.88853214977081,5.86910918801584,1.72806311629516,-0.0007533148973395,-1.49382552726518,17449.3113904459,153347.685374836,277297.589832806,1.70827367065698,2.91819893385986,5.64387755974672,1.71490604055015,-0.0006661320048024,-1.49379177381745,18662.7657292436,154144.96759723,280186.120757847
1.68883235072945,2.85215470887036,5.70035766224846,1.69599003153765,-0.0002713028056693,-1.49408374877716,17432.9218289943,149597.747947425,274398.50124478,1.69816361111103,2.88375965010165,5.54538177123759,1.6788710730582,-0.0018929233476072,-1.49426908206043,18698.7890141319,150424.238137071,277424.193787336
1.68960253452891,2.85475672468653,5.76028167343932,1.73749252313644,-0.0003425197236345,-1.49345234505042,17430.2176718916,152666.902028634,273975.291355875,1.69894828873963,2.8864252878113,5.60599456416629,1.71536592085821,-0.0010478685414125,-1.49397376393653,18631.5039925089,153514.330305555,277046.847712754
1.68513415206172,2.83967711044476,5.79678710554411,1.72142473589794,-0.0003866103535911,-1.49350216632486,17477.9957059177,150014.097966655,272128.891043065,1.69645229915106,2.87795040329491,5.63492339715498,1.72214026832707,-0.0013868452536038,-1.49488628772146,18758.8776441581,151006.777944115,275741.831056133
1.68723457164506,2.84676049975428,5.77405730819585,1.71263364747676,0.0005385095810316,-1.49297059300672,17477.6623355566,150685.104357698,273736.85793953,1.69757073386245,2.88174639646631,5.55571349730499,1.70051314254036,-0.0008594471114713,-1.49566818464201,18689.3354847802,151593.91837656,277080.664381974
1.68527558144784,2.84015378542435,5.79472076033063,1.74146224733392,-0.0012583332512029,-1.49362641104344,17461.0117258264,151633.835929563,273068.357423804,1.6952726727945,2.87394943512381,5.64732146843585,1.74278742758376,-0.0009301156056259,-1.49443899692467,18702.2818263244,152522.686196325,276330.941315454
1.68333651630513,2.83362182712629,5.73961822130454,1.7053497622389,-0.0009354688464213,-1.49408773083932,17497.9827743859,149247.899861045,272064.346905558,1.69265165440214,2.86506962315031,5.58326476681803,1.71167412176209,-0.0007293859628961,-1.49445977735654,18711.7656620725,150056.815634137,275052.427230059
1.68405999363768,2.83605806217096,5.76854705429324,1.72480576823937,-0.0010596324374931,-1.4932477740609,17497.564683871,151748.617233739,272302.573124972,1.69330310516673,2.86727540596729,5.55158080687803,1.69771858248002,-0.0011323788845546,-1.49413387792852,18702.7254017636,152568.336479664,275200.369191437
1.69278996660045,2.86553787102314,5.7623480186528,1.70390651286618,-0.0008049186066025,-1.49380885493204,17470.3819125877,151511.952614443,274422.271825564,1.7017974015195,2.89611439581853,5.58877502072064,1.7209126732978,-0.0010081976587679,-1.4942778776334,18728.9521439948,152327.115974974,277403.454553575
1.69143806841521,2.86096273928417,5.76992461776889,1.71159549284251,-0.0001325234785434,-1.49365942014611,17458.1994299908,152507.82817226,274691.527258417,1.70065284435759,2.89222009702157,5.59704040157455,1.71353814534628,-0.0014552990950454,-1.49418236492047,18664.3967643988,153364.019650308,277815.357929212
1.68701201720966,2.84600954620979,5.8071188316115,1.73097414141226,-0.0021771803462733,-1.49490169698272,17797.9919920221,137338.059222997,274176.836768572,1.69873874782269,2.88571333335421,5.7437509117315,1.79540795013676,-0.0019285262094868,-1.49503321561979,19248.4368409171,138300.892053244,278071.87553656
1.7272993605839,2.98356308107356,5.79885345075758,1.68695515650515,-0.0027714009538642,-1.49426819667833,17803.8066874528,152052.824753109,285527.002818607,1.73854849651543,3.02255087473605,5.80574126813585,1.75306714805853,-0.0004224269763404,-1.49362547106551,19420.5709737989,153115.747590566,289563.953579808
1.71784714540573,2.95099881497862,5.75408263779889,1.69421355850118,-0.0022167085182683,-1.4940308753096,17856.5542817173,154411.390419238,283585.64857707,1.72953720114837,2.99129893015615,5.82847106548411,1.77109942646646,-0.0010956208463969,-1.49357924835724,19463.8202678988,155456.874997105,287479.529471265
1.7252414929596,2.97645820902947,5.76510314560411,1.67488786348966,-0.0014635714929461,-1.49341447390985,17851.3856635566,155847.467565945,286158.617837581,1.73745810633276,3.01876067126144,5.79472076033063,1.76577119502921,-0.0026120353557843,-1.49400416071339,19406.2739312669,156920.72483571,290161.38668417
1.72375790429441,2.97134131261744,5.81745055767889,1.70598128125328,-0.0022811352624506,-1.49375415718339,17824.8916740112,154723.482031985,285073.784906803,1.73543947519308,3.01175017205842,5.66109710319237,1.68957810472303,-0.0009874590782291,-1.49406453465254,19371.5545102083,155732.157933264,288794.750415437
1.71725366365082,2.94896014532215,5.81882812115454,1.7092355629825,-0.0013533200711371,-1.49384711213063,17875.8608338286,152652.608358955,283562.803339932,1.72890785858528,2.98912238347793,5.68382690054063,1.69744351173086,-0.0021360886267224,-1.49370508521308,19416.009861131,153689.577987329,287475.793692628
1.72500710198407,2.97564950189549,5.76441436386628,1.68430025992078,-0.0013895065305089,-1.49337817430477,17881.0466715327,153606.161268335,286079.678897505,1.7367921871056,3.01644710119106,5.64318877800889,1.67188903053689,-0.0017621907062719,-1.49393348526641,19425.3834918011,154651.902782849,290003.047655212
1.72002924885821,2.95850061692775,5.82158324810584,1.714847592067,-0.0017026224036642,-1.49407980772943,17845.2940778673,153268.679713417,284334.401463471,1.73156479747093,2.99831664784054,5.63630096063063,1.67948997852269,-0.0013640258929796,-1.49397419273234,19403.6820455874,154275.412713486,288087.765019153
1.72634336048431,2.98026139828826,5.8098739585628,1.69945203612919,-0.0021539614313933,-1.49344605655603,17828.3307612281,155973.606144264,286226.455465871,1.73791688294685,3.0203550920317,5.74443969346933,1.70877248419187,-0.0015654176253823,-1.49406175646188,19340.2714212397,156948.393576568,289796.356867192
1.72320550644416,2.96943721743949,5.78301147078759,1.67817456662766,-0.001405296226169,-1.4937733517134,17833.5255530948,155747.788545161,285293.371468941,1.73467964973162,3.009113487193,5.65420928581411,1.68859525896441,-0.0016348011815132,-1.49392471516965,19383.4346176223,156796.465515543,289182.841763714
1.72092788378855,2.96159278120093,5.77267974472019,1.6864803448229,-0.0011652034696165,-1.49379286188238,17870.2761914983,153494.101414208,284684.713525889,1.73218932502237,3.00047985772144,5.64663268669802,1.66189166572755,-0.0011297062304329,-1.49372957117381,19418.4350616299,154478.222914722,288361.245066066
1.70790808503487,2.91695002692747,5.80918517682498,1.7047728665551,-0.0022234347732213,-1.49371727327288,17855.9006278481,153252.690697659,279727.184380145,1.71899953212752,2.95495939145464,5.69415862660802,1.71782121202955,-0.0014528868613061,-1.49421496609848,19273.3721173899,154259.953837191,283437.823256918
1.72387092024364,2.97173094966166,5.77336852645802,1.68706456628429,-0.002244036787542,-1.49345653975415,17861.6478226685,151400.067423897,284961.084437426,1.73567809710216,3.01257845676018,5.66867370230846,1.68412368747403,-0.0009340736051454,-1.49392497454711,19440.4898528751,152407.089973051,288750.524031137
1.71759689910423,2.95013910781247,5.88632873146149,1.73289494984539,-0.0022125679157844,-1.494224160799,17910.2103790939,154085.630815207,283506.848801287,1.72920101418498,2.99013614745835,5.67418395621107,1.68208646425892,-0.0019236644286451,-1.49441268206692,19356.974378382,155115.290166246,287356.224271673
1.71571138448362,2.9436655548467,5.81813933941671,1.69765508948509,-0.0018624808681558,-1.49386095546953,17856.4860923253,154448.750588693,283185.48105577,1.72738034203396,2.98384284604537,5.90285949316932,1.83032062057198,-0.0018774196602256,-1.49433181342378,19332.2967062791,155503.44554212,287077.829568977
1.71881779883993,2.95433462560893,5.8918389853641,1.71733238938603,-0.0018809462704497,-1.49423221630884,17935.8027533446,153966.335841466,284543.770273636,1.73071595607176,2.9953777206014,5.67969421011368,1.69956628540774,-0.0021724208500771,-1.4941174603508,19404.6952435238,155059.527955154,288671.662970573
1.71671939600851,2.94712548463184,5.8546447715215,1.70901952116682,-0.0021936132827499,-1.49410585392807,17870.9780600891,153241.565560573,282563.305232151,1.72824615025269,2.98683475586326,5.64801025017368,1.70598832100846,-0.0013413469384926,-1.49444748528024,19341.5697748155,154277.421867535,286424.134493716
1.71834466719336,2.95270839527187,5.81951690289237,1.69354546387155,-0.0016633684944126,-1.49405053660986,17868.1010187702,154104.99542074,283708.982679103,1.73047682533267,2.99455004301344,5.82915984722193,1.73724395738509,-0.0019924897136689,-1.49440644893592,19304.9624030135,155194.940580949,287777.641742376
1.72388971334454,2.97179574377514,5.84086913676497,1.69947390666512,-0.0014920283272104,-1.49410167352972,17886.9240461015,151183.061746575,284851.820578455,1.73535782491218,3.01146678048392,5.73135284045063,1.72070891039256,-0.0010674713362643,-1.4940978704703,19362.2525128389,152221.354601792,288740.520496325
1.7196560033204,2.9572167697559,5.86153258889976,1.70897278199571,-0.0019928533506394,-1.49395682313423,17905.2766355059,153915.488129098,283655.523716268,1.73136502002043,2.99762483255034,5.74237334825585,1.72772512731618,-0.0015721570342044,-1.49386449240489,19366.5491333195,154959.788399246,287521.075930189
1.64117836417743,2.69346642304409,5.59910674678803,1.70608705197085,0.0044449922677369,-1.4939979250741,16974.2131662726,148135.174521959,258908.718209165,1.65032484050249,2.72357207917958,5.46066161748499,1.7200602375306,0.002980522877073,-1.49415702584186,19234.0275269618,148866.719530065,261502.37827741
1.69018146275236,2.85671337703169,5.74306212999367,1.70924220915974,0.0044469655907422,-1.49428462834449,16951.8883725862,147719.133788177,274254.017101618,1.69978139354547,2.88925678584338,5.62528045282542,1.71799650035564,0.0034325157812499,-1.49419409084879,19179.880328206,148543.331591798,277390.763197715
1.69644980355992,2.8779419359985,5.79540954206845,1.70953958961588,0.0028537546119074,-1.493732223735,17744.163699211,152412.856072475,289570.900759892,1.70578408335734,2.90969933903523,5.60530578242846,1.71152946639424,0.0032555742331648,-1.49370498680347,20098.4086585927,153244.086435874,292795.973536156
1.69837152135888,2.88446582456286,5.82915984722193,1.72016981771433,0.0045344643359081,-1.49458923775735,16947.2273865663,151565.181275329,276312.74521999,1.70755030164122,2.91572803263501,5.60392821895281,1.67981540984097,0.0049143398236668,-1.49367461617476,19166.3423231491,152400.573017189,279428.153638959
1.69689461360745,2.87945132968997,5.78921050642802,1.70864254324832,0.0041535955154107,-1.49378409732571,16961.6208585416,152511.923332605,276343.924440842,1.70718604448796,2.91448419049445,5.73273040392628,1.70826698098189,0.003690859866363,-1.49385953976387,19193.3260365101,153425.363701733,279787.690650057
1.70429954376249,2.90463693486905,5.80643004987367,1.70755784840998,0.0040554765617266,-1.4939872803157,16953.3671869773,153409.289347068,278926.809948027,1.71422379039453,2.9385632035546,5.71413329700498,1.73573982875962,0.00368283089852,-1.49416751356609,19181.848177631,154308.508305276,282309.010444946
1.70457882459002,2.90558896924068,5.77612365340932,1.69473101438603,0.00379304509446,-1.49376417076097,16957.1947470944,153536.718215725,279083.141095518,1.71482449711053,2.94062305589037,5.78163390731193,1.70653958634979,0.0038896965216053,-1.49436103580375,19192.1365104489,154428.083919707,282397.836331089
1.70250443478378,2.89852135045844,5.7306640587128,1.68372636034474,0.004242041252034,-1.4938896549884,16972.15508644,146657.60589382,278967.634245618,1.71225592139615,2.93182034035619,5.67074004752194,1.71839162748031,0.0043217677016308,-1.49405334765737,19185.3857606365,147483.803621817,282184.84218086
1.7016273284636,2.89553556497418,5.83467010112454,1.71663618896953,0.0041934811428295,-1.49402139284964,17043.7725451939,153695.669311018,277980.56895544,1.71161323105971,2.92961985273867,5.63147948846585,1.7002999688525,0.0036896129583907,-1.49419125289849,19258.2016996142,154587.291254092,281310.001820297
1.69647285060093,2.87802013282605,5.78645537947672,1.71060163995763,0.0047840509262705,-1.49395525623517,16907.9854246171,152434.228084937,276392.024528601,1.70674016631597,2.91296199531627,5.66867370230846,1.72383803310647,0.0039643111811073,-1.49374956968341,19150.9377195826,153334.826048948,279755.651354918
1.69663336269059,2.87856476739478,5.78025634383628,1.72776747382574,0.0049328566060344,-1.49410835727862,16883.9145692253,152275.709614735,276182.499739274,1.70661348727068,2.91252959493419,5.58050963986672,1.68772760739116,0.0044914041716932,-1.49370890955536,19084.5012770606,153145.705799644,279417.282513161
1.68357104164617,2.83441145226956,5.74237334825585,1.71624068935804,0.0044170670580699,-1.49480636859493,16916.5573133444,151750.393551898,271764.292216001,1.69275730134868,2.86542728126928,5.66591857535716,1.74459849424099,0.0031297848712374,-1.49369855323861,19185.6199464273,152622.614115291,274988.791911278
1.70046542191853,2.89158265114058,5.83673644633802,1.71739493052593,0.0040349991998955,-1.49391112309829,16938.8648874873,153124.88737703,277257.775384638,1.70979623434766,2.92340316298944,5.61839263544716,1.69625564612313,0.0043108543746383,-1.49432068824345,19152.4247993546,154007.075916528,280597.429946295
1.68674275793404,2.84510113144292,5.72170989612107,1.70965018557533,0.0047713309294448,-1.49427063592786,16942.9500519744,150110.214321436,273387.232908594,1.69621872397653,2.87715795956858,5.60461700069064,1.70759127136109,0.0038554982473663,-1.49395006005625,19179.5042533772,150935.6665295,276440.527410994
1.68468040314672,2.83814806074661,5.7465060386828,1.70722461965855,0.0054527502179446,-1.4942248583712,18070.1620293789,144224.443305407,289555.289962325,1.69443162593705,2.87109853497568,5.58877502072064,1.72104659712191,0.0047994970592015,-1.49449263730624,20436.8739382152,145039.673245912,292920.028073937
1.6738963070718,2.80192884682861,5.7595928917015,1.727473272881,0.0039439383318475,-1.4940346149714,16940.8740638166,150130.646867325,269113.271937974,1.68340373614831,2.8338481388781,5.64387755974672,1.71117603783896,0.003794485170287,-1.49392366333826,19193.3625419423,150978.775810141,272261.73836886
1.68973058405557,2.85518944669278,5.72584258654802,1.69527400050124,0.0034744192245259,-1.49388977640085,17137.0370364042,129296.117229608,277517.639452774,1.69953291375009,2.88841212491987,5.62459167108759,1.72616907590538,0.002490551830493,-1.49400296267609,19409.1888555814,130032.761197704,280764.679717601
1.69241403423149,2.86426526326369,5.80849639508715,1.72277943347431,0.0038701257822782,-1.49464519887346,16964.3319034617,151544.943652812,274404.68038225,1.70194867902445,2.89662930603308,5.66385223014368,1.72399427022152,0.002670032930656,-1.49387954258728,19187.9817790064,152432.321521798,277706.019417496
1.69921929206366,2.88734620252133,5.80505248639802,1.72219731956045,0.0044339996619413,-1.49442126848731,18376.1698471698,165703.814770277,300117.115759603,1.70857123495009,2.91921566489886,5.69760253529715,1.72020848989572,0.003500178110753,-1.49380610885082,20781.8316744984,166647.801510763,303681.522214876
1.69755950489202,2.88170827264924,5.78301147078759,1.71042311882307,0.0050293307018098,-1.49381110319983,16964.5261399118,152538.620885412,276882.901865979,1.70774661997826,2.91639851804719,5.65903075797889,1.73404382192196,0.0039092746145116,-1.49458113535201,19169.3309471095,153419.299264925,280160.984990954
1.64679998694421,2.71195019699945,5.59772918331238,1.70245685771686,-0.0006418302115381,-1.49443701456601,16589.4286923447,148416.408095575,260237.858519323,1.65819197883291,2.7496006386658,5.4978558313276,1.74124746579375,-0.0016737050600791,-1.49450217617004,18968.661964393,149415.916872886,263830.250723116
1.68753315833567,2.84776816048235,5.74788360215846,1.72037939107242,0.0001768404118586,-1.49390311231867,16651.9494106872,151427.940967865,273002.424818352,1.69945725845183,2.88815497330462,5.67211761099759,1.76953141585186,-0.000962559721739,-1.49433906558295,19030.8279601405,152446.995549032,276745.414077142
1.69566583405686,2.87528262078774,5.76028167343932,1.70758861711062,-0.0005802674120792,-1.49420304118675,16623.5716030888,152784.670445191,276019.629081559,1.70676133968843,2.91303427065506,5.6142599450202,1.7057538945335,-0.0017609772000101,-1.49390698402734,18981.0269741504,153804.561523482,279804.25671715
1.68688568694255,2.84558332081163,5.7306640587128,1.70287433636989,-0.0005267365015145,-1.49417226548951,16668.0400408646,152228.613059915,273320.981227398,1.69798402694297,2.88314975575346,5.53711639038368,1.70020760873619,-0.0020727213565465,-1.49408111804843,18989.4604177484,153225.693115285,276992.354758938
1.7129682517948,2.93426023165692,5.74719482042063,1.69187471214366,-0.0006153123264032,-1.49427498922679,16659.4895043712,153586.49877894,281937.804679879,1.72409102889692,2.97248987592284,5.60806090937977,1.67551448739194,-0.0013758347530377,-1.49424524184381,19021.6547649561,154569.400881743,285628.027103011
1.7016741799515,2.89569501471361,5.67969421011368,1.67898477630693,-0.000521925725857,-1.49399830090215,16655.5634484656,149361.129339556,277990.260078754,1.71361164271394,2.93646486204478,5.79540954206845,1.75273663101636,-0.0017749862671011,-1.49388488917947,19013.7716579667,150393.460466154,281922.040916636
1.71585713420978,2.94416570501861,5.79678710554411,1.69058060688068,-0.0004162045894094,-1.49437743942753,16669.6497237859,154000.624002179,282995.818768744,1.72687485019035,2.98209674821995,5.74168456651802,1.73238536520061,-0.001624750566312,-1.49377719487261,19045.4473525258,155005.432280293,286814.177653707
1.72076271219648,2.96102431168578,5.82020568463019,1.70906701136197,-0.0008791533473652,-1.49448309714644,16685.0364190272,154423.276814017,284346.074579779,1.73160892087204,2.99846945484361,5.65834197624107,1.67722439082315,-0.0024242415410765,-1.4936273771156,19032.4183571731,155381.51621148,287965.842877069
1.71919566986904,2.95563375129644,5.81469543072758,1.69296662112146,-0.0001262977211881,-1.4941244350575,16650.3045998973,154082.150139303,283369.447565155,1.73020030003986,2.99359307825803,5.63147948846585,1.68141383839195,-0.0012149396612615,-1.49391171356735,19019.3521676066,155069.557971683,287050.522913864
1.71912946473881,2.95540611653314,5.7595928917015,1.67730718111135,-0.0008755534375805,-1.49398143631105,16686.7198015944,153616.936994296,283517.581122385,1.73024662226988,2.99375337387633,5.66729613883281,1.69976207153563,-0.0016215512598478,-1.49417308802096,19037.9775145791,154590.70995479,287210.270228827
1.72160262826302,2.96391560964214,5.86566527932671,1.70820256426573,-0.000469577373107,-1.49395221175038,16703.2402315762,155366.151850209,284724.366615683,1.73263370324989,3.00201954963742,5.6776278649002,1.68187046999772,-0.0017217575415807,-1.49402500847735,19048.2389849092,156339.708875757,288395.706085528
1.69922656346141,2.88737091397289,5.7465060386828,1.7042195443432,-1.34997624123645e-05,-1.49404182998323,16664.2489861796,153029.933679769,277385.256463361,1.71068757885912,2.92645199246286,5.60668334590411,1.6994148931095,-0.0020518134655312,-1.49406220908684,19033.882018366,154055.469037865,281219.230216111
1.71912834923294,2.95540228113637,5.73341918566411,1.67358473655884,-0.0007873233128673,-1.49403204118682,16659.21950193,152463.857425307,283728.947726537,1.73011649205656,2.99330307608611,5.70862304310237,1.73252647004554,-0.0015280111959358,-1.49407886642703,19008.0106875115,153453.405740767,287466.08241472
1.66619057487096,2.77619103178883,5.5956628380989,1.68849969094588,-0.002138224570058,-1.49466573532874,16758.482593295,140065.52955462,268349.33144213,1.67736057879383,2.81353851129158,5.7093118248402,1.72140345341933,0.0007431513580741,-1.49371643844733,19114.2525154442,141021.288022472,272143.637001149
1.66900144195373,2.78556581324362,5.73824065782889,1.72782821547628,-0.0011564179451484,-1.49410148943134,16644.5443182238,148712.438139745,266739.442857919,1.68014645096936,2.82289209670494,5.51783050172455,1.69421861444458,-0.0017933331217448,-1.49383526275314,19008.9350326037,149707.908537372,270372.782364183
1.67727297261315,2.81324462465857,5.67418395621107,1.70494690445357,8.47507457975236e-05,-1.49376358874585,16606.7453540154,151390.665734428,270160.92252178,1.68853417658117,2.85114766548263,5.6803829918515,1.7827863252925,-0.0025922306552145,-1.49409419178035,18991.0762997053,152421.222221665,273971.290125219
1.6773015948838,2.81334064019973,5.70862304310237,1.7219281484641,-0.000895346454439,-1.49363235457789,16622.9131277474,151372.944907741,270156.553279272,1.688653215295,2.85154968152613,5.55502471556716,1.71279630133987,-0.0016744015086941,-1.49415460416593,18976.0374392416,152369.608576641,273799.606603655
1.6904692918243,2.85768642660096,5.72170989612107,1.69268840352852,-0.0005012289854018,-1.49466419214964,16652.4494662289,151119.512223112,274180.456244846,1.70131862272085,2.89448505601678,5.65627563102759,1.71169905956631,-0.0021281156927683,-1.49387056625299,19017.4669719901,152099.81421768,277854.621775623
1.68882543600961,2.85213135331305,5.61357116328237,1.66982829622037,-0.0003388212506507,-1.49393870342576,16657.7413763206,152060.005350467,273811.385858347,1.70044033670511,2.89149733869379,5.5798208581289,1.70752783414941,-0.0024061552844791,-1.49386483301423,19001.1931258705,153065.293756668,277493.9505661
1.68506624146646,2.83944823812989,5.71757720569411,1.71347814339527,-0.0011051067255931,-1.49468357995166,16745.3433928643,153275.487198624,274539.220259428,1.69648522386723,2.87806211479984,5.70173522572411,1.71687408235705,-0.0023546732924491,-1.49375368652758,19125.410779597,154330.029513881,278399.978264794
1.69014779108698,2.85659955571619,5.73548553087759,1.70036450811179,-0.0018393013366084,-1.49464003251634,17100.5088745021,150080.361416209,273776.905524663,1.70121768107865,2.89414159841463,5.68313811880281,1.75579455093724,0.000307817123679,-1.49441030286318,19315.3616296912,151032.090655474,277319.321618364
1.73879460858404,3.02340669084092,5.87393066018062,1.69118080828906,-0.0021060177704495,-1.49435379077103,16817.7674150332,153929.706904893,291723.749477554,1.750377393787,3.06382102068055,5.82984862895976,1.75335365619057,0.0005435257080813,-1.49396733764796,19144.9115681583,154913.906532803,295467.240120855
1.7298302229988,2.99231260040007,5.85808868021063,1.70504421793041,-0.0012927152462552,-1.49437400915879,16807.9240352179,150034.048242263,286477.09626809,1.74099953037052,3.03107936475035,5.73686309435324,1.71763239379309,-0.0002107384129105,-1.4936274268747,19119.7607030016,151020.576941461,290236.65394222
1.73480823158122,3.00955960036197,5.91112487402323,1.71781886561358,-0.0026303729856473,-1.49486407566797,16823.2466737576,155956.452947717,288864.802252196,1.74528244346927,3.04601080748205,5.83122619243541,1.68952892351313,0.001773645205577,-1.49322039473962,19151.1863697899,156964.575775364,292618.365492551
1.71891748454803,2.95467731868492,5.88012969582106,1.71446526122688,-0.00156978147382,-1.49436271159994,16830.5408723612,144734.65388041,284705.885019263,1.73006516101154,2.99312546134589,5.6962249718215,1.71867397418402,0.000359897455545,-1.49357013057217,19124.7943199417,145659.004552253,288455.013943426
1.73848806823513,3.02234076339592,5.8229608115815,1.68511960746445,-0.0014090728191203,-1.49481464542309,16835.5958415351,149442.945588914,290348.100423352,1.74932070382194,3.06012292482008,5.73204162218846,1.69469796270835,0.0010226254976123,-1.4937823950078,19104.829292489,150389.314352946,294133.021704472
1.73762970694403,3.01935699845441,5.85808868021063,1.69440762143773,-0.0009621512221249,-1.49403033791541,16825.1194713027,156148.84305663,289275.478291686,1.74968932666427,3.06141273984288,5.81951690289237,1.69905791594832,0.0003683954121515,-1.49456747284266,19150.7586363307,157165.679338101,293091.174376949
1.72736106963594,2.9837762648938,5.83604766460019,1.69079289501216,-0.001906382741552,-1.49488056512922,16788.3419704115,151872.988816633,287468.753700519,1.73815589528629,3.02118591631849,5.7754348716715,1.74436799455506,0.0018151938452936,-1.49341297593083,19114.4997880881,152899.494670897,291426.090713608
1.73365263414278,3.00555145587019,5.87737456886976,1.70902087759932,-0.0025293026744593,-1.49428106156614,16803.7768803745,152013.210657117,288012.63820961,1.74536742197545,3.04630743769323,5.7279089317615,1.69974155935527,0.0004337925666409,-1.49420983741075,19111.820427128,152980.188955637,291724.81465131
1.7263131167702,2.98015697713285,5.77612365340932,1.70009267393206,-0.001436566315698,-1.49486057155348,16781.4107597838,155251.934514828,286417.219878104,1.73726693071108,3.01809638854228,5.86222137063758,1.78574457392519,0.000991098622986,-1.49367995243751,19109.0294835263,156223.224146482,290054.237419428
1.72645995999144,2.98066399345366,5.83053741069758,1.70221208586426,-0.0015244012512118,-1.4944116171497,16826.7821904179,154201.108670743,285892.709247749,1.73789998685969,3.02029636432693,5.70793426136454,1.71774807402463,0.0003962502330638,-1.49400223587447,19152.0335713275,155199.595348238,289655.708203934
1.68242385259972,2.83055001979647,5.66109710319237,1.68495028616095,-0.0020821635706031,-1.49464691843448,16738.032663499,142054.939734132,271390.528748763,1.69386824322502,2.86918962540622,5.59359649288542,1.71829039167862,0.0005574062323629,-1.49410686999523,19098.1735945564,143033.940913585,275178.291937243
1.73638084087439,3.01501842455564,5.87944091408323,1.69494870521956,-0.0022158459515892,-1.49357092897534,17058.3423452941,155745.01766187,293634.982902722,1.74810110509456,3.05585747363283,5.7912768516415,1.7170611336077,-0.0004863749195654,-1.49434422048077,19410.5002960102,156765.879117625,297551.829952309
1.70492219931442,2.90675970571512,5.70793426136454,1.68678727951181,-0.0018482738403184,-1.49509279096264,16755.6537666978,146369.331100385,277695.183914484,1.71569983438167,2.94362592169728,5.66798492057063,1.70705910096153,-0.0005639525887861,-1.49369034890801,19089.4515514103,147322.031642799,281342.422139486
1.71162080242689,2.92964577130048,5.83467010112454,1.70814746756473,-0.0023842015975107,-1.49401492611992,16753.0901210696,152174.000364972,281855.451508677,1.72351963331998,2.97051992643942,5.73617431261541,1.74981997461548,0.0011890437481809,-1.49416102307637,19100.5526466789,153187.456921012,285692.786349802
1.7267665398931,2.98172268329439,5.8415579185028,1.70011599039969,-0.0023115193141365,-1.49427696011789,16735.003401416,155117.505324677,287064.709561129,1.73846764804882,3.02226976331241,5.71688842395628,1.70056672862099,0.0003568308695306,-1.4941933582471,19093.0800536052,156133.839765394,290890.47594568
1.72249561762641,2.96699115274219,5.82984862895976,1.70511155855505,-0.0014170270418892,-1.49454645162187,16788.6746519909,153732.47985871,284988.180440654,1.73349704391646,3.00501200126709,5.73617431261541,1.73024464023258,0.0002064492415883,-1.49384781750764,19147.3223042407,154712.396989007,288704.029337023
1.70816699386391,2.91783447892605,5.71413329700498,1.68927867337847,-0.003121304843695,-1.49377036614719,16818.259205194,141091.662434009,280636.158652199,1.72028131044863,2.95936778707887,5.71068938831585,1.74128954033524,0.0013439825451352,-1.4940405695615,19145.1705500918,141994.072171708,284312.600710928
1.72005983661449,2.95860584153427,5.8257159385328,1.70887180118295,-0.0020545670830471,-1.49446260760507,16819.6009520193,150304.073371394,283677.059917148,1.73126496841176,2.99727839084978,5.69691375355933,1.69554959564692,0.0008528933291236,-1.49370839244791,19147.7817216599,151300.424905259,287510.333462929
1.72179084325757,2.96456370792562,5.81745055767889,1.71257900479554,-0.0033214248508297,-1.49430173815977,16792.4271348986,151764.202382834,284347.718081832,1.73342818288808,3.00477326523067,5.71688842395628,1.71154416128263,-0.0003054226044253,-1.49429883202803,19119.93840869,152735.537642138,288130.855331064
1.69527018138152,2.87394098788134,5.65076537712498,1.70736191169646,-0.0003848559899049,-1.49430917244007,17007.8925269071,152246.91022245,275615.353451121,1.7070295863176,2.91395000856364,5.52678466431629,1.63390301844649,0.001037481585778,-1.49504843762963,18385.6454175371,153249.344410728,279275.996581121
1.74023944547959,3.0284333276031,5.76923583603106,1.67775937825187,-0.001356117218693,-1.49520327801979,16977.4917673446,155913.676458519,290536.757515261,1.75084524880637,3.06545908526784,5.74306212999367,1.6644749122661,0.0021129413218614,-1.4941241048791,18305.4588251828,156901.508660183,294240.880580866
1.74217923815434,3.03518849785604,5.82158324810584,1.68591548892317,-0.0010844346323484,-1.49446779849343,17082.7686120626,155852.877871393,291388.727944133,1.7532906441912,3.0740280830084,5.71344451526715,1.66937031522042,0.0011277094356595,-1.49438705097448,18435.6151550529,156840.493657842,295106.782608844
1.7471706288498,3.0526052063154,5.82089446636802,1.67254380880524,-0.0017646714682612,-1.49443604893259,16994.4110019526,154177.482705518,292669.290031347,1.75862705134837,3.09276910573425,5.78645537947672,1.70294599787765,0.0008907728065458,-1.49487487022378,18309.4179426119,155159.866599815,296426.171842038
1.74628732061131,3.04951940612782,5.81056274030063,1.67318070002719,-0.0001611083590165,-1.49390498926476,17112.4771459786,151205.356648135,293180.209105591,1.75786201955348,3.09007887978866,5.71413329700498,1.66716484162419,0.0012850054189358,-1.49505022729299,18419.2235272561,152170.856328894,296951.112669505
1.75266510268992,3.07183496218708,5.84844573588106,1.67582654771194,-0.0010481650228264,-1.49453529301075,17038.7561477973,156564.398762965,294829.535570729,1.76400986353552,3.1117307986506,5.71826598743194,1.67715142692933,0.0012135365282745,-1.49423828825067,18396.7148288457,157574.859468796,298685.31629779
1.75245970059284,3.07111500220194,5.81056274030063,1.68584838247971,-0.001996558429558,-1.49480453415734,17026.3057291044,155724.997385581,294981.114830859,1.7634184388978,3.10964459064474,5.75201629258541,1.66357362049222,0.0006019583587135,-1.49451844369634,18309.1858231662,156697.354537851,298693.307413601
1.75135662096386,3.06725001379393,5.83053741069758,1.67753632142084,-0.0011259240005929,-1.49446309719021,16977.3643427231,155066.169499177,294252.186155247,1.76249510768344,3.10638900460805,5.73755187609106,1.64838585461471,0.0012755894557551,-1.49456738722162,18317.2473246257,156040.418392563,297982.762536027
1.75158570295832,3.068052474808,5.84086913676497,1.67993837506741,-0.0011006769345518,-1.49490096414189,16930.0154197198,158087.495791588,294707.587099161,1.76244086121469,3.10619778927918,5.6803829918515,1.65536290650917,0.0018379989498638,-1.49468448705122,18265.5191273333,159055.199963161,298316.116922326
1.75402900410481,3.07661774724092,5.8284710654841,1.66310986586798,1.02615987818958e-05,-1.49400613248941,17066.2364727913,157125.427130353,295773.031041596,1.76570029149436,3.11769751938328,5.77405730819585,1.69609328932015,0.0002332744710132,-1.49447002414918,18414.2711865611,158137.996700855,299631.876095731
1.75152775135731,3.06784946377481,5.7781899986228,1.65173916580663,-0.0012426662450277,-1.49434912798254,17080.6657614171,148174.838952783,294562.958044549,1.76241580524169,3.10610947056572,5.78507781600106,1.68258736953402,0.0015897095320956,-1.49428158380571,18435.6034457633,149099.113367748,298186.758016501
1.70655938591238,2.91234493764564,5.61012725459324,1.68137349363868,-0.0014203521895239,-1.49452847282525,17018.2731564778,153314.377212137,279407.066989424,1.71748604964932,2.94975833074003,5.53642760864586,1.6131941099491,0.0014357835871231,-1.49451449319488,18378.9084433594,154315.736805026,283101.944206368
1.75147774042669,3.06767427521017,5.77887878036063,1.67365161061365,-0.0012737906272336,-1.4946219744007,17010.8260483285,154724.562222108,294683.239115454,1.76216277969329,3.10521766213639,5.77887878036063,1.66535815044273,0.0012959082096484,-1.49434214669292,18394.6966983538,155687.795674165,298434.529661698
1.71491465548989,2.94093227561399,5.69760253529715,1.67030090292643,-0.0016607640073444,-1.4947738318753,17034.4312872655,152870.94016934,282264.554179414,1.72526624868546,2.97654362885321,5.78301147078759,1.72967948231807,0.0011681030879252,-1.49414803995454,18403.8079031818,153814.174209898,285788.58557477
1.71482159821098,2.94061311369087,5.73204162218846,1.68760370142878,-0.0003749441087555,-1.4940287866869,16999.3261484337,152973.485735879,282330.757925392,1.72680973670463,2.9818718667779,5.6170150719715,1.64441589095062,0.0008332003770305,-1.49506129018816,18396.3759482307,153974.153888986,286059.384904696
1.71956698367111,2.95691061133174,5.68589324575411,1.66639244064962,-0.0011504463763303,-1.49467380511467,17033.3760736431,155164.047765322,283815.776622276,1.73089191837183,2.99598683308491,5.62803557977672,1.69373389082226,0.0005398251881356,-1.49468704181429,18383.7354257781,156140.199260671,287439.116696548
1.72469443681268,2.9745709003726,5.73892943956672,1.68116020096901,-0.0011316041317848,-1.4941721713947,17050.2160983513,155849.013202588,285613.402062551,1.73607582662764,3.01395927580084,5.56604522337238,1.60696682478903,0.0011646969625488,-1.49461524870207,18400.489352769,156864.065953518,289388.305519103
1.72161043750248,2.96394249851747,5.70793426136454,1.67048654671367,-0.0006310422954906,-1.49484290381218,17047.3342355602,151100.328889772,284697.277319579,1.73219209599806,3.00048945743815,5.65007659538716,1.65802054658098,0.0024004206920949,-1.49431775467353,18389.3090476006,152067.487743744,288431.105376765
1.72703600518903,2.98265336321929,5.72377624133454,1.66243260705715,-0.0014851766779313,-1.49430014147268,17065.7529480114,154323.467608801,286377.633107024,1.73819370140703,3.02131734361106,5.68382690054063,1.68918295695384,0.0008174429177565,-1.49453748357445,18411.491952249,155313.080320196,290120.483113301
1.72940332777445,2.99083587011734,5.73755187609107,1.66421278629499,-8.48227755727901e-05,-1.49404178922508,17066.1503750741,150655.020721695,287964.000585323,1.74135743370876,3.03232571193275,5.70311278919976,1.68047479872064,0.0008104786827946,-1.49462630265109,18448.6110888822,151616.854923238,291719.238329249
1.60349663914586,2.57120147175207,5.49441192263847,1.7309509908773,-0.0007772084796695,-1.49446319941028,16979.1255576268,144904.024265906,247047.057376906,1.61424785151154,2.60579612610961,5.43862060187456,1.75867425608413,0.0014249412768453,-1.49410691314292,18342.3492862791,145856.797136537,250302.44171932
1.6592045313091,2.75295967671666,5.65627563102759,1.70933563588387,-0.000178550378218,-1.49401397762314,17030.6615848144,148832.630550622,264807.187251155,1.67006397619382,2.78911368458032,5.5667340051102,1.73279107325497,0.0013463219667234,-1.49434703979944,18451.8091024909,149761.568823103,268135.387632578
1.66054349551544,2.75740470049862,5.52540710084064,1.70680237452052,-0.000802898699174,-1.49456839757972,16991.8997037365,147281.907308628,264708.090328677,1.67055331783651,2.79074838773456,5.38558440806195,1.62415912173889,0.0024469871000933,-1.49364098054206,18458.1052563564,148238.134435758,268174.369395942
1.66398624708232,2.76885023047911,5.66247466666803,1.70464515489573,-0.0005321307908968,-1.49413799468079,16958.5323612292,149008.946173499,265855.188502119,1.67505430764885,2.80580693357298,5.52265197388934,1.70665187116854,0.0010453844732542,-1.49413532290774,18428.8506296057,149958.349935063,269287.57629956
1.66612954026346,2.77598764493852,5.61494872675803,1.70394271515468,-0.0007640630563517,-1.49450757032438,16980.0319943937,149515.140861039,266658.122199415,1.6764096570303,2.81034933818444,5.4530850183689,1.65059886365287,0.0005903626703097,-1.49375307220511,18380.5105496816,150472.786173732,270137.406849425
1.66491044782501,2.77192679927689,5.67900542837585,1.70622856700464,-0.0005018642432001,-1.49423286238993,16982.4441080396,150275.150302604,266004.010072453,1.67589890142247,2.80863712778904,5.72722015002367,1.72640746480349,0.0013052004467302,-1.49350614823965,18433.7210052739,151288.603574152,269636.59915479
1.66816862429247,2.78278655907382,5.7623480186528,1.76439587359427,-0.0002676141154024,-1.4941575949192,16976.9896454578,149953.42038173,267045.023683039,1.67902456120758,2.81912347713831,5.55226958861586,1.71169420388162,0.0008504652614334,-1.49374464213098,18433.9972067507,150914.26469208,270486.72907832
1.67022099067335,2.78963815768586,5.71964355090759,1.72707575552871,-0.0007318790257731,-1.49406335547687,17023.0105972706,150772.328785469,267749.402198114,1.68109212005072,2.82607071609662,5.49372314090064,1.65662287374895,0.0011242800725776,-1.49363998411627,18499.6236419491,151761.487150567,271323.821371812
1.66862415758711,2.78430657928329,5.68864837270542,1.70810060321223,-0.0006990791097001,-1.49432070618779,16962.1422663172,149131.400425364,266853.208806599,1.67932571361885,2.82013485242147,5.66798492057063,1.76144959029458,0.0016563448047553,-1.49388649202688,18380.18888861,150074.550516861,270292.054231689
1.67730299135658,2.81334532481373,5.67625030142455,1.70591095887621,-0.0012055136594224,-1.49401800110704,16991.3631427627,149231.481263343,269728.929374492,1.68825169014072,2.850193769263,5.53160613648107,1.7055311765197,0.0002736194987552,-1.49377986894913,18425.6567486874,150201.18997461,273294.892516344
1.68133390342388,2.82688369480257,5.74512847520715,1.72121280786439,-0.0014674611985089,-1.49419830599936,16982.0019101639,150161.618490304,271417.938628067,1.69237341932542,2.86412779043921,5.54193786254846,1.70222845873823,3.85250710971695e-05,-1.49393475540384,18433.7933273563,151130.501644872,274969.869292131
1.61869923824989,2.62018722391079,5.57844329465325,1.72675918175387,-0.0010607229485504,-1.49463418141386,16934.0750992825,146273.493668179,251568.131729822,1.62971538619248,2.6559722399925,5.39729369760499,1.70293414565141,0.0010893438589773,-1.49394421872454,18372.6846115764,147287.418257084,255114.551190849
1.67622313743386,2.80972400646862,5.72446502307237,1.70996555411355,-0.0007800329054693,-1.49389235761127,16997.5056983006,150156.054463337,269914.293217008,1.68732526292923,2.84706654291919,5.54400420776194,1.68700790058112,0.0011271352859142,-1.49362160743889,18457.6492828459,151139.002269713,273480.119604791
1.62015322163342,2.62489646156913,5.59359649288542,1.75182104029687,-0.0004489091068177,-1.49470327267793,16974.855799634,144957.500603945,251564.448917,1.63066340030143,2.65906312508262,5.42277862190456,1.70239641804585,0.0016584812038777,-1.49370666264895,18435.0055832149,145914.84294897,254961.436348833
1.63986890928301,2.68917003963304,5.59015258419629,1.71304746226316,0.0001828881854987,-1.49377755194993,16994.6624072869,144907.367581604,257672.307443056,1.6512014379096,2.72646618855473,5.45790649053369,1.71038414559044,-0.0003791126436814,-1.49375603212256,18474.5134149149,145877.611476512,261199.634819501
1.64517691660245,2.70660708692153,5.63698974236846,1.73298984449368,-0.000750673014859,-1.49424307984066,16995.5833084704,148127.312404817,259549.503521191,1.65614323209895,2.74281040522714,5.42346740364238,1.67711534680049,0.0009236051205033,-1.49410874288492,18427.0777054125,149111.773795163,263028.864889431
1.65467531354984,2.73795039327127,5.66936248404629,1.7361675950843,-0.0011831691162032,-1.49399143737082,17024.6746939492,148723.52539749,262959.581140196,1.66554795858409,2.77405000234362,5.54124908081064,1.71908837871275,0.0015765715654415,-1.49371462077407,18473.6138659653,149701.371989289,266453.710061965
1.66398716488409,2.76885328489898,5.74306212999367,1.72589450344553,-0.0002338308309276,-1.49408312362846,16970.7327521513,148648.522819306,265378.289307866,1.67479113181222,2.80492533519686,5.5508920251402,1.71005302547807,0.000480041415694,-1.49369196832542,18427.3408200364,149629.234332412,268953.784493469
1.67342822483736,2.80036202368231,5.72584258654802,1.7128226146444,-0.0004696268378967,-1.49418837808162,16975.7388178219,150274.981062873,269389.474226206,1.68431249576012,2.83690858337368,5.51576415651108,1.66325809743568,0.0003865629281981,-1.4937659706429,18468.2200161764,151255.03680486,272955.165729075
1.66960412109395,2.78757792117389,5.67969421011368,1.70269984359571,-0.0004445364844827,-1.49431427525582,17367.8174903533,150722.991550423,273479.687282312,1.68043189108167,2.82385134056432,5.51232024782194,1.69755677516086,0.0010112421057892,-1.49373128267731,18837.7245560323,151725.551733955,277140.608606649
1.59711113974361,2.55076399269314,5.41038055062369,1.75108998242236,-0.0012702630339838,-1.49334735948763,17029.0567233652,142599.779651341,244837.182289161,1.6079849512731,2.58561560352074,5.18790404930587,1.61475918607315,0.0006119428959529,-1.49349871265422,18553.1612688668,143543.166807044,248145.05586263
1.68058199058001,2.82435582706187,5.71000060657802,1.70105546434796,-0.0002128408264994,-1.49407638439268,17104.260668628,151280.391222295,271158.210913909,1.69135672322476,2.86068756519761,5.55295837035368,1.68501167569755,-0.0015790310242481,-1.49358774321689,18671.6406819355,152254.251044961,274703.605498922
1.68021749904971,2.82313084411287,5.71895476916976,1.70875776827196,-7.12715340810695e-06,-1.4939425074578,17089.3113497903,149049.513739895,270813.682758348,1.69128727794896,2.860452656552,5.51438659303542,1.65322832106647,-0.0014997593829041,-1.49399033957938,18604.1524696998,150011.714295362,274362.821131808
1.68602949747837,2.84269546636716,5.72239867785889,1.71195165417298,0.0015421025220746,-1.49445833576827,17632.6278948414,153920.26340501,280974.134109169,1.69647987783347,2.87804397589386,5.57913207639107,1.68602608128011,-0.0021624924035942,-1.49376217103944,19205.3645637239,154897.163381052,284577.445330714
1.67596268263418,2.80885091358237,5.6776278649002,1.70917384427151,0.0009247666558072,-1.4937894618023,17629.0207448804,153025.765064808,278504.785740472,1.68714005849443,2.8464415769766,5.52402953736499,1.68026439604387,-0.0020151671393324,-1.49369258644038,19228.9326084471,154019.993560877,282169.812833056
1.67835322288607,2.81686954077206,5.6328570519415,1.70775226276487,-0.0003646027678285,-1.49382717438748,17093.5645770213,148954.634007181,270239.850552301,1.68925241364426,2.85357371700296,5.4661718713876,1.62188620768447,-8.98229627910852e-05,-1.49354457237945,18667.525211052,149929.920148599,273816.419329853
1.68460765261999,2.83790294326585,5.7465060386828,1.7134198894213,0.0006829574684454,-1.49382361739289,17104.0071969485,150402.69359198,272308.097061931,1.69618812971266,2.87705417137814,5.43242156623412,1.60140544950485,-0.0014029503715009,-1.49400669885833,18681.3531932206,151396.635103558,275971.542691997
1.68225655626879,2.82998712110934,5.73410796740194,1.73534728015153,0.0001831837969155,-1.49405937961713,17104.9646035641,151790.857020393,271789.181753865,1.69333414654066,2.86738053184057,5.58808623898281,1.71951072487172,-0.0013897055347989,-1.49406175145848,18646.8996419128,152792.51178872,275406.029515915
1.68826274993264,2.85023111281012,5.78301147078759,1.71954341087074,0.0003396039788459,-1.494044109184,17128.7544360069,151682.673892799,273475.124601448,1.69922617850386,2.88736960571283,5.67969421011368,1.74749647642981,-0.0009495940688222,-1.49391273739986,18687.39725297,152688.066069942,277149.177643942
1.68361050336323,2.834544327035,5.71895476916976,1.70736732628805,-0.0012987881689947,-1.49373710522833,18533.5475201005,154482.438573527,295112.732466799,1.69499235541532,2.87299908491636,5.65834197624107,1.746485809361,0.0002078106554087,-1.49384164581053,20225.5205731815,155455.939376161,298902.789433009
1.68420419842413,2.83654378198946,5.57913207639107,1.69675866488473,0.0004235911764932,-1.49381113846743,17099.8834606842,150665.179679122,272269.970301437,1.69495572333318,2.87287490405989,5.44275329230151,1.61951959826792,-0.0017598957952158,-1.49351177031702,18630.9460793012,151628.327287509,275787.773297259
1.61205732254894,2.59872881118366,5.50818755739499,1.7115874469468,0.0008697076128052,-1.49381326825072,16962.2910431725,144631.228947179,249911.461686347,1.62307315064187,2.63436645233452,5.36423217418934,1.70753572367422,-0.0005470853201838,-1.49351319280887,18493.2648089454,145593.392703025,253322.190925034
1.6866183372558,2.84468141556751,5.68244933706498,1.6961283489036,-0.0005703265142509,-1.49393937234875,17048.0133743537,151345.457842061,273266.692003405,1.69783879713311,2.88265658105041,5.54400420776194,1.69196658453861,-0.000632924318137,-1.49354718313529,18579.3088011982,152341.081717336,276958.788213756
1.60595384115902,2.5790877399334,5.51232024782194,1.72950420018009,0.000419913441762,-1.49413416599963,17035.7034671353,144237.980231105,247702.016735847,1.61655392292596,2.61324658572732,5.73755187609107,1.79882187720391,-0.001606066827899,-1.49318023886796,18562.2091057749,145234.302951537,251160.070733089
1.61314971901099,2.60225201594524,5.49372314090064,1.74694782436188,0.0014878411191684,-1.49414222736426,16975.6361893429,144526.491056766,249392.359221182,1.62417000942002,2.63792821949942,5.35114532117065,1.68473022386307,-4.66332151873426e-05,-1.49396848473577,18512.6271523775,145512.751730604,252837.558749296
1.6161749080962,2.61202133355977,5.6142599450202,1.74196949259268,0.0010257702100874,-1.49379053432178,17022.6482980765,145191.897533747,250906.587420244,1.62773353976566,2.64951647647804,5.38833953501325,1.73087459919247,-0.000962526014051,-1.49383103375976,18540.9980721585,146144.006876988,254187.83634441
1.62835050493209,2.65152536691258,5.56260131468325,1.72655071188572,-0.0011433968484131,-1.49343970500171,17110.7806765583,144858.722609072,253942.700589539,1.63952902308266,2.68805541753039,5.37180877330543,1.66472961479419,0.0003632868905604,-1.49314307234486,18599.0871687998,145820.354054702,257342.127459891
1.68583568548551,2.84204195845639,5.78783294295237,1.74926028771223,0.0005363418528336,-1.49383889192256,17105.6196349968,136816.093649696,272905.245833669,1.69693898503642,2.87960191893642,5.59497405636107,1.70031549272678,-0.0011613828508995,-1.49405108614248,18595.79754722,137699.95787093,276447.480412318
1.67370180768023,2.80127774103207,5.73892943956672,1.72425891387287,-0.0010414225210412,-1.49329727720067,17099.8180264191,114940.395533543,269900.23749754,1.68483379806027,2.83866492708621,5.49234557742499,1.67127108290824,-7.73396512498452e-05,-1.49351056770074,18597.8191216205,115704.402925547,273453.227181192
1.67381773916498,2.80166582394336,5.69553619008368,1.73177950572574,0.0006622830447461,-1.49415264963695,17053.8342688201,129875.174134643,269671.913449579,1.68413979409785,2.83632684606396,5.58877502072064,1.7189207428545,-0.001420142632273,-1.49346949401174,18597.7323351215,130712.086042723,273197.353117451
1.698447675919,2.88472450783464,5.85051208109454,1.72251767963275,0.0004587277974037,-1.49365503589108,17967.467427396,153224.979303915,276854.379131173,1.71109647480963,2.92785114610595,6.19214782305626,1.92285739088616,-0.0012549102059345,-1.49209437861701,20945.0212877329,154327.659712054,280996.711400835
1.70972587162661,2.92316255610937,5.93041076268236,1.7494115535492,0.0008252566058064,-1.49343262007506,17497.3119009733,147774.64941827,280709.169714648,1.72205659196923,2.96547890594468,6.32095000802974,1.8489057963546,-0.0014154184213875,-1.49223567489168,20823.0697259238,148800.507476449,284764.479427579
1.70574228177679,2.90955673184108,5.80023101423324,1.71736844471964,0.0014001869016654,-1.49370428990657,17301.794316874,153991.470175206,279195.701249857,1.71762651795285,2.95024085517484,6.20798980302626,1.82573249519914,-0.0015976999514368,-1.4920062072581,20668.5518747686,155021.511835412,283059.474862644
1.71286412260351,2.9339035025023,5.89666045752888,1.73240318825046,0.0009053928882177,-1.49384964863006,17384.0321012434,154346.156468642,282036.804197261,1.72509987663476,2.97596958436525,6.25827086988757,1.84568390278607,-0.0009740226231306,-1.49206159845056,20695.1016556349,155416.933439108,286065.511832448
1.70415830474101,2.90415552761774,5.80780761334932,1.70771639881284,0.00107684918642,-1.49360017336984,17362.8121134645,151131.887919394,278150.234073459,1.71698944263319,2.94805274611384,6.39740478092843,1.87749964917018,-0.0017479496348068,-1.49202516299146,20711.416139877,152225.42815773,282356.447551858
1.71755466119341,2.94999401418723,5.86773162454019,1.74105909462175,0.0005831315455583,-1.49370177075417,17316.7918504334,154020.010385642,283432.577861607,1.73045399089512,2.99447101460486,6.04888122158844,1.81245820288804,-0.0006208917161412,-1.49234443588073,20629.802391762,155121.997184523,287647.547136104
1.72149532452932,2.96354615237629,5.83535888286237,1.71921349583488,0.0001498699981454,-1.49371464388126,17288.7673878665,153025.681194073,283766.383000569,1.73435952202792,3.00800295164891,6.32990417062148,1.86793613327776,-0.0015082955446064,-1.49261332354343,20657.2124610188,154135.212689231,288056.986983005
1.72070910686029,2.96083983043194,5.90285949316932,1.73701068079308,0.0012945207250333,-1.49417021381822,17303.2586668486,152009.37686921,284591.635295887,1.73274720219766,3.00241286672381,6.296153865468,1.95728782217226,-0.0008222223081301,-1.49211317501421,20581.6951200653,153052.718598154,288662.862347874
1.7185884518146,2.95354626671051,5.96347228609801,1.75378353597087,0.0018382259839075,-1.49390235296545,17334.3991779974,154661.720607778,283459.976172394,1.73024647931804,2.99375287919247,6.26240356031452,1.94059561092902,-0.0014667246458861,-1.49217179397655,20638.4045868857,155704.118329829,287460.175760219
1.71439741614026,2.93915850046841,5.93316588963367,1.73096571144921,0.0013797636656883,-1.49443191513299,17641.0585833124,157104.546370729,287813.894124874,1.72639895517507,2.98045335242959,6.40704772525799,1.85793881486852,-0.0016248480083684,-1.49184516713613,21032.1404682783,158230.604565643,292077.706886776
1.71265820632669,2.93319813169816,5.87737456886975,1.72663865618051,0.0012778454296326,-1.49438400536986,17365.0134598986,153762.797490097,281414.350084793,1.72476779642011,2.97482395156787,6.12740233970061,1.81762247391678,-0.0002795822358171,-1.49224187586453,20682.6154202915,154834.234255556,285497.209741333
1.69480124557708,2.87235126200961,5.7940319785928,1.71886059728937,0.0014871175258239,-1.49257242689843,19294.5535333915,152358.483544635,275783.127227809,1.70773528674957,2.91635980960964,6.28513335766278,1.92226109175744,-0.0014927609116002,-1.49212573968496,21327.4163778122,153452.427695882,279815.995071821
1.7097450168582,2.92322802267146,5.93109954442019,1.74563911437714,0.0010030786504353,-1.49390968891371,17360.2216053485,153978.667254196,280726.165887842,1.72167757720217,2.96417367984073,6.34505736885365,1.95741660244737,-0.0012229672636367,-1.49221228131078,20673.3864337864,155013.379951628,284671.103504993
1.71742430650948,2.94954624858958,5.91594634618801,1.72917015842075,0.0016044540746924,-1.49351034848556,17295.1441291953,153612.957581928,283214.796938952,1.7304181840601,2.99434709172586,6.4469970660519,2.03552773132063,-0.0016520462380934,-1.49236294983778,20618.5587186737,154698.840801334,287390.535475764
1.69240535647889,2.86423589063842,5.79540954206845,1.71317239728297,0.0004375156881216,-1.49351477984874,17355.1879884085,151225.25233817,274716.13373453,1.70489714560733,2.90667427710003,6.08951934412018,1.88096871680508,-0.0014397644390113,-1.49215904495898,20727.709960667,152313.379433342,278811.414517849
1.69723468126467,2.8806055632876,5.77612365340932,1.71371538858094,-0.0015032657382684,-1.49394671828855,18630.5307439133,142422.242758475,276636.011074661,1.70831690353313,2.91834664289704,6.50072204160234,2.00509308917478,-0.0006100158984379,-1.4916694201393,21215.7173321707,143398.591070048,280510.576600895
1.71306798579985,2.93460192397237,5.94143127048758,1.73671729165807,0.0007935820777935,-1.49414947597457,17361.823022889,154655.798883761,281603.014003788,1.72493662603108,2.97540636382347,5.98757964692192,1.79342745649625,-0.0005011051102128,-1.49211760239169,20685.4187619645,155729.905382265,285629.807693474
1.72390786477393,2.97185832622942,5.96002837740888,1.7309237277783,0.0010860175145812,-1.49397165542737,17330.0529652317,153644.249533982,284978.610749061,1.73609008624373,3.01400878755377,6.36847594793973,1.9466968081664,-0.0010558387775114,-1.49221288062605,20647.0432874415,154706.35964726,289063.004075409
1.71249842315584,2.93265084931124,5.86704284280236,1.7307193015771,0.0001001625646896,-1.49351953744555,18040.1628295696,154358.408177642,281413.289439491,1.72447024318594,2.97379761963377,6.34092467842669,1.89495850909528,-0.0006946585398156,-1.49161461965769,20966.5532936391,155431.597589886,285417.006071999
1.70532507532183,2.9081336125214,5.86222137063758,1.72584606646914,0.0014678300694527,-1.4925808596636,18717.1443586632,152143.799705585,279407.132794333,1.7179484497364,2.95134687595169,6.31819488107843,1.87844485673794,-0.0023219669677046,-1.49126497116897,21274.3726074005,153188.560341412,283353.05627217
1.64728024180521,2.71353219504182,5.61219359980672,1.70609283819318,0.0043928084790634,-1.49471489986144,17799.8089982465,148016.199234788,260694.149758837,1.6575319201227,2.74741206622564,5.6645410118815,1.78543755222795,0.0066018573884262,-1.49450896027851,19874.2763259771,148896.256809885,263818.666470687
1.69561812389063,2.87512082206639,5.73548553087759,1.69467287349491,0.0061752263659958,-1.49409734804067,17940.2467731171,141688.855138456,277009.370686596,1.70589735479752,2.91008578510519,5.8443130454541,1.82819949390139,0.0050441830566008,-1.49460945230548,20026.8972722264,142495.760987152,280197.344618851
1.6983904003179,2.88452995189198,5.78025634383628,1.70425535679515,0.0038576708169296,-1.49497348571689,17868.2608161334,153363.818884643,277006.298358095,1.70744526626453,2.91536933728916,5.57568816770194,1.68365610770429,0.005936402085845,-1.49425541885079,19970.5955641947,154211.193253338,280115.157377979
1.69936408171766,2.88783828223212,5.75821532822585,1.70899128177148,0.0037429270966983,-1.49491120964791,17913.0095880765,153562.869197454,277242.993437413,1.7087445683504,2.91980799986698,5.88012969582106,1.85751505187892,0.0058035365172025,-1.49460635957898,20036.279857059,154416.094084773,280364.609343048
1.69968441801167,2.88892712083165,5.81331786725193,1.72243870165051,0.0042720424066504,-1.49446398123668,17914.9746823745,153153.295551934,277369.762917268,1.7092489748089,2.92153205788528,5.60186187373933,1.6587893248649,0.0052259708686541,-1.49442772777049,20031.0182533638,153995.600190568,280432.500997939
1.70046131622577,2.89156868798029,5.72033233264541,1.6845018472575,0.0061966485561013,-1.49422373750846,18010.3971267694,137613.316305352,279433.783978001,1.70951901618542,2.92245526669955,5.65007659538716,1.71837179305884,0.0038215047367988,-1.49453235397429,20195.3395349935,138360.614967839,282497.950385139
1.70139332819411,2.89473925722343,5.76579192734193,1.69626261402623,0.003643447759504,-1.4941523624522,18029.3317367423,153763.009721995,278175.597440421,1.71079730896663,2.92682743236745,5.58119842160455,1.67188118787474,0.0063423376531894,-1.49458060409107,20127.6915253946,154582.647556751,281142.691769274
1.70195736753913,2.89665888092073,5.7306640587128,1.69989524890399,0.0039503085851193,-1.49456782786078,18045.5656335211,153577.944276855,278019.164807859,1.71103362637516,2.92763607058652,5.53780517212151,1.66455574976422,0.0065947892267112,-1.4948167711083,20166.4995548489,154371.534755778,280904.552207171
1.70304569313357,2.90036463290079,5.79472076033063,1.7064666014997,0.0042170185005096,-1.4943061216604,18088.3300252775,153339.585471898,278572.223190397,1.71227271893181,2.93187786399812,5.59359649288542,1.69138080408077,0.0057136588015126,-1.49464157819684,20188.3635535528,154125.271909785,281467.144447613
1.70312914245946,2.9006488758947,5.76785827255541,1.69644426161699,0.0034719272758534,-1.49439932199811,18130.6467089043,153884.219394414,278683.915780677,1.71206993711972,2.93118346958912,5.56466765989672,1.67372329671658,0.0058877303876199,-1.49469794572584,20228.6070041487,154672.682524467,281550.932178382
1.70358697497414,2.90220858130155,5.83260375591106,1.71615813754859,0.003231467681489,-1.49454193770854,18066.6816152576,153905.157588236,278675.206501859,1.71219390554846,2.93160797019729,5.79334319685498,1.78802728040668,0.0060713936171421,-1.49448018715898,20181.7863767382,154702.342480544,281598.100306462
1.67169047383417,2.7945490403079,5.73135284045063,1.72703610655804,0.0031537796796843,-1.4954325193292,17868.9840369581,150920.935813283,268252.026787496,1.68072913127998,2.82485041273315,5.5453817712376,1.68560278973123,0.0066417309485321,-1.49384438694839,19939.930312445,151767.259302173,271274.316403648
1.70481425574541,2.90639164659276,5.8098739585628,1.70632734819953,0.0034806009396186,-1.49434687776882,18071.4844903155,154132.27409068,279106.279942666,1.71343758766076,2.93586836680873,5.69415862660802,1.67236920206668,0.0064553086593415,-1.49439164555442,20191.0711545641,154878.406019663,281838.575758895
1.67765712455454,2.8145334275686,5.68795959096759,1.70336407360384,0.0033908839496346,-1.49459600165854,17807.3242957879,151399.436450541,270216.134314412,1.6865677688548,2.84451083893985,5.61288238154455,1.71216328035474,0.0065361576825306,-1.49387128536087,19931.580900219,152194.72634081,273074.877526291
1.68130083064324,2.82677248312166,5.70586791615107,1.69902516425166,0.0034356478191333,-1.49473518717577,17774.3020329313,151180.94140405,271575.326924408,1.69137225839162,2.86074011645677,5.74994994737193,1.80977839074409,0.0056662039297109,-1.49449174592967,19920.5459279973,152053.759688374,274716.389724414
1.68463849912869,2.83800687274656,5.75201629258541,1.7229139070417,0.0042979917436356,-1.4949064417825,17853.3424924738,152029.488850562,272401.237241138,1.69370814083568,2.86864726633306,5.58533111203151,1.70746791571124,0.0063277686887118,-1.49447760703302,19952.6204271827,152852.523734702,275390.931513537
1.68771505910095,2.84838212071613,5.74857238389628,1.7058932331903,0.0043732450382518,-1.49466576465662,17845.3732877672,152011.752323234,273533.573285688,1.69620440079632,2.8771093692808,5.73755187609106,1.69363610869099,0.006047966300358,-1.49460352008529,19916.2203786838,152761.839079508,276271.376257136
1.69185841887101,2.86238490950471,5.71619964221846,1.70193189592255,0.003793100296792,-1.4950922535169,17883.0882206036,152361.260111805,274657.63620768,1.69996688375536,2.8898874058649,5.60874969111759,1.68923162433871,0.00533183167989,-1.49414219438675,19969.6491780869,153109.412607227,277367.303051588
1.6929015245397,2.86591557178884,5.7279089317615,1.69364288914315,0.0025855450039264,-1.49538434505829,17825.3421372677,150034.717284357,275287.474620072,1.70186847322487,2.89635630015673,5.59084136593411,1.70785911575678,0.0069027126694594,-1.49444845391557,19934.9745278413,150826.924411446,278198.91708731
1.69507390466966,2.87327554229205,5.7306640587128,1.69581247552581,0.0044733843798466,-1.49497366511962,17876.0722898221,152832.693026398,275747.229569916,1.70412268281149,2.90403411807265,5.6486990319115,1.68492865756556,0.0064022375831935,-1.4941528283145,19915.94142208,153641.594603059,278710.590632445
1.64995721569481,2.72235881362338,5.58808623898281,1.72189438932475,0.001791494197495,-1.49416224936089,17738.3359169273,147051.970949772,260656.691150553,1.66321173435952,2.76627327331121,6.01995238859975,1.83221178353872,-0.001447283323494,-1.49213314957458,20782.8193875105,148212.051050229,264935.260578798
1.69020218533983,2.85678342732754,5.66247466666803,1.68579083350881,0.0016425239498729,-1.49314682074611,17737.6395585903,151430.304451386,274544.90442518,1.70374355701514,2.90274210807061,6.31750609934061,1.95012244927331,-0.000340663533137,-1.49222531683845,20840.0819460664,152576.392881967,278825.556569652
1.69001117056957,2.85613775664994,5.63423461541716,1.68616997634863,0.0020298842607507,-1.49358159947302,17807.8202186391,152404.102060046,274261.07516227,1.702776071206,2.89944634867174,6.67291747605885,2.1902623072325,-0.0007555208544606,-1.49154697202186,20909.9361235715,153501.791584076,278326.740125758
1.68932850035979,2.85383078212785,5.72859771349933,1.699144379155,0.0006385368293582,-1.49342195606792,17821.8534577656,149662.804447956,274232.119529283,1.70164914964683,2.89560982849378,7.10271728046231,2.08798905788281,0.0002717795432639,-1.49185976867869,20940.0916768353,150757.828440673,278363.910766445
1.69043198401414,2.85756029257797,5.61632629023368,1.67080553827677,0.0008890432709832,-1.49291313196688,17813.403483406,152077.464640517,274329.205961714,1.70359374114741,2.90223163487661,6.30855193674887,2.04562816285817,-0.0011544943168364,-1.49192943204805,20904.2777815953,153216.94593114,278638.915087201
1.69653730718713,2.87823883467775,5.70173522572411,1.68569847670773,0.0006677463860107,-1.49337562032888,17762.9543538006,152121.499347806,276451.184274214,1.70959534022385,2.92271622731512,6.47730346251625,2.03657898099546,-0.0010607356248647,-1.49225051809896,20817.7798821773,153250.058784716,280657.278836908
1.69832255497558,2.88429950073879,5.75614898301237,1.70095871145044,0.0012874510878267,-1.49330377096169,17840.9354670304,152876.639325215,277241.873283172,1.71113641622326,2.92798783492539,6.06059051113149,1.87533233231563,-0.0010797870483861,-1.49178924763839,20882.0831676573,154013.646711125,281544.657337603
1.7001683330018,2.89057236054211,5.74581725694498,1.69571565189818,0.0016419116601447,-1.49343571878169,17800.0087449505,152702.16622248,277643.247207929,1.71320242010815,2.93506253226443,6.03579436856975,1.85290684637569,-0.0011528591214676,-1.49195254544213,20869.0762133202,153848.669394339,281947.217540796
1.7021377478882,2.89727291278593,5.71757720569411,1.68346792909202,0.0024825283465858,-1.49318316801838,17778.8135533141,149083.77944869,278141.103778647,1.71552872229761,2.94303879702809,6.37054229315321,2.05007244682815,-0.0004964492095517,-1.49250694116035,20833.9745183971,150185.594227024,282373.354734591
1.70357527601193,2.90216872103911,5.72584258654802,1.70407343086498,0.0013884464958765,-1.49361681225338,17811.6677534266,153023.737076111,278422.370042543,1.71626964027879,2.94558147814269,6.6556979326132,2.00643649688223,0.0003991216395974,-1.49182730217085,20902.3574581102,154164.264736175,282750.801980461
1.70545534937266,2.90857794870383,5.79472076033063,1.71454033131503,0.0007136944493175,-1.49279059745381,17843.0837772706,150406.527420501,279447.212299756,1.71888376231516,2.95456138835072,6.39740478092843,2.03104973583287,0.0003163606322986,-1.49169198031789,20890.4167379032,151523.295815026,283761.45498858
1.65746377546619,2.74718616698264,5.60392821895281,1.7031660219221,-0.0001008879820747,-1.4932041168523,17858.3823084495,144066.37964456,264265.198593143,1.66935572082409,2.78674852264813,6.09709594323627,1.98541895796391,-0.0019414473220547,-1.49092083294521,20941.8563356476,145109.655192105,268249.193539347
1.7087453117661,2.91981054048264,5.76785827255541,1.70098052798906,0.0013169394550585,-1.49359813467166,17812.7718705524,153325.202580895,280525.105744453,1.72115689924638,2.96238107182342,6.15633117268931,1.81927127575652,-0.0004194168626853,-1.49178358222708,20891.5167223385,154429.19190119,284715.435160227
1.67472209817781,2.8046941061251,5.65420928581411,1.69669148117676,0.0011295488651218,-1.49349235002933,17802.0702686918,150345.533944589,269115.866223309,1.68745790146459,2.84751416921528,6.33197051583495,1.97657556211177,-0.0015376943719522,-1.49136971215133,20876.2664058813,151511.11429189,273442.830461484
1.68019030908647,2.8230394747481,5.68176055532715,1.69222262190262,0.002085969510045,-1.49300402120745,17800.0838221599,150269.176440269,271171.586872232,1.69383992836598,2.86909370292689,6.19077025958061,1.93310012533115,-0.0015675820216773,-1.4918544073926,20865.1756423389,151408.397030111,275416.159095563
1.68337901601066,2.83376491154501,5.71619964221846,1.73784953181867,0.0007449179697165,-1.49327746453532,17797.3934406919,151196.475016879,271942.386916996,1.69651383847895,2.87815920415058,6.50347716855364,1.96909003786846,0.0002638424386866,-1.49117812170363,20892.3108876823,152390.37084589,276388.132724939
1.68747734604752,2.84757979342357,5.65696441276542,1.70034535666255,0.001195579920058,-1.49325438877976,17784.7253669698,151380.959633276,273577.306010355,1.70070170880217,2.89238630232263,6.89401641390102,2.06258719731988,-0.0010838425433811,-1.49187975631911,20883.5854006275,152522.385111467,277851.868515567
1.69081175906126,2.85884440457984,5.77336852645802,1.7082501129316,0.001310170544194,-1.49313673080155,17827.4153702986,149456.294576782,274857.554022941,1.70394532528148,2.9034296715486,6.52551818416408,1.93304371017699,-0.000845717437696,-1.49150251696461,20904.8866646515,150563.51866214,279060.897599492
1.6908106442163,2.85884063459513,5.72308745959672,1.70677792263071,0.0015220033762735,-1.49295321600048,17837.502578849,148407.016792301,274997.007387343,1.70391620474453,2.90333043279101,6.12189208579801,1.86883413259862,-0.0009966289251456,-1.49166953258706,20960.826073489,149499.871447011,279164.227365494
1.69173631383759,2.8619717555568,5.71137817005368,1.70579662519781,0.0012952681458474,-1.49324465532119,17781.8772544839,149411.22105719,274800.86080495,1.70443390383857,2.9050949325544,6.58750854056842,2.07715267474046,-0.0005624624505474,-1.49181474389388,20853.7749270144,150481.827512593,278820.766467007
1.67386346984251,2.80181891567322,5.87461944191845,1.78028503260407,-0.0002779226332797,-1.4936480658828,18242.4841996751,150546.52991594,268756.60789802,1.68657102540167,2.84452182372445,6.2141888386667,1.96924025563741,0.0013711315433398,-1.49212252196629,21035.7545060567,151687.207704671,272981.161072145
1.71587480863585,2.94422635891113,6.01306457122149,1.76296300341957,0.0007280953445598,-1.49318982615353,18543.3295983411,155806.358044509,286986.864345799,1.72768550439589,2.98489720209967,6.201101985648,1.88780039726549,0.0001976588242283,-1.49130567342415,21361.8706179017,156933.876081168,291237.695030049
1.71766491700384,2.9503727671058,5.95176299655497,1.73791337103193,-0.0024019502562604,-1.49310092596831,18586.8674919891,147107.132463034,288468.182930153,1.73041565306053,2.9943383323569,6.0874529989067,1.78061429622068,0.0040155107079015,-1.49245080984861,21437.1992326591,148147.67424055,292647.871607257
1.72431690578636,2.97326879158064,6.02546264250236,1.75056883930049,-0.0010291072841138,-1.49323527315245,18266.0205604384,153277.96827714,285602.050793824,1.73729422999991,3.01819124159099,6.30786315501104,1.93754831998569,0.0016415400857174,-1.49208004046332,21061.3888959934,154348.162770605,289693.511098202
1.72382859186939,2.97158501414642,6.04612609463714,1.75556900462227,-0.0003586937742552,-1.49419358343328,18197.4213432596,154741.840477195,284830.862080194,1.73610985434542,3.01407742635526,6.30924071848669,1.92868626066295,0.0025613717796974,-1.49205705343194,21058.3258836053,155883.620713157,289165.534044074
1.72043054802067,2.9598812705627,5.95865081393323,1.74672811519978,-1.70193855997327e-05,-1.49307065935784,18288.1263215322,155165.232181936,284265.162375644,1.73338467215739,3.00462242167017,6.1508209187867,1.79690416200052,0.0017479012682589,-1.49216718326762,21117.0300623384,156310.13375672,288576.518795246
1.72136810201125,2.96310814262182,5.94005370701193,1.73140850675307,1.44240968079846e-05,-1.4940987966429,18727.5856010269,152589.668828815,291489.609528714,1.73319576480866,3.00396755915067,6.42633361391712,1.87500570453058,-0.0003762530475381,-1.49179845125251,21638.9220514345,153684.966521357,295707.251519771
1.71980981927576,2.95774581447734,6.01581969817279,1.75201973096444,-0.002836546232826,-1.4933434535509,18650.9524336581,137168.974635071,290040.992624201,1.7329426191845,3.00309012138603,6.73628539593885,2.02657087253447,0.0015941017513756,-1.49216593298523,21576.4157975085,138210.139664528,294530.154165235
1.72619486328699,2.97974870603839,6.02546264250236,1.75348793304878,-0.0007062238200092,-1.4936894970298,18282.8826261621,145314.103667363,285084.473664108,1.73845732137097,3.02223385822832,6.71424438032842,2.07426497689323,0.0011666688116199,-1.4920209120705,21119.0564582111,146350.117249604,289228.351825631
1.71876036137021,2.95413717981744,5.9738040121654,1.74865219144707,-0.0011098970984048,-1.4932869955015,18251.40392318,154463.868577836,283930.190236093,1.73118035729467,2.99698542948291,6.11018279625496,1.79221854404908,0.0021579301866771,-1.49184804306582,21117.7863446866,155581.693971753,288166.732761179
1.72318669781831,2.96937239553798,6.01513091643497,1.75061633313351,0.0003708569121616,-1.49359862952102,18276.2241731025,153038.846715438,284695.150102804,1.73528341557442,3.01120853236762,6.39327209050147,1.98194581872828,0.0006652003761104,-1.49217136755919,21088.1212040201,154124.918744256,288811.299342442
1.68802027004612,2.84941243208658,5.90699218359628,1.75229334980121,-0.0007440912669932,-1.49338674464791,18270.7414704695,152158.450442672,273418.45085326,1.70048018532208,2.89163286067303,6.45801757385712,1.92109097176598,0.0016152887287686,-1.49218462282376,21066.3350376527,153269.881343231,277565.416088261
1.7200789946811,2.95867174794313,6.01581969817279,1.75076741851642,-8.06286405824773e-05,-1.49372101744357,18265.4729789568,153817.100157641,284136.114571666,1.73268635285737,3.00220199737816,6.33334807931061,1.95653751687169,0.001936957702923,-1.49199400115287,21095.6199707999,154980.087969952,288567.405260245
1.69829190915166,2.88419540869,5.96002837740888,1.7640130169911,-0.0005720716804145,-1.4932453183311,18233.7449369856,152979.933433268,277002.322964651,1.71096158165185,2.9273895338886,7.11718169695666,2.1356242491688,0.0013538741611445,-1.49228583032437,21053.7930109886,154073.406455263,281042.288496424
1.70289975031777,2.89986755963234,5.96898254000062,1.75621046774374,-0.0006399087284391,-1.49333917475673,18193.8135045169,153749.221553035,278596.965380248,1.71494656779055,2.94104173037658,6.34023589668887,1.98939070726692,0.0014201122235975,-1.49177156839836,21025.5205869961,154812.158600383,282527.917504052
1.70487497999448,2.90659869741119,5.99240111908671,1.76389873609976,-0.0014468049577895,-1.49310964230896,18211.9677247808,151353.693275341,279127.968069812,1.71729117131748,2.94908896708495,6.50554351376712,2.01801505710448,0.0011704689935726,-1.49244147171571,21022.7998991317,152415.331826272,283182.297724639
1.7069594767401,2.91371065523282,6.0054879721054,1.76074184817914,-0.0002324489802951,-1.49325500879338,18355.8755820465,153114.548465163,279243.270797307,1.71875847371522,2.95413069096787,6.53378356501799,1.99689496743322,0.0012446395471879,-1.49212329409512,21134.2613150736,154185.10726573,283293.542672968
1.7104193987665,2.92553451967676,5.97793670259236,1.75838200708475,-0.0007319190767704,-1.49357807158617,18263.6773249663,151727.723475905,281212.323002109,1.72226227559898,2.96618734595136,6.0716110189367,1.81385203609892,0.0019912754530177,-1.4921178320901,21093.1114277107,152778.413255592,285198.999854385
1.71153669068773,2.9293578435703,5.96002837740888,1.7625709379954,-0.0004756504936148,-1.49368630322437,18279.7204292038,154446.674287373,281493.746157977,1.72386569421703,2.97171293169837,6.41531310611191,1.87464110885035,0.0013887110151598,-1.49219815019727,21023.6691416848,155537.157507619,285547.704625826
1.71491056684443,2.9409182522747,5.96416106783584,1.74443197683631,3.48432468135566e-05,-1.49376023387823,18281.1145234411,151748.952828697,281994.783192423,1.72686647061502,2.98206780733438,7.1764169264097,2.12398990397003,0.0003873336076432,-1.49177558077265,21073.2373194475,152799.475025747,285970.806610496
1.68148299233434,2.82738505350966,5.8229608115815,1.75930490010574,0.001111868200461,-1.49474078176616,17254.8207799177,144960.457794739,271087.855286585,1.69460038092317,2.87167045102494,6.23347472732583,1.88589434545753,0.0011005774772414,-1.49240312653816,20566.4241401559,146090.903267693,275482.201018217
1.68128896546889,2.82673258540746,5.75752654648802,1.72440959593044,0.0015474732982323,-1.49391612357601,17297.3103477607,146057.585136638,271275.729375852,1.69447007291661,2.87122882801003,5.98620208344627,1.87257025875436,0.0009811353069214,-1.49215318453949,20521.8413646117,147159.270724114,275539.258316099
1.68438131381897,2.8371404103425,5.77612365340932,1.72003260251976,0.0007874213239485,-1.49403287203287,17360.8387537856,150816.308069022,272915.975233132,1.69750803315513,2.8815335226262,6.29064361156539,1.93673410466726,0.0013994966825963,-1.49205377390288,20658.7339798776,151985.595154072,277305.536606761
1.68795564063689,2.8491942447579,5.72170989612107,1.70629299076105,0.0012672094043525,-1.49393768781621,17306.2528010629,151973.756936656,273932.937497564,1.70093605332302,2.8931834574941,6.4283999591306,1.92228626867411,0.0013708510952182,-1.49197788097281,20655.020757529,153065.349603506,277991.231038488
1.68308771860654,2.83278426852418,5.80023101423324,1.74620777922555,0.0007673417755669,-1.49401124851139,17281.9429384081,148169.49452382,273095.348731917,1.69585412921048,2.87592122756025,6.37260863836669,1.98900211770609,0.0014983926790117,-1.49187724685858,20668.007048414,149286.847079662,277394.034460169
1.67924833844168,2.81987498215915,5.76648070907976,1.76519908534259,0.0014791692292519,-1.49407840437485,17306.4663234016,151266.093635036,270753.852158099,1.69230912307078,2.86391016802858,6.03235045988062,1.79581909622786,0.0018108100173058,-1.49182942528127,20709.9366367042,152420.841486828,275051.845648192
1.69182064749689,2.8622571032968,5.83811400981367,1.73616960528296,0.0019553579595933,-1.4941600988487,17300.19152177,152446.49482795,274856.426944975,1.70496008520706,2.90688889214927,6.18801513262931,1.88854535080417,0.0014685594138392,-1.4926111519015,20633.806280004,153559.121515506,278980.823230564
1.68678352919973,2.84523867437948,5.78507781600106,1.7229612517812,0.0008433742158335,-1.49422991896823,17315.6429624947,145283.974930944,272858.406277128,1.69976728148861,2.88920881121918,5.97311523042758,1.82234249033111,0.0010052292273065,-1.49187307925412,20659.2367905463,146389.905815854,277174.984200387
1.6948014732997,2.87235203389885,5.76785827255541,1.70521887257436,0.0018537336814488,-1.49376675840406,17288.7846074099,149702.641336254,275333.469229366,1.70815175120061,2.91778240512972,6.34023589668887,1.97399341745109,0.0011928838539275,-1.49175227315064,20655.8073462736,150860.479910381,279754.244104919
1.68432309124341,2.83694427569576,5.84018035502715,1.73666890290864,0.0014993582685858,-1.49412841919586,17297.1119786202,151781.215237573,272729.855715447,1.6968383614846,2.87926042500574,5.99033477387323,1.84264420931025,0.0014276480882965,-1.49191948573712,20683.1829764435,152873.52623414,276794.084935923
1.69062039332578,2.858197314329,5.83604766460019,1.73980056966738,0.001946088047039,-1.49453594617096,17253.6712031973,113982.864432266,275637.003610973,1.7036400946774,2.90238957219242,6.13153503012757,1.82199586857676,0.0023201410875051,-1.49173996004137,20655.5518082489,114867.743243677,280050.911968302
1.67407914590789,2.80254098676371,5.75890410996367,1.73431183393213,0.0012509036045863,-1.49456586901667,17274.2891957374,149545.287658591,269035.53803228,1.68689559578468,2.84561675107774,5.97518157564106,1.85675463027463,0.0008796424514479,-1.49232076486208,20552.0740614301,150658.158642138,273186.866305634
1.68149376732666,2.82742128955842,5.72170989612107,1.7013876912294,0.0015303044088202,-1.49424719122376,17241.295172932,150527.603348631,271955.304900008,1.69463744217323,2.87179606041544,6.18663756915366,1.90647768718015,0.0012460285960891,-1.49204888733576,20634.8800907333,151650.537492747,276155.699210886
1.68268731924833,2.83143661435915,5.77267974472019,1.71786292604328,0.0002320689167223,-1.4943198549364,17242.8077376283,134777.069062739,271509.238911021,1.69607211378175,2.8766606151481,6.22865325516104,2.01403435751924,0.0005762076754326,-1.49277305968747,20551.1386958301,135776.807896136,275677.757933183
1.68330842757931,2.83352726235953,5.77612365340932,1.7344239931491,0.0008192849816834,-1.49429387111992,17291.6031022811,151798.196346937,271748.57196008,1.69585641567613,2.87592898258988,6.20867858476409,1.85149755749945,0.0011806507784356,-1.49195026939846,20640.5907801216,152910.510752995,275883.01700331
1.68060144610941,2.82442122066503,5.77750121688498,1.73131041454065,0.0004102110304795,-1.49413002250768,17284.9239857694,142340.738233267,272046.31904194,1.69385998526407,2.8691616496788,6.00962066253236,1.86679090125133,0.0017202192304733,-1.49196372514805,20531.894822857,143416.488036537,276295.531366714
1.67714477053622,2.81281458133699,5.79472076033063,1.74660495111262,0.0007390902090194,-1.49427591988833,17369.615210689,150038.255301125,270768.525738413,1.6901086524383,2.85646725704681,5.9579620321954,1.81160982010441,0.0016429489233464,-1.4924305005498,20575.1406730481,151169.026977253,274988.231747258
1.67492679107532,2.80537975546186,5.72653136828585,1.71350165415119,0.0012902604608683,-1.49397328860685,17506.6841540799,149176.009745682,272137.323367354,1.68803442962563,2.84946023560153,5.89390533057758,1.83692153150705,0.0017455768967909,-1.49231176530889,20813.1664220974,150317.001703081,276502.43412045
1.67987793602723,2.8219898799511,5.73135284045063,1.71142257284212,0.0004690845744048,-1.49428837464437,17282.1344197312,147308.803767354,271023.183647247,1.69329261504478,2.86723988016517,6.08814178064453,1.89016054630276,0.0018830359768678,-1.49213343213681,20523.6239317492,148403.137345301,275196.999439899
1.68238920388433,2.83043343334656,5.82709350200845,1.73930508222661,0.0013860427687576,-1.49353809971868,17298.5659968688,150266.944669477,272729.213923484,1.69635970055349,2.87763623366192,5.94280883396323,1.83725079709014,-0.0001364975280392,-1.49267361676068,20540.9116645869,151388.560572271,276938.293509179
1.73428683956498,3.00775084188829,6.01237578948366,1.73892185937149,0.0031191520180174,-1.4935325382225,17526.0664721823,156251.288475979,288778.351822664,1.74650702109526,3.05028677473505,6.49245666074843,1.97222572340825,0.000364850806039,-1.49203432462715,20686.8355859992,157268.352977242,292652.761389916
1.71075368359399,2.92667816593042,5.89252776710193,1.73396006235906,0.0027028434132051,-1.49382025768565,17532.3013244731,153915.527253958,281511.710802179,1.72275471702044,2.96788381501616,6.16804046223235,1.85663239031239,0.0014277774094153,-1.49193776000434,20792.9065960609,154941.913272556,285432.626969316
1.70966576259431,2.92295701978717,5.89734923926671,1.72476584758757,0.0030479790983236,-1.49428269677324,17458.0478980085,153423.513548263,280580.832333763,1.72108283284416,2.96212611751089,6.25758208814974,1.84606725559776,0.0003590750123652,-1.49183304157568,20730.8087897055,154446.508750183,284410.25799783
1.71699212487321,2.94806195687662,5.92145660009062,1.74697084685972,0.0020797201222834,-1.49338926009742,17456.2054068598,152910.218738831,283438.423324412,1.72896369216559,2.98931544882688,6.0661007650341,1.77571477369198,0.0018020357509688,-1.49199099841695,20711.2652966764,153933.978523403,287401.868336809
1.71496565750831,2.94110720643291,5.9235229453041,1.74003016886635,0.0024499556390067,-1.49394497298427,17487.510536844,153268.371592984,282027.074939941,1.72651144352034,2.98084176460668,6.29546508373017,1.87962482240748,0.0014672760854697,-1.49182792413897,20756.3612146154,154299.063134455,286003.086439339
1.71753571945039,2.94992894758796,5.94831908786584,1.75650469407037,0.0016590441873031,-1.4936658890039,17490.4964056775,152878.383787123,283331.405082948,1.72933646424506,2.99060460656761,6.36778716620191,1.99390951258732,0.0010661416804039,-1.49148860531606,20765.4297149756,153927.417522867,287414.496520357
1.71698344164671,2.94803213888897,5.90285949316932,1.72055966431191,0.0029408576845682,-1.49387192887875,17458.6264746683,153813.866073643,282967.293191711,1.72880555744663,2.98876865545835,6.280311885498,1.90999794755954,8.51456126480017e-05,-1.49177488131512,20756.3191989294,154851.077930202,286915.92421807
1.72063908764173,2.96059886992055,5.96209472262236,1.74333566801587,0.0032168719314924,-1.49347912603064,17513.7455444561,152361.699769343,285026.293233976,1.7329605025221,3.00315210330164,6.4442419391006,2.00254566930055,0.0005794696650201,-1.49228096000066,20690.9414139384,153402.921542111,289025.543473946
1.71352928729407,2.93618261841452,5.88426238624802,1.7449472961566,0.0022747594766559,-1.49374471711939,17468.642049918,152876.087400343,282699.417965719,1.7257901989274,2.97835181071389,6.46352782775973,1.99734570190956,0.0015236849498607,-1.4920086987199,20712.4630881185,153935.910082066,286762.881581297
1.71715296245747,2.94861429647647,5.91801269140149,1.72439248200925,0.0031934089686719,-1.49338231238519,17448.6184760177,150892.093612329,283191.173466412,1.72972810179313,2.99195930613287,6.46215026428408,1.91420469326728,0.0001758434187204,-1.4917150376859,20684.5722492087,151909.162747027,287169.726523967
1.70760262451707,2.91590672325759,5.9076809653341,1.73753508323047,0.0029875326148016,-1.49370626104069,17491.7782284916,152293.900514834,279881.158090832,1.71897575259219,2.95487763799989,6.08125396326627,1.81735691530342,0.000523291440241,-1.49202408704247,20727.8911102641,153298.127636037,283689.682989413
1.6707068818143,2.79126148494166,5.6934698448702,1.71353921189471,0.0008605159990704,-1.49415108326075,18906.4691061577,149093.609183737,293286.622854564,1.68328526357377,2.83344927856461,6.1322238118654,1.90727641920802,0.0005987789999442,-1.49307324216556,22505.4081000562,150123.217049783,297469.35122399
1.70942191166555,2.92212327208229,5.8918389853641,1.72432229750438,0.0028215468321144,-1.49395880442966,17522.6122317671,152122.310976027,280526.824041417,1.7212579116469,2.96272879840706,6.04405974942366,1.81688959230222,0.0005225672966046,-1.49193917431756,20778.0178900161,153151.201188942,284486.606304707
1.6807484365498,2.82491530696461,5.8098739585628,1.744595721051,0.0028803410564011,-1.49450215194633,17245.1606160447,149088.397725678,271758.551754541,1.69310732549064,2.86661241563006,6.12602477622496,1.84308207394033,-0.0001140674262425,-1.49276377069149,20598.0936356794,150113.502571766,275640.036636442
1.68516696775736,2.83978770922054,5.84086913676497,1.74389165533312,0.002595334082914,-1.49431809546931,17313.7281492635,150601.22286021,272988.588463396,1.6968730677786,2.87937820815235,6.05645782070453,1.88046905226672,0.0001909306989412,-1.49247853251194,20632.0622846438,151626.132606946,276849.630807574
1.70122492520106,2.89416624612536,5.76510314560411,1.70528490389923,0.0011760031064315,-1.49467758203735,17364.4589905996,149737.459656256,277621.443661536,1.71284223105266,2.93382850847746,6.24656158034452,1.8478094826359,0.0011175484288356,-1.49217996034736,20677.8070349798,150754.704228007,281497.429706079
1.71535895688954,2.94245635098118,5.93041076268236,1.73616418450614,0.003322521498876,-1.49277272848789,19088.8571327706,153196.239706915,282062.450351696,1.72716268909613,2.98309095460577,6.65776427782668,1.96221414346949,0.0012457425714795,-1.49134433385675,21771.7591198281,154212.797899422,285910.133347022
1.71763488010889,2.95026958136668,5.83673644633802,1.72986065215717,0.0024059342693722,-1.49400865394951,17363.0380338745,152226.140261774,283434.464908943,1.72966965004803,2.99175709829728,6.29133239330322,1.92898626623495,0.0007580192164389,-1.49195217075975,20729.9044192837,153238.449826947,287336.340338336
1.71398825192473,2.93775572773601,5.8546447715215,1.72858671043865,0.0025891356871896,-1.49407654105399,17469.5078485624,150786.167469739,281398.785137051,1.72568597781248,2.97799209401862,6.05990172939366,1.78448680802733,0.0009571055654842,-1.49182405313818,20665.0659503935,151832.581579525,285446.947423714
1.70655969577905,2.91234599525747,5.93109954442019,1.75456327604449,0.0025874108991114,-1.49386916263394,17457.4693213487,145784.055967353,280945.80214568,1.71899047333189,2.9549282474058,6.41393554263625,2.00332484294273,0.0011977981932964,-1.49170698168429,20722.6115982436,146815.891146279,285071.910454122
1.66978496269269,2.78818182163463,5.86635406106454,1.7663761511532,0.0026370773478939,-1.49385789518353,17403.8249332616,147503.474772672,267615.655615004,1.68225026407985,2.82996595099673,6.39120574528799,2.02813704985215,-0.0007481863052726,-1.49166546077171,20636.1612247656,148596.942819981,271750.282655073
1.70696904122275,2.9137433076929,5.92972198094454,1.7706808721086,0.0015232335332741,-1.49355359906549,17483.4370816465,151351.786748162,279990.627044371,1.71927490107831,2.95590618547784,6.31681731760278,1.9885675663077,0.0004816210078686,-1.49227606432025,20738.3061789217,152384.825619044,283926.70750879
1.71871083189095,2.95396692365928,5.95314056003062,1.73448841267403,0.0018047304267639,-1.49369572905251,17450.3314761996,152732.424563736,282848.818144085,1.73110406743876,2.99672129230303,6.37329742010452,1.85259493576829,0.0004972163777164,-1.4919180759568,20637.6448606289,153812.220166196,286989.79391312
1.73158211661021,2.99837662656431,6.04750365811279,1.74635097867753,0.002874003168731,-1.49325193117055,17442.2355356532,151235.852081529,288082.09975272,1.74455394765396,3.04346847627501,6.58819732230625,2.03307551646211,-0.0005666904204277,-1.49249020069842,20688.5389432369,152285.982235088,292215.095108816
1.71529724618311,2.94224464276335,5.91181365576106,1.72735838829632,0.0026955786963023,-1.49381486407495,17487.2054065341,153081.21522243,282054.474811254,1.7280024074779,2.98599232024943,6.10811645104148,1.84737053579188,0.0004252420645725,-1.49272693529138,20696.8311865785,154159.830653037,286171.196206563
1.72391262624605,2.97187474293054,5.99033477387323,1.73819803522692,0.0022581635106168,-1.4937230511982,17433.3619605248,155439.576274459,285371.793246839,1.73696591511886,3.01705059028469,6.18388244220235,1.83929601556257,-0.0002272024111948,-1.49192286126964,20710.4105185398,156579.366520186,289728.241176272
1.73438644290116,3.00809633331934,5.99722259125149,1.73882441869393,0.0020477872024674,-1.49417361117789,17275.6219884,156233.901748043,288616.365407341,1.74705204769094,3.05219085734109,6.18319366046453,1.86325944146205,0.000533600354861,-1.49212434357143,20587.9857636768,157315.374716417,292745.873918415
1.7234684787901,2.97034359738305,5.96071715914671,1.76165446168008,0.0006508736279355,-1.49399517521789,17417.8471518803,153049.145225252,285102.142555306,1.73585527955355,3.01319355155394,6.35470031318321,1.89483253118492,-0.0001929463702463,-1.49255269925425,20731.1187414875,154100.545521657,289107.567428436
1.72215931939284,2.96583272137159,5.91663512792584,1.74030935276267,0.0018094405409394,-1.4946542537823,17487.9320712675,153190.341131838,284114.880883452,1.73371480954041,3.00576704081974,6.58062072319016,2.011753540959,0.0014335481518022,-1.49161694937314,20692.024867612,154247.423885197,288125.132682088
1.72584422931758,2.97853830386879,5.9524517782928,1.7518330234312,0.001725921533575,-1.49394386259996,17444.2522885816,154564.871145062,286343.132916768,1.73795862295823,3.02050017511485,6.27273528638191,1.83729309055365,0.0005180605057772,-1.49221105487291,20659.6424829898,155623.691710533,290400.367016608
1.73838101752047,3.02196856207552,6.0027328451541,1.73122385267258,0.0014343159267938,-1.49430043566217,17400.6097001094,156624.946555693,290101.884253002,1.75032804095939,3.06364825096874,6.33954711495104,1.93548611077643,0.0001380177434662,-1.49226725436856,20648.3381971086,157673.23698698,294149.375783926
1.68326496977101,2.8333809584582,5.78163390731193,1.75326377711162,0.0007988690677419,-1.49409272339308,17469.7888715115,148209.255562412,270852.945687789,1.69546222636462,2.87459216102929,6.35194518623191,2.05815292291098,-0.0013256249483119,-1.49211957053878,20714.161623884,149270.025274275,274970.210498519
1.73178172323179,2.99906793691966,5.98069182954366,1.72958054564072,0.0012477139256059,-1.49385714684907,17481.0752490675,155218.888127156,287939.52603798,1.74415205228785,3.04206638149992,6.2141888386667,1.84254083678964,0.0009650150078535,-1.49191948302317,20703.4262717182,156301.416911896,292129.899672257
1.69359174733374,2.86825300663694,5.8229608115815,1.72493937600512,0.0032228496757322,-1.49367070733655,17800.782246842,139524.014831616,281017.60904255,1.70589143166982,2.91006557664451,6.30510802805974,1.94764675231385,-0.0027285981014111,-1.49266500067613,21067.3902512751,140469.572739819,284936.548478683
1.73762028523778,3.01932425566981,5.94969665134149,1.7326525297848,0.0021647163701825,-1.49411807181692,17465.8669482963,152827.501398601,289973.707609808,1.75013873048023,3.06298557592697,6.375363765318,1.90689682395119,0.0004405657224379,-1.49239578142287,20715.8332971617,153902.843722968,294220.310040507
1.6960669329755,2.8766430411329,5.85533355325932,1.7318706196993,0.0010155955760809,-1.49361163122162,17404.5391999237,150998.652119164,276244.927030584,1.70939465356647,2.92203008164163,6.17148437092148,1.85111218742204,0.0012730204718761,-1.49232229190279,20684.7086279928,152099.197864962,280432.536099823
1.7347182179741,3.00924729577122,6.02821776945366,1.74407744679971,0.0026739058934238,-1.49408516040613,17437.1316629759,154432.984252092,289129.265317978,1.74683847328339,3.05144465174306,6.16459655354322,1.84112932154218,-1.84942763671097e-05,-1.49177149714519,20674.5511637051,155535.978717587,293461.363085683
1.7053545600748,2.90823417556793,5.8573998984728,1.7184974527592,0.001739736387944,-1.49465526964717,17365.755966612,151060.108978583,279068.515591007,1.71713356999716,2.94854769721121,6.35332274970756,1.92778683790699,0.0007604870349815,-1.49219016931536,20601.4431812705,152087.13235195,282977.174418528
1.70504121023644,2.90716552860453,6.01926360686192,1.76907184505862,0.0014992271247904,-1.49351386637966,17491.4944504156,150956.779075454,278558.127580986,1.71755512017023,2.94999559082296,6.05094756680192,1.83099866113098,0.0005063447555134,-1.49236511036414,20754.3789007739,152025.870777717,282605.347831242
1.73413915577297,3.00723861158499,5.95038543307932,1.74123190257334,0.0028178318375698,-1.49356727161884,18849.6329034975,149158.741329248,311897.332285707,1.74704830593673,3.05217778327639,6.44079803041147,1.95705308763197,-0.0016362789383851,-1.4926130266657,22353.7135652443,150169.354910616,316250.553358329
1.68851664042241,2.85108844498339,5.6803829918515,1.68517461218847,0.0049990738560962,-1.49382395906403,16939.9448972523,151145.483465553,273554.388800136,1.70026662990197,2.8909066127582,5.58464233029368,1.69642565772858,0.0055249805996596,-1.49431827792798,18745.9195933244,152133.631365332,277145.998978751
1.71732103563586,2.94919153943741,5.6934698448702,1.6863990795652,0.0043280363401083,-1.49335585791548,16798.8135191717,154573.699713084,283293.026414286,1.72771591796667,2.9850022931954,5.60737212764194,1.63699667919633,0.0071474103926811,-1.49475306616156,18606.193329989,155470.921660814,286667.242302173
1.71586755519211,2.94420146696096,5.6776278649002,1.66538467845136,0.0055036743048496,-1.49336426463883,16894.5335172774,154759.493136008,282699.825930121,1.72610508596828,2.97943876780555,5.56880035032368,1.66856740635279,0.0056478141238513,-1.49484227339137,18686.1278282272,155634.810248283,285956.681932173
1.71485684286992,2.94073399153781,5.76303680039063,1.70717496190138,0.0076886829341122,-1.49381199037366,16881.4886799447,136801.443130728,284259.861637127,1.7250164661334,2.97568180843137,5.68933715444324,1.71822509576724,0.0041167846727575,-1.49475787663505,18701.5703147892,137592.404698575,287605.812998088
1.71806757244337,2.95175618348147,5.72308745959672,1.67876446194195,0.0050414336660685,-1.49374728797903,16834.8195845166,154527.077472347,283184.306205838,1.72827991929588,2.98695147944136,5.68244933706498,1.66318753828932,0.00664635311666,-1.4947558387351,18702.0758805848,155410.936392653,286499.083725875
1.718032162294,2.95163451067658,5.70104644398628,1.66369746299281,0.004080437871512,-1.49353617619931,16857.654076689,154558.26009649,283453.881665889,1.7288538731799,2.98893571480914,5.7120669517915,1.7037418788306,0.0061092510695104,-1.49496142983026,18736.9261701736,155481.454537716,286899.142218842
1.72067238719993,2.96071346407231,5.66316344840585,1.66775778046436,0.0052351093996632,-1.4937260454234,16851.826983187,155034.060574285,284105.386727518,1.73122280314732,2.99713239413728,5.62665801630107,1.68712397908958,0.0062934241336294,-1.49459292968234,18648.0258000541,155970.486394429,287597.643686874
1.7216875207603,2.96420791914175,5.70242400746194,1.67006537634191,0.0052991229388995,-1.49332730591416,16975.9805802118,155230.521784779,284362.55506364,1.73174705353667,2.99894785743293,5.57017791379933,1.67341356720373,0.0060469720407957,-1.49417873239557,18780.1217392979,156126.146556037,287705.330480245
1.72282322397407,2.96811986106441,5.69140349965672,1.67578769429628,0.0045171313258427,-1.49375604688487,16878.7493949734,155727.046092368,284983.191976166,1.73313286905204,3.00374954178854,5.54675933471325,1.60601769297812,0.0063949252741201,-1.49471998331057,18561.6133095717,156633.079270747,288353.881464019
1.71995322829365,2.95823910751776,5.71344451526715,1.69425005855204,0.0052933740909914,-1.49375554560405,16966.3617432431,154709.511560606,284215.933404027,1.73056416738848,2.994852337449,5.59979552852585,1.67478754397957,0.0064398944304145,-1.49476321053294,18710.7944798222,155632.966816112,287656.760761233
1.71821975395034,2.95227912286517,5.80229735944672,1.70699967360591,0.0046869588169916,-1.49355141488259,16900.7986759646,155271.928703043,283345.102040086,1.7285907439314,2.9880259600053,5.65007659538716,1.6740527914604,0.006479627110614,-1.49422236166011,18654.8922651985,156205.326966112,286821.063356736
1.69790108018013,2.88286807807684,5.70035766224846,1.68204091632868,0.0049725117411255,-1.49397208318446,16961.740706564,151291.994767913,276541.540564939,1.70903862430912,2.9208130193804,5.59290771114759,1.68238864318497,0.0062927893122618,-1.49413131046451,18745.48979352,152261.460157078,280130.772697032
1.71692757809358,2.9478403084183,5.78783294295237,1.71780413904906,0.0043403035232289,-1.49344481330458,16967.9342319506,152061.990625338,282570.465334133,1.72764511140236,2.98475763095246,5.63630096063063,1.65033888358752,0.0063284158078511,-1.49441378603868,18684.0139570738,152986.496003188,286097.119374895
1.6984677161753,2.88479258288974,5.69278106313237,1.68373154207748,0.0043395211151659,-1.49332901947506,16934.8609992454,152811.463354939,276933.302422027,1.70975256075343,2.92325381900292,5.57706573117759,1.66996143903001,0.0062239329880438,-1.49441330573155,18780.691361795,153819.122310041,280639.637535374
1.69589750017394,2.87606833109621,5.6776278649002,1.68509830098087,0.0035212832778809,-1.49367774526637,16881.627125074,152085.677013655,275585.568990065,1.70694255163751,2.91365287459078,5.60461700069064,1.68819901217229,0.0066765058615375,-1.49396448553314,18734.5877561737,153096.504156575,279308.395954326
1.70656783616511,2.91237377943327,5.71482207874281,1.68857997211759,0.004475512379745,-1.49378034875852,16924.6787388151,152218.682417326,279977.463114358,1.71752858884632,2.94990445350443,5.6617858849302,1.6819644271582,0.0059975926954701,-1.4939125301117,18799.3256629302,153199.729497232,283645.19892718
1.70118280000221,2.89402291902336,5.72239867785889,1.69131026499815,0.0050762962650265,-1.49358357868268,16866.985691673,153311.213379835,277890.260212246,1.7129420116103,2.93417033513955,5.54607055297542,1.63246146113342,0.0061756624341063,-1.49444205149861,18694.4737965444,154334.416311958,281659.9089366
1.70964469401743,2.92288497978195,5.64318877800889,1.65145902106619,0.0053958947772659,-1.49420744301973,16874.1249143856,153470.688369423,280157.62406349,1.72076990251917,2.96104905741583,5.6486990319115,1.71026879834218,0.0065321215471612,-1.49425081383171,18694.7623960926,154483.422987619,283905.629890195
1.71078745002834,2.92679369917448,5.73824065782889,1.68112667735391,0.0044571659031357,-1.49276483844885,16890.9428980781,147398.036419066,281485.023925555,1.72291966930343,2.96845218687265,5.66591857535716,1.70144712336603,0.0082699647504016,-1.49477896017863,18740.7681947072,148371.157849524,285299.417927859
1.71233897937412,2.93210478028402,5.7940319785928,1.71195960158279,0.0048746769130265,-1.49404252492705,16830.4203355571,153205.913477756,281147.718778519,1.72109067301907,2.96215310475323,5.59910674678803,1.67990684659731,0.0056850863002529,-1.49426222303794,18564.4166512446,154026.963303195,284230.3732863
1.66445831385371,2.77042147855673,5.69760253529715,1.72195785874634,-0.0010693639005441,-1.49402714702101,16604.5061245857,148864.234808718,265534.886257875,1.67575766842868,2.80816376329753,5.48614654178455,1.67267774755427,0.0006545111287315,-1.49417163497849,18166.4847115052,149878.377107891,269172.315169603
1.69443603851252,2.87111348861,5.79954223249541,1.72072554376279,-0.0011137540202361,-1.49384062631721,16670.0230434878,152467.294264465,275465.530280502,1.70575337519119,2.90959457697613,5.59221892940977,1.69163463676103,0.0006670429612645,-1.49470389193597,18226.6553065582,153488.704246106,279232.829108792
1.69878277429704,2.88586291424834,5.67005126578411,1.73564866624266,-0.0003053282716178,-1.49394198760568,16832.6189268642,153110.610404855,277053.70297503,1.71002115316205,2.92417234426165,5.44757476446629,1.59753006810766,-9.0987140370145e-05,-1.49380541784975,18335.918131193,154106.359084844,280698.165892101
1.69447681868042,2.87125168904532,5.80298614118454,1.72981378006962,-0.0010850714679047,-1.49437199864254,16621.1498464986,151722.803398684,275877.745880401,1.7056235394666,2.90915165838259,5.55295837035368,1.68462819023142,0.0008500547210213,-1.49429087152946,18211.108125172,152691.577320873,279440.050642858
1.69769480604441,2.88216765447017,5.72928649523715,1.69655278223702,-0.0010740460190681,-1.49403425927192,16658.3964077533,152438.10371797,276963.136508084,1.7085065967987,2.91899479130469,5.52885100952977,1.69368381052597,0.0006069421186537,-1.49399516049886,18253.93657363,153415.043573721,280535.608796103
1.69696784493813,2.87969986675396,5.82158324810584,1.71630198629458,-0.0008535014816564,-1.49413849967292,16678.5026354621,152327.155017725,276806.545099226,1.70822507035616,2.9180328909933,5.45859527227151,1.63240029435496,0.0007143235235673,-1.49428755448075,18246.0038743554,153340.171329918,280524.614735772
1.70055513463121,2.89188776592059,5.81538421246541,1.70993634389616,-0.0011138408937489,-1.49481004763176,16669.8756441959,152034.713250502,277733.180763878,1.7112965869902,2.92853600864431,5.53573882690803,1.67279689056374,0.0001473428837017,-1.49427679812474,18254.3209138397,153028.006612903,281418.3594559
1.69530785159547,2.87406871168124,5.85946624368628,1.7482804942874,-0.0007570900859046,-1.49385885450526,16761.8534911199,153168.267175929,275943.764688071,1.70660049721796,2.91248525710459,5.5639788781589,1.67698690345148,0.001582311998657,-1.49423607115531,18295.1394971867,154193.960741459,279683.414305669
1.68965517554041,2.85493461223048,5.70862304310237,1.69637212510938,-0.000247049081878,-1.49405264770965,16593.8740896807,152192.069400575,273941.058283727,1.70105904782296,2.89360188418036,5.42760009406934,1.60943489689125,0.0007846739277747,-1.4945724016661,18200.2481035117,153149.609446319,277434.158322854
1.69434023243449,2.87078882324616,5.71275573352933,1.75610443034485,-0.0017773940857095,-1.49376041872359,16629.5640042079,152394.531887557,275624.476012605,1.70548656481532,2.90868442276557,5.39936004281847,1.58506404638696,0.0018266187137428,-1.49387718701624,18216.6011595311,153407.763355587,279349.378427944
1.69978107407045,2.88925569976808,5.81882812115454,1.71863975119546,-0.0005882789121482,-1.49452583954058,16580.7837927533,151395.137869262,277231.871530839,1.71063576994038,2.92627473739952,5.49854461306542,1.64316761121113,0.0006707116159888,-1.49401702582316,18182.3012065509,152394.713537152,280967.619910147
1.66337689001724,2.76682267824342,5.67005126578411,1.7422479325062,-0.0007112341681167,-1.4938053279651,16610.600465402,148920.469336585,265543.119176406,1.67462805087361,2.80437910877273,5.42553374885586,1.65399797796422,0.0002650876319023,-1.4940108364703,18167.0088744076,149916.516835385,269133.966550278
1.70071739134203,2.89243964521323,5.78025634383628,1.72501313526167,-3.05757701837155e-05,-1.49381818763511,16639.567870168,152365.081040323,277695.162518955,1.71169093241482,2.9298858481111,5.54124908081064,1.67719936562285,0.0003540982008369,-1.49382116338182,18266.7775315683,153335.093243159,281247.528393984
1.67457016353106,2.80418523258844,5.7595928917015,1.73390751788278,-0.0014928397180929,-1.49401626391086,16575.9265039381,151110.35214765,269014.459966694,1.68582588898429,2.84200892796966,5.39798247934282,1.62679828422305,0.0003763252338584,-1.49430955519072,18171.8482548976,152126.638125229,272696.378921205
1.67827358525945,2.8166022269796,5.71137817005367,1.72870497396814,-0.0004930879450703,-1.49343163725692,16650.9809835638,149617.211767172,270669.972528694,1.689615133705,2.85479930004497,5.39936004281847,1.61976537408839,0.0001117729084894,-1.49399367934339,18248.3071604867,150610.231735719,274278.738655593
1.68280552026235,2.83183441902543,5.65765319450324,1.73075960263052,-0.0003731655099327,-1.49388110638471,16797.0619472124,150945.722837868,271624.319829683,1.69343285032771,2.86771481856902,5.44344207403934,1.66658395036622,0.0005161038400737,-1.49398232651105,18329.3919242271,151933.787237935,275260.605580347
1.68484095112752,2.83868903059628,5.52816222779194,1.72154584130281,-0.000685809353026,-1.49428307948706,16732.1063854267,152167.914343881,272618.515698097,1.69533168681654,2.87414952832423,5.38076293589717,1.59096303581506,0.0005657611433003,-1.49440934346304,18276.0333805612,153114.998617832,276052.358744095
1.69287569750418,2.86582812720026,5.7409957847802,1.72400161621716,-0.0017641014732565,-1.49360690569048,16780.2556728094,152090.942129419,275418.473825285,1.70372342307068,2.90267350231968,5.49096801394934,1.61731382516057,0.0013324954263483,-1.49380008303157,18349.8184354441,153079.832901063,279032.137629011
1.69351299833149,2.86798627551771,5.73273040392628,1.69618369978046,-0.0003723686393409,-1.49385415787564,16658.5575826799,152693.766658233,275333.80225954,1.70466886612073,2.90589594312135,5.53711639038368,1.69406729008213,0.0011455038211725,-1.49444617057087,18248.361574244,153682.010166592,278922.697023275
1.69622477979611,2.87717850359436,5.71413329700498,1.69483607110011,-0.0007116047569633,-1.49459479941936,16627.6850076271,153120.448950599,276174.057737702,1.70685318755341,2.91334780386123,5.48683532352238,1.65678955421291,0.0010523294474531,-1.49422356747686,18211.2768766977,154079.212253348,279682.990391064
1.67696956734013,2.81222692978493,5.70035766224846,1.70692050942435,0.0020429578565974,-1.49409213801646,17979.8606772047,150920.6475045,269778.5423829,1.68847785268615,2.85095745901165,6.09778472497409,1.8858698826206,0.0019526033747024,-1.49235583472543,20802.0012701272,151960.224106492,273639.97686695
1.72213863963588,2.96576149412692,5.85188964457019,1.71126387516639,0.0023959635845333,-1.49279826950778,19161.1764601154,146449.279068463,302083.831662843,1.73437406267729,3.00805338928771,6.48763518858364,1.95325830029197,0.003548549885999,-1.49197089181386,22131.5628576885,147429.223569164,306360.419756976
1.72793783624925,2.98576916594173,5.80780761334932,1.70538301721763,0.0015700233882569,-1.49373589502305,18044.0165633927,153854.143456872,287187.384752063,1.73983739433416,3.02703415872347,6.59370757620886,1.95173787579318,0.0023383373712063,-1.49239988793008,20826.7429989317,154850.318144379,291069.241479109
1.73339427181534,3.00465570156223,5.88632873146149,1.7035579309731,0.0015993738580064,-1.49274572841114,18197.7292286964,155217.719552235,288890.606428967,1.74540448110114,3.04643680264795,6.30717437327322,1.8563526659218,0.0022952044034397,-1.49193122502927,20904.7626839387,156247.874101258,292837.28244911
1.73599114758383,3.01366526448941,5.72584258654802,1.694575455767,0.0024086088752911,-1.4931558592095,18059.1050161415,156489.262041252,289528.019245324,1.7482698944978,3.05644762400736,7.24391753671665,2.35776887674663,0.0015968210299773,-1.49288544302519,20834.7452651617,157523.919587749,293509.151439793
1.73861517169296,3.02278271524093,5.86359893411323,1.7086382167557,0.0021124098681307,-1.49367144289383,18043.3753075948,155063.425342713,290159.069278321,1.74990072728195,3.06215255534189,6.201101985648,1.84284640505191,0.0021167956388792,-1.4923384461754,20821.7679284393,156052.479442357,293984.494270878
1.7348400481223,3.00966999256898,5.8918389853641,1.71381499129548,0.0009365457004664,-1.49348901627811,18087.5661663303,150760.193115903,289635.089675458,1.74596372691173,3.04838933569149,6.23416350906365,1.85076107063683,0.0024499876816303,-1.49198429908267,20896.7039376061,151732.128104168,293528.005862704
1.73786525715144,3.02017565201405,5.86842040627802,1.70446881519541,0.002674667651194,-1.49353827442826,18074.2692348815,156498.12694057,289982.281496885,1.74955075587181,3.06092784737163,6.46628295471104,1.98246546417798,0.0026717472995557,-1.49271706010433,20878.8321178547,157499.499123369,293834.892597755
1.73483635403031,3.00965717526519,5.82227202984367,1.68115855007591,0.0016762502622588,-1.49393703985933,18145.6318443925,154667.451192511,288338.924235154,1.74636382841381,3.04978662119214,6.65087646044842,2.12507716574846,0.0005682217231653,-1.49227697865512,20944.0170439591,155688.280530061,292259.052408827
1.73289141089754,3.00291264196248,5.90836974707193,1.71400194454599,0.0020383190305619,-1.49376636222465,17877.2700812642,154254.501346215,288829.228434096,1.74388184394201,3.04112388563058,6.65776427782668,1.91022780134104,0.0020808555962113,-1.49251955942867,20716.549630169,155207.253116494,292583.646426088
1.7301603064159,2.99345468589717,5.69415862660802,1.70275138876847,0.0015839843973712,-1.49367028576225,17814.6343363715,156175.910333696,287511.947211732,1.74152257466397,3.03290087806421,6.74041808636581,2.10936648166561,0.0029074548860937,-1.49216214838547,20683.6926749295,157147.081280696,291217.655158935
1.68694516710807,2.84578399682929,5.7595928917015,1.7198967554015,0.0013354544845238,-1.49295461603882,18001.2177325494,149754.003940267,273077.645151775,1.69882606671586,2.88601000495326,6.70942290816363,2.08462553424717,0.0026484363294909,-1.49196283005017,20823.797079439,150743.611971664,276841.86343405
1.73295837811178,3.00314474026783,5.77681243514715,1.71906343728571,0.0008798391268145,-1.49357815180774,17841.10972881,155215.20229877,287805.87597777,1.7444246774937,3.043017455449,7.23151946543578,2.34562172636768,0.0014206471067736,-1.49295073894833,20613.1545371587,156181.507053115,291511.883658283
1.6883075243144,2.85038229665661,5.7781899986228,1.73249558251402,0.0024601051158333,-1.49341814389529,17971.210956141,148378.142330912,273107.863214291,1.70014380198449,2.89048894742629,6.36089934882365,1.90625377987839,0.00216558988547,-1.49302610678808,20759.8891546765,149310.011682766,276670.877052081
1.69768345663757,2.88212911894088,5.76510314560411,1.70985581996501,0.0020927210633786,-1.49345008937465,18013.7514938327,150711.739197208,276990.288897926,1.70892285617329,2.92041732835148,6.201101985648,1.87779964098139,0.0021679402817174,-1.49197682664984,20820.4819729348,151687.617150239,280721.993803466
1.70338887033225,2.90153364357177,5.85120086283237,1.71939470843377,0.001584157321688,-1.49319436253791,17980.6851489448,150168.132090424,278882.565061403,1.71562839304795,2.94338078303229,6.18181609698887,1.90992016208449,0.001698505997266,-1.49253409837859,20782.2676733385,151219.974774314,282941.154234808
1.70723795661042,2.91466144049133,5.83604766460019,1.71709507268738,0.0026585994624794,-1.49295006987878,18046.4135238404,151931.565291996,279536.748979165,1.71928160543311,2.95592923878065,6.51656402157234,2.0977493839462,0.0010394783187522,-1.49198914208616,20856.0355086779,152955.271018556,283451.241582592
1.70869956854178,2.91965421553486,5.77199096298237,1.71433385647839,0.001638695439907,-1.49356757658552,17991.7125445674,154186.442120969,280148.233127846,1.71986731394169,2.957943577565,6.96427215115927,2.2289290676887,0.00160396001806,-1.49195561357431,20800.3771227894,155171.312186385,283850.303007699
1.70616803698839,2.91100937044081,5.76097045517715,1.70074395229316,0.0021099419868386,-1.49295895010677,19445.7976049468,163794.619725917,301241.467223345,1.71832830019877,2.952652147264,6.52758452937755,2.08903184365133,0.000386259806751,-1.49260361383037,22495.7830640518,164880.386761767,305373.648112904
1.72092935283908,2.96159783746313,5.84293548197845,1.71981209003396,0.0012117527497482,-1.49347621719984,18100.001431825,152188.540932707,284481.364997609,1.7322138016414,3.00056465459696,6.77347960978146,2.16798085285363,0.0008906498930784,-1.4926279870146,20822.013134738,153141.779753636,288210.284300358
1.64340600254752,2.70078328920923,5.56191253294542,1.71872898850856,0.0049390739004682,-1.49390422427077,16752.739531165,148011.849676866,259294.354785927,1.65494475867271,2.73884215425829,5.32428283339543,1.61130375165979,0.0021974541606967,-1.49415139225719,18573.899798211,149016.054561035,262853.176878243
1.67500563557233,2.80564387919908,5.64525512322237,1.70146111340422,0.0036926653691053,-1.49424513557116,16610.4868164153,150819.137897637,269176.867383148,1.68527798093832,2.84016187303555,5.60117309200151,1.71458693965764,0.0032211274081908,-1.49387376582967,18422.0502875081,151759.147508768,272570.443856635
1.67559109575235,2.80760552016456,5.62459167108759,1.73347524018194,0.004714465162122,-1.49399581801917,16567.1128528209,151274.565990402,269713.253188135,1.68705657418335,2.84615988449525,5.40073760629412,1.61872211207304,0.0022439877104994,-1.49438265077514,18388.9019775935,152259.02946879,273269.052477007
1.68015757790062,2.82292948657688,5.72170989612107,1.71326555291989,0.0043453708883474,-1.49375830159676,16556.8203873126,150771.51777955,270737.209504534,1.69166062266306,2.86171566226877,5.67349517447324,1.74350707211611,0.0023847628524709,-1.49421472589688,18391.0020731121,151768.045290796,274381.041779868
1.67423562225214,2.80306491881802,5.5984179650502,1.71993197266244,0.003755125802312,-1.49414277589497,16575.4140503252,150713.394030699,269068.817971714,1.68495676891579,2.83907931311515,5.43793182013673,1.64900775190704,0.0034585901687134,-1.49378937051288,18405.6731241278,151699.083884545,272650.935455138
1.67792929229909,2.81544670995531,5.64456634148455,1.69617855587743,0.0038224438982702,-1.49403532654779,16604.4654864632,151341.041641776,270215.52356822,1.68894895340945,2.85254856722286,5.48614654178455,1.69506424270773,0.002945569584832,-1.49405238545686,18403.1508054039,152333.749927983,273849.474087403
1.67686069997238,2.81186180711186,5.61977019892281,1.70885763765429,0.0034406822307501,-1.49351306803536,16603.415094313,149965.75130912,269758.872543814,1.68805003971087,2.84951293656786,5.43379912970977,1.62903699743941,0.002959975188062,-1.49483185815012,18385.5407227129,150904.33880322,273164.788817581
1.67825174198932,2.8165289094902,5.53780517212151,1.69429999480551,0.0042534483128877,-1.49375273988289,16594.1681994827,150897.829650003,270436.989927038,1.68950177252898,2.85441623937855,5.48063628788195,1.67168739037126,0.0030002761148306,-1.49433327040969,18401.9220187836,151861.370322267,273964.510568514
1.68314216501967,2.83296754766711,5.64456634148455,1.72437023310784,0.0043214461497778,-1.4936265275438,16555.9656091759,152148.043607602,271882.712494192,1.69430011829758,2.87065289086321,5.4158908045263,1.60735851965219,0.0030172100488563,-1.49428587104235,18416.8031482294,153118.908829578,275418.73820536
1.68359093935129,2.83447845106577,5.57499938596412,1.72456879790866,0.0040876327128031,-1.49425259036728,16589.3921869126,151451.911453432,272048.556300082,1.69442395077682,2.87107252496612,5.39591613412934,1.5988101594243,0.0037267946256779,-1.49392490195818,18407.8634500541,152435.512864551,275649.60057295
1.68623593993987,2.84339164514489,5.59772918331238,1.70731382494136,0.0036117758982012,-1.49389420124993,16608.7035604961,151664.582023131,272727.76360228,1.69754223957534,2.88164965514246,5.36009948376239,1.58399495652828,0.0024753716726262,-1.49435119791405,18418.8543402446,152674.975463988,276429.70540297
1.64878691525967,2.71849829193149,5.54056029907281,1.72695244073843,0.0045805331782667,-1.49466453007537,16742.6509450511,148164.442457709,260786.316784236,1.65937863699771,2.75353746092439,5.37800780894586,1.63067286804304,0.0021489968239334,-1.49374823281995,18607.9545448926,149148.766112421,264319.575182923
1.68369642518192,2.83483365217036,5.6645410118815,1.71808709473974,0.0048020673596277,-1.49415170074333,16554.3490384373,151898.451603588,272088.011787625,1.69466330949189,2.87188373253802,5.40487029672108,1.60693872180574,0.0034436232145899,-1.49426680777696,18404.7467126905,152873.768931813,275623.279976371
1.65255158013391,2.73092672500309,5.69484740834585,1.73339168383881,0.0047853106980877,-1.49394754081577,16814.948920162,148743.79876413,262135.372189756,1.6635517915664,2.76740456322378,5.45446258184456,1.69566123260692,0.0019909650676851,-1.49357361608671,18657.7293571766,149739.286330948,265709.378025569
1.65624840866706,2.74315879121217,5.56053496946977,1.7193540487878,0.0045658595905001,-1.49366668509809,16734.7630165895,149143.645712885,263452.729753147,1.66768185601508,2.78116277288192,5.37800780894586,1.61614658923813,0.0019157531527099,-1.49405234577275,18626.8436952707,150140.687102505,267040.914595308
1.66049848726109,2.75725522619638,5.68795959096759,1.72264721715866,0.0049303578456157,-1.4937420142538,16792.4099153551,147904.096962473,264677.620315622,1.67184119347381,2.79505297619595,5.57017791379933,1.72358852038955,0.0028652440942551,-1.49467108762616,18660.3164213839,148887.766638471,268305.864307672
1.67137272550118,2.79348678754925,5.66798492057063,1.71776237404002,0.0047242255955296,-1.49394970700559,16575.4987704789,150490.109310413,267797.196546372,1.68228209275096,2.83007303959054,5.4530850183689,1.65979928744516,0.0023188195526287,-1.49397514864495,18408.3352655445,151481.634730594,271389.676155145
1.67324123640341,2.79973623520082,5.6803829918515,1.69772999478396,0.0039677909423794,-1.49421868515858,16594.3328183181,149027.206297153,268378.142392573,1.684133130205,2.8363044002541,5.46066161748499,1.69128459749814,0.0019349757488779,-1.4939028049761,18422.6082007158,150010.825475622,271988.025845772
1.67388260380678,2.80188297132697,5.66385223014368,1.70328184508856,0.0045847973605473,-1.49391177703394,16595.3301742744,149229.546488781,269233.18660791,1.68481741246319,2.83860971333916,5.40762542367238,1.61142649532183,0.0031082984534474,-1.49404785169803,18393.1510721342,150203.546742586,272795.766051541
1.67602869091936,2.80907217278487,5.71000060657802,1.70831954870406,0.0052306249371201,-1.49459844012368,17001.6645624336,149529.731622753,276181.149760558,1.68664122560387,2.84475862390651,5.60461700069064,1.72414410814926,0.0042529242052054,-1.49414196247182,18851.5119000783,150516.01651964,279893.699830161
1.74161415414378,3.03321986191397,5.77199096298237,1.66414312571116,-0.0014481905158933,-1.49397479151228,17183.9499605676,155065.675897442,291523.670372206,1.75230711446618,3.07058022340879,5.77267974472019,1.71136289136792,-0.0008378672329831,-1.49419168350908,18571.3767907053,155982.723743824,295036.198969126
1.78776084787224,3.19608884918488,5.90423705664497,1.67758717898381,-0.0019773468108625,-1.49458359050128,17294.9616020347,160895.019924635,306858.954024509,1.79852266820057,3.23468378803129,5.80091979597106,1.63365404794109,0.0006063742843867,-1.49446144695158,18710.6181516973,161880.052106462,310625.056631374
1.78684969542901,3.19283183405476,5.9896459921354,1.68813544863987,-0.0019778915187761,-1.4943553020381,17296.0505659622,161385.457019975,306405.512423282,1.79816036624089,3.23338070271955,5.87048675149149,1.66323668273961,0.0012943209453004,-1.49445524368611,18728.7365553108,162400.115119602,310334.847895993
1.79010263629008,3.20446744845269,5.92558929051758,1.66251916696787,-0.0016752902346834,-1.49450513173699,17380.9367161136,161711.041918004,307801.699886259,1.80069973052256,3.242519519504,5.91939025487715,1.68238065506296,0.0009448565538838,-1.49440277638721,18853.2930896523,162681.026615905,311544.301441387
1.7897499541934,3.20320489853528,5.8388027915515,1.6748685161657,-0.0019644270374343,-1.49459681058903,17368.6185435144,160779.134896012,307309.485817812,1.80061202847809,3.24220367709997,5.73892943956672,1.60162868900417,0.0014457377206779,-1.49428159642089,18828.1553113486,161751.168542671,311073.4564293
1.78710881190436,3.19375790558623,5.91594634618801,1.66739827479574,-0.0018798826133898,-1.49459262443401,17396.1890989161,160886.365363391,306495.952896355,1.79780837191542,3.23211494212919,5.81745055767889,1.63380324285989,0.0007091380990907,-1.49417527624954,18881.7721481662,161873.110073453,310261.821750008
1.78964408537625,3.20282595232218,5.88632873146149,1.667581006954,-0.0003156581753523,-1.49440082347766,17423.9284058435,159045.200653071,309471.669924262,1.79970719484978,3.23894598719405,5.85877746194845,1.66491593738155,0.0021190172678607,-1.49379728820263,18898.7271994246,159975.446178444,313154.830078115
1.78734497594438,3.19460206303363,5.89459411231541,1.65762092253427,-0.0012501403044336,-1.49444968071579,17327.5953919912,160423.915812266,306807.056375419,1.79745797850728,3.23085518449949,5.8257159385328,1.67087618678693,0.000606568420418,-1.49429296066549,18805.9427890855,161390.094991107,310554.618058709
1.78900240038654,3.20052958858879,5.91456878271236,1.65482435273422,-0.001395380997323,-1.4934957477339,18503.0262237339,166770.594841862,326760.361772314,1.80030490673953,3.24109775723043,5.90630340185845,1.67478487182036,0.0029438237645058,-1.49462926443972,20075.3585777363,167758.647965422,330703.540996575
1.78615972760646,3.1903665725232,5.93178832615801,1.66696136055975,-0.0017294913234181,-1.49414240156599,17414.9694217796,157948.427718898,306166.146038262,1.79680574471278,3.22851088423284,5.93178832615801,1.70018421036685,0.0013469141913589,-1.49439397345921,18865.7042477862,158864.19881148,309766.259637294
1.79028279732873,3.20511249441118,5.92421172704193,1.66655475024118,-0.0017220737819946,-1.49460270613161,17422.8835239473,159996.436645792,307673.435651788,1.80057792261157,3.24208085539619,5.86704284280236,1.66319971673943,0.0017815717208345,-1.49413417631197,18844.059281675,160976.047967444,311515.391968308
1.7555595200996,3.08198922861235,5.8229608115815,1.67463585514291,-0.0025129336153273,-1.4944780699547,17237.1321761086,157298.648534752,295457.004671761,1.7660716066159,3.11900891969488,5.87186431496715,1.70908664184185,0.0006269227800204,-1.49440677063253,18622.6200856544,158284.075097521,299199.102070318
1.79413287274301,3.2189127650571,5.9366097983228,1.67119062088129,-0.0011777961680726,-1.49406414724496,17311.3766484106,160277.825300297,309470.929266344,1.80509878718679,3.25838163150323,5.90423705664497,1.68801430447892,0.0010241377256918,-1.49442694356229,18819.4628858173,161241.605166551,313250.762111466
1.76121219327055,3.10186838972485,5.92972198094454,1.69418954068105,-0.0050598047126892,-1.49460641687799,17314.5443556229,136526.658230608,299574.069654089,1.77205373395207,3.14017443601347,5.79747588728193,1.6733952752381,0.0004229051823281,-1.49435337925263,18739.7060932674,137366.814478235,303286.628052996
1.7664290896004,3.1202717285865,5.87806335060758,1.66809040807132,-0.0024187775360729,-1.49457607243224,17206.4400618711,158863.727925498,299654.975260704,1.77708853142123,3.15804364850886,5.83122619243541,1.67943302823903,0.0008610674807961,-1.49454343521515,18630.2600526904,159826.493805168,303272.569689101
1.76710522257154,3.12266086763961,5.82778228374628,1.65127114819097,-0.0023993249562988,-1.49417857510641,17259.8633510203,159456.963908633,299767.020183128,1.77818096137661,3.16192753140226,5.85395598978367,1.71535877574295,0.0005475175592961,-1.49419255007307,18746.1103858658,160466.31234177,303630.983937689
1.77117121297349,3.13704746566599,5.9076809653341,1.68978328729749,-0.0027649356040217,-1.49400056857733,17268.7803193982,159897.257363337,301032.207524738,1.78249755166844,3.17729752170397,5.80160857770889,1.64291315732834,0.0008531463933247,-1.49494835455198,18679.2283015594,160864.745610335,304713.326861497
1.77471798671405,3.14962393236635,5.83260375591106,1.66702710075733,-0.0026685234819233,-1.49416624316444,17337.818290544,159567.041012914,302420.11781718,1.78522662877609,3.18703411609123,5.77405730819585,1.63641172337012,0.0012257673018874,-1.49420743511063,18811.2223011059,160527.167477619,306064.248663781
1.77925985216257,3.16576562151756,5.88563994972367,1.6618408169852,-0.0022384135227826,-1.49385839423461,17306.234203956,160326.671716175,303949.587125279,1.79029049671781,3.2051400626381,5.84775695414323,1.67586336035161,0.0006224911025495,-1.49452057163853,18785.3902308105,161301.629699504,307728.165397599
1.78797042517926,3.19683824131571,6.00617675384323,1.68533553977989,-0.0018629372918063,-1.49408678083311,17311.722416843,161398.64391205,306812.176520944,1.79845852694021,3.23445307312394,5.85671111673497,1.65012632012212,0.0001701563093698,-1.49441491444335,18699.8511155716,162378.416662054,310606.696361882
