Bearing,File,I1_RMS,I1_Variance,I1_PeakToPeak,I1_CrestFactor,I1_Skewness,I1_Kurtosis,I1_LineIntegral,I1_FFTPeak,I1_FFTEnergy,I2_RMS,I2_Variance,I2_PeakToPeak,I2_CrestFactor,I2_Skewness,I2_Kurtosis,I2_LineIntegral,I2_FFTPeak,I2_FFTEnergy,Label
K001,N15_M01_F10_K001_1.mat,0.921194471971547,0.848599255190937,3.6925588964855,2.00832529675231,0.0012961309909064,-1.48430073075385,18427.3979889206,83095.026728882,81431.3536412015,0.92696129549386,0.859257243343656,3.48661315687551,1.98610021783674,0.00684614230064387,-1.48147637674778,20960.3335945465,83613.1842814982,82482.9445773733,0
K001,N15_M01_F10_K001_10.mat,0.901191647315712,0.812146385191607,3.6264358496542,2.05761724473719,0.00490269596248177,-1.48259803861552,18937.2638488742,73965.6587823447,78023.0576142896,0.904737674891525,0.818550260368122,3.72493163816332,2.1779583028217,0.024841563705427,-1.48447199998174,20326.075130305,74226.654026941,78615.6103939775,0
K001,N15_M01_F10_K001_11.mat,0.901000438377071,0.811801789955674,3.63883392093507,2.06569651913655,-0.0178683854075932,-1.48159815909257,18473.782617491,80379.3850480223,77908.5227171692,0.907033993855539,0.822710666009531,3.4997000098942,2.04549024130468,0.0354516586379023,-1.48404427021152,20962.7450194106,80888.3577202297,78942.4170311795,0
K001,N15_M01_F10_K001_12.mat,0.901306162802425,0.812352799105632,3.6450329565755,2.04455614788604,0.010503833603369,-1.4784704731733,18814.9444776171,81327.2790316019,78017.5878434577,0.905745743447361,0.820375351773012,3.86406554920419,2.2275394320415,0.0188253692673973,-1.48700405758088,20873.6387035515,81682.8173479469,78721.562302886,0
K001,N15_M01_F10_K001_13.mat,0.899066724966431,0.808320975941864,3.59612945318985,2.00735536713195,-0.0122900664709489,-1.48392840638954,18346.539834372,74563.2223942253,77867.5296574489,0.906291894958295,0.821364998867096,3.32130553979725,1.85981947753944,0.0400270506825299,-1.48043269575321,20849.724890396,75172.6892425531,79221.3265674595,0
K001,N15_M01_F10_K001_14.mat,0.899580370959302,0.809244843815276,3.62781341312985,2.05589329706615,-0.0203107971810737,-1.48197842607715,18714.1626225202,80324.4408723846,77690.3849683395,0.90406697889104,0.817337102321173,3.48730193861333,2.01168900387231,0.0288216500122084,-1.4863901959171,20678.2533655459,80720.2891996488,78440.0636898051,0
K001,N15_M01_F10_K001_15.mat,0.897317848945769,0.805179322036663,3.58304260017116,1.99863755926727,-0.00726476905857541,-1.48439470527839,18616.0897459981,80166.127559572,77244.2262898891,0.903567867816608,0.816434891750651,3.44459747086812,2.04652630852075,0.0319501157484158,-1.48292789676916,20298.4405182017,80714.1720404836,78345.5119842498,0
K001,N15_M01_F10_K001_16.mat,0.898478892858401,0.807264320912057,3.59268554450072,2.07383160010474,-0.0158038868791676,-1.48274233412083,18789.282536411,81044.2257506817,77731.1397033924,0.902911123190162,0.81524849638052,3.43908721696551,1.91362097847839,0.0229571084056835,-1.48588582840499,20479.7540453035,81416.5413632531,78419.1118381609,0
K001,N15_M01_F10_K001_17.mat,0.898511139989486,0.807322268685206,3.58579772712246,2.00661001479351,0.00383049920703276,-1.48235193424699,18404.4980624831,80236.559955389,77456.3601697629,0.904512786900418,0.818143381666362,3.4521740699842,1.98607035425583,0.0109989707586599,-1.48155826310403,20950.0907213233,80765.3343146091,78532.2101350078,0
K001,N15_M01_F10_K001_18.mat,0.897518276283791,0.805539056263428,3.62850219486768,2.03614728913713,-0.00118792788812933,-1.48448854164267,18360.2073303957,80287.1834694254,77274.9949411998,0.903677146680681,0.816632385432937,3.43702087175203,1.99500292041036,0.00968840342404332,-1.48129491425207,20691.0929459207,80856.5983041803,78455.6933552344,0
K001,N15_M01_F10_K001_19.mat,0.897785694055155,0.806019152450096,3.57615478279289,2.03694647512557,0.00500342250576142,-1.4815586346402,18870.9293460494,80223.0595124542,77343.2526489107,0.901815926224547,0.813271964792238,3.40120422138508,1.99260786733539,0.0242680182113686,-1.48506974874815,20481.7611552876,80564.4380643318,78000.1402234596,0
K001,N15_M01_F10_K001_2.mat,0.914623643843075,0.836536409876784,3.6450329565755,2.00695081911952,0.00691234860827552,-1.48230492643672,18806.6177951886,82079.828225355,80226.7381753724,0.918290654068554,0.843257725349653,3.73664092770637,2.2403984289368,0.0197924377732651,-1.48555781485383,20616.3504844223,82404.6626320232,80867.5814405281,0
K001,N15_M01_F10_K001_20.mat,0.897245114490059,0.80504879547628,3.57477721931724,2.02955672604523,0.00622584822559017,-1.4807741345875,18925.2067245535,80205.2386378679,77294.4075073657,0.900881553178719,0.811587572857701,3.61472656011115,2.18632217319425,0.0242109873448632,-1.48487682652513,20414.6469515355,80533.6895241925,77934.6269142029,0
K001,N15_M01_F10_K001_3.mat,0.909855122426609,0.827836343805941,3.64296661136202,2.07606028446364,-0.020228218548931,-1.4808586585887,18823.7367765005,81294.6578451868,79482.0317152662,0.91376123965783,0.834959603101013,3.43013305437377,1.99745014364701,0.0248393433128986,-1.48767268206391,20705.6723889653,81623.726019005,80114.7834841805,0
K001,N15_M01_F10_K001_4.mat,0.907440249350954,0.823447806142121,3.63745635745941,2.02274692869968,-0.0161464410367051,-1.48300247562297,18431.4197854878,81204.8089525148,79079.971948427,0.913189641346912,0.833915321063302,3.37916320577464,1.9188206019296,0.0358280111692448,-1.48314840154005,20916.2398540361,81695.4258324241,80077.4052275314,0
K001,N15_M01_F10_K001_5.mat,0.905996898589761,0.820830380254266,3.64365539309985,2.02635001566541,0.00298759006316352,-1.48315679316478,18423.1454504713,81028.478147225,78808.2103880036,0.911967814688212,0.831685295027194,3.93432128646244,2.27782398285858,0.00739883923718819,-1.48054864521938,21052.3052424349,81531.2835500988,79819.7407104977,0
K001,N15_M01_F10_K001_6.mat,0.904791611656241,0.818647860523497,3.61403777837333,2.01347666931301,-0.0127710622658682,-1.48365590267271,18308.3158918313,79354.5857882501,78770.3598353097,0.91175045556507,0.831288893223112,3.36814269796942,1.8864412753417,0.0377559193619922,-1.481417916379,20857.372434031,79938.612661029,80016.274525024,0
K001,N15_M01_F10_K001_7.mat,0.904515443709364,0.818148187908748,3.57339965584159,1.99828132037435,-0.00553316297530106,-1.48570249013986,18601.0653499509,80581.0935618409,78491.6774125237,0.909990403288625,0.828082534077395,3.37227538839638,1.90496539347623,0.0117919231774307,-1.48353485339786,20378.7490249235,81068.7450629265,79481.3400023792,0
K001,N15_M01_F10_K001_8.mat,0.903514036340471,0.816337613864249,3.5975070166655,2.02386509915483,-0.0036226472271954,-1.4849992641117,18472.4456921379,80669.0600612539,78345.2179255238,0.909380519952981,0.826972930069953,3.57202209236594,2.15036971310254,0.0103533376798405,-1.4822938215896,20466.9068883296,81205.7045675541,79420.5617963275,0
K001,N15_M01_F10_K001_9.mat,0.901153420334188,0.812077486980006,3.58373138190898,1.99856428509488,-0.0118999326271944,-1.48368885131111,18322.8891358403,80663.0811801695,77940.9664224071,0.908409609806529,0.825208019188851,3.39225005879334,1.86898202684915,0.0380360375334276,-1.48050107903941,20771.8429617365,81311.335452294,79263.5982751893,0
K002,N15_M01_F10_K002_1.mat,0.973656565273479,0.948007107100148,3.97702575420766,2.09611407818039,-0.000751868307585478,-1.49180442243473,17703.6461134834,84189.5625259167,92588.2056511342,0.984891048681661,0.970010377773261,4.31177367879113,2.25112212251128,0.0111715177541378,-1.4796791850575,20443.2775420318,85115.6263817457,94728.698286909,0
K002,N15_M01_F10_K002_10.mat,0.945697690099944,0.894344121060369,3.73939605465767,1.99072459177446,-0.00531035476096645,-1.48812349880136,19659.5293333212,93140.9038520401,98056.9223083344,0.956493361596268,0.91487955077773,3.89299438219288,2.0925923659712,0.0102871791839769,-1.48102326957924,22884.123718092,94038.2337626928,100103.769446539,0
K002,N15_M01_F10_K002_11.mat,0.936928544511274,0.877835097520014,3.7242428564255,1.99327362267421,0.00656229500982396,-1.48955138984438,17295.7323487994,82573.1225440958,84455.0175032017,0.949529350149181,0.901605986794726,4.08103179661939,2.34239966663197,-0.00980981396700225,-1.47890994642763,19839.1718759271,83612.7561060981,86688.4817846546,0
K002,N15_M01_F10_K002_12.mat,0.939254995538184,0.882199946643434,3.7559268163655,2.00240526218163,-0.0116454461171381,-1.48513466518756,17499.0159469926,82585.6198320726,84800.9839218477,0.949485568722726,0.901522845212719,4.1313128634807,2.41052238349695,0.00315189844798815,-1.48580858079387,20260.0739978413,83438.5861153334,86650.9164305333,0
K002,N15_M01_F10_K002_13.mat,0.936798449615972,0.877591335202889,3.76763610590854,2.02145709802349,0.00369897122233463,-1.49168741148501,17505.5283783238,75870.6414453996,83735.970617171,0.949174012617613,0.90093130622862,4.23945159631939,2.29449781772361,-0.00592424361341962,-1.47893837743588,19822.0439404526,76834.1522897746,85830.2120937981,0
K002,N15_M01_F10_K002_14.mat,0.94172057229613,0.88683763628575,3.82893768057506,2.04894194889276,0.00116264795257105,-1.49163903541231,17396.2297370386,79783.5109632514,85071.8024261548,0.95366929078,0.909485116176829,3.98666869853723,2.12603207644576,0.0112660274361382,-1.4788274108172,19768.7549637422,80780.8127233534,87280.9000392308,0
K002,N15_M01_F10_K002_15.mat,0.945748770231733,0.894440736394835,3.76832488764637,2.00302845778365,-0.00907319903285876,-1.48672574435148,17252.9059666865,84228.3208575509,85979.8867022484,0.955194639255691,0.91239679886281,4.28146728232678,2.4263690436126,0.00965810547312522,-1.48419621244787,20284.9665698463,84970.2523071582,87616.6498843582,0
K002,N15_M01_F10_K002_16.mat,0.941225662243528,0.885905747265769,3.7242428564255,1.98884338372605,-0.00236580852092396,-1.48903405567942,17317.6314753718,82806.6156674565,85245.187836363,0.952440122319293,0.90714218660359,4.04383758277679,2.23447912431505,0.0127773162352773,-1.47928234349706,20070.6418003957,83700.6059959461,87201.9342737149,0
K002,N15_M01_F10_K002_17.mat,0.943393687354905,0.889991649341084,3.79794250237289,2.03719792277869,0.0144305258815455,-1.48946779424711,17656.6601784558,82693.8120354399,85077.8816913133,0.955684761533562,0.913333363427462,4.244961850222,2.40185802050645,0.003704222849912,-1.48282449673819,20008.1789397192,83776.6414233509,87473.9671265039,0
K002,N15_M01_F10_K002_18.mat,0.935864199866575,0.875841800591904,3.83582549795332,2.06395451136308,0.0180052910290857,-1.48566031893615,17609.9655981034,82608.7095236006,84093.0979327878,0.947483682780231,0.89772532913479,4.06105712622244,2.29229465778082,0.000457752605563531,-1.4841380786613,20279.5534341688,83584.6325067521,86241.3701529227,0
K002,N15_M01_F10_K002_19.mat,0.931565403491184,0.867814100981692,3.64847686526463,1.97997065050778,0.00673440131574241,-1.48907161371241,17298.7175288511,81494.9763344949,83130.3476747703,0.943237741466942,0.889697436927658,4.25116088586243,2.46318679649089,-0.010954046201865,-1.4776934991973,19968.5319741082,82449.2198146046,85165.2740794364,0
K002,N15_M01_F10_K002_2.mat,0.933855083915003,0.872085317753897,3.72217651121202,2.0052333582609,0.0109497628094219,-1.48678448817275,17110.7689672688,80990.5699780106,83653.8274285963,0.943541122885379,0.890269850575801,4.02661803933114,2.15508157017731,-0.0131631527859818,-1.47904627075436,20317.8958471683,81752.5218890856,85381.4884202768,0
K002,N15_M01_F10_K002_20.mat,0.936444086141399,0.8769275264692,3.73664092770637,2.00331630337515,-0.00681787036705611,-1.48734975464189,17133.2060323784,82069.4734910059,83996.7630832387,0.945636243299223,0.894227904641068,3.85235625966114,2.10117578775958,0.0157092710651471,-1.48019067452668,20232.1735159872,82782.702718393,85568.6163147786,0
K002,N15_M01_F10_K002_3.mat,0.953817161468897,0.909767177512584,3.82756011709941,2.01988584315598,0.0126717774428832,-1.48782634068244,17292.2057863017,84497.3854574697,87526.0175744918,0.964178976400814,0.929641098533321,4.30557464315069,2.48684077484527,-0.0084432999731975,-1.4815706609249,20198.2282856019,85317.3695325696,89297.2948909808,0
K002,N15_M01_F10_K002_4.mat,0.949121483880591,0.900831591163695,3.79174346673245,1.99930119089833,-0.0087787775297551,-1.48723101473377,17316.545955353,82491.2094870306,86480.0985024523,0.959091692306116,0.919856874250609,3.85028991444767,2.07201320559224,0.0087872748567229,-1.48450284447852,20229.3563986795,83220.0070310032,88109.4259224673,0
K002,N15_M01_F10_K002_5.mat,0.947291511488432,0.897361207738037,3.82342742667245,2.05489851853078,0.00753686254253739,-1.49287850068116,17673.4147942285,79235.9445759262,86256.7855546896,0.961170054391449,0.92384787345886,4.10031768527852,2.20141845757079,0.00525865223306857,-1.48170289298778,19878.8436376806,80376.4840944155,88876.1662764551,0
K002,N15_M01_F10_K002_6.mat,0.9445376146138,0.892151305420327,3.78554443109202,2.03827868863517,-0.00530715108347407,-1.4902625719976,17646.0412304038,82166.1634919617,85302.0625289737,0.956537358559421,0.914963718319834,4.05761321753331,2.20825904014176,-0.00156282502108009,-1.48300387669404,19966.8396373784,83227.5541670708,87575.0340156127,0
K002,N15_M01_F10_K002_7.mat,0.936367374710728,0.876783860422661,3.76556976069506,2.03032159699726,0.0153798340028728,-1.48857720017302,17640.4758739621,80894.4893356097,84335.4468661792,0.948678651048624,0.899991182955438,4.3296820039746,2.49978006559818,0.00223267140601231,-1.48328942127391,20048.8480574291,81879.7377820941,86489.3877152721,0
K002,N15_M01_F10_K002_8.mat,0.937868945698686,0.879598159305965,3.73595214596854,2.04260094793978,-0.00884879120520994,-1.48682810366836,17323.0156822164,81231.7392993536,85259.0492700359,0.94748400276628,0.897725935498011,4.40544799513547,2.54952304291375,0.00929606876599538,-1.48298489629351,20204.7923755634,81970.2749465887,86926.2436110295,0
K002,N15_M01_F10_K002_9.mat,0.947576083250736,0.897900433548805,3.70702331297985,1.96227173085572,0.00854359769437897,-1.4876391269218,17145.297595786,84284.0554598347,86184.3172245583,0.958114304227844,0.917983019966007,4.4433309907159,2.51597735015464,-0.0136337426676267,-1.4768299877068,20188.0969950202,85166.2298932648,88082.436737583,0
K003,N15_M01_F10_K003_1.mat,0.928374614997338,0.861879425771455,3.6925588964855,2.03003907433947,-0.0110379839312929,-1.48552443217777,18492.2061514144,83555.839390047,84885.7407740569,0.933680094893971,0.871758519601214,3.44390868913029,1.90632953954607,0.0148726974036357,-1.48817276695645,20501.721361268,83979.1810826853,85712.7459028603,0
K003,N15_M01_F10_K003_10.mat,0.887620998494885,0.787871036969057,3.53276153330985,2.00551905018004,0.0143640107351993,-1.48394361092846,17909.4637396901,79404.1812130648,75626.5905030197,0.893887408625452,0.799034699299126,3.59819579840333,2.25628195499581,-0.00817903347661413,-1.48471845517713,19965.4889363905,79898.1341212217,76564.6932253068,0
K003,N15_M01_F10_K003_11.mat,0.886513511347082,0.785906205800932,3.51485320812638,2.00151977413141,0.0171022340135954,-1.48252997930604,18221.375105756,79499.2829648362,75495.431174969,0.893242912218613,0.797882900228788,3.41842376483073,2.04649071708429,-0.000264594813054539,-1.48781630165909,19855.4119717415,80094.0351944005,76647.7063546416,0
K003,N15_M01_F10_K003_12.mat,0.886458941277355,0.785809454570569,3.54033813242594,2.01998786602226,-0.00583455752720702,-1.48601952138519,17766.9768391495,79125.7365858544,75436.2197485958,0.892086650386522,0.795818591797845,3.38880615010421,1.9651625177958,0.0185255619228056,-1.48235961718867,19897.4924032323,79631.7430896777,76424.1897695646,0
K003,N15_M01_F10_K003_13.mat,0.885210935970037,0.783598401160948,3.47283752211899,2.02753169783211,0.0017884145518662,-1.49008371909856,18215.6368650982,79018.9606416659,75161.1112124755,0.893154366305141,0.797724722049938,3.47214874038116,2.14461918290162,-0.00256495439588056,-1.48448716106891,19168.8295140044,79739.3058632627,76523.5509307583,0
K003,N15_M01_F10_K003_14.mat,0.884928181820753,0.783097886980584,3.54240447763942,2.01541866721304,-0.000974290246430578,-1.48600965834486,18023.8827844143,79820.7099437755,75157.2321943155,0.892443552817873,0.796455494966188,3.64090026614854,2.32004228907108,0.0175800953631102,-1.4819911932339,19594.701196157,80503.5098958516,76457.7565867067,0
K003,N15_M01_F10_K003_15.mat,0.884345023692164,0.782066120929094,3.51898589855333,2.04941434039114,-0.0131776851283726,-1.48200658545472,18365.1672476898,78916.3842541066,75094.5706873441,0.890896900681907,0.793697287644627,3.34128021019421,1.9452331150611,0.00438533381955013,-1.48875132278393,19672.7911369013,79514.4878228328,76222.1305097713,0
K003,N15_M01_F10_K003_16.mat,0.884176438477031,0.781767974357927,3.50589904553464,2.00110660891331,0.00522548742310317,-1.48601316365661,17870.3436921086,79325.6095607454,75092.3890592531,0.891346575516312,0.794498717684657,3.51623077160203,2.15880629309524,-0.0115450023017017,-1.48171291244348,19616.4756532349,79941.424342751,76255.4613751964,0
K003,N15_M01_F10_K003_17.mat,0.883216554202895,0.780071481618035,3.54653716806637,2.05389702598898,0.00114660093782179,-1.48965998346397,18139.1008159544,78997.0374774218,74930.1893541272,0.890900096428664,0.793702981816602,3.2724020364116,1.91079017850859,-0.00274981285729003,-1.48412976815119,19177.4220661837,79713.1630383408,76306.5259870978,0
K003,N15_M01_F10_K003_18.mat,0.882193648773167,0.778265633935714,3.51003173596159,2.04705569227628,-0.00940102530643247,-1.48562439722206,18206.5979823527,78827.9676229877,74784.1703086162,0.889800537127605,0.791744995872574,3.27171325467378,1.92003058394257,0.00213334987816864,-1.48704882143101,19435.1152889749,79505.8567527873,76074.7147188235,0
K003,N15_M01_F10_K003_19.mat,0.882842792964712,0.779411397089733,3.49487853772942,2.00928298702372,0.00614227506587291,-1.48674185623124,17792.4163038544,79281.0914722629,74901.7028444627,0.890048164195937,0.792185734588558,3.29582061549769,1.92805980609387,-0.00947816267330342,-1.48269873838192,19524.034944983,79940.4100309919,76158.5736336959,0
K003,N15_M01_F10_K003_2.mat,0.914674054573484,0.836628626109896,3.62368072270289,2.00930035086611,0.0183464312260562,-1.48381855387345,18239.4673356635,74655.3067101613,81154.6608493125,0.919896979920086,0.846210453666095,3.46319457778942,1.99354662915171,-0.00589529613096831,-1.48821321387729,20236.8751401296,75096.9823603786,82114.2695481319,0
K003,N15_M01_F10_K003_20.mat,0.883176591495315,0.780000891765282,3.5313839698342,2.00591024279729,-0.00891038722549893,-1.48493489547945,17892.1918488324,72237.2971966791,75716.4630996285,0.889030717314135,0.790375616328086,3.29788696071117,1.87963748795948,0.0161493872630319,-1.48458111197404,20106.25526015,72705.8184593582,76702.0181433626,0
K003,N15_M01_F10_K003_3.mat,0.908069901822832,0.824590946596528,3.59888458014115,2.01058176859031,0.00715694029119216,-1.49049277741868,18404.8018152295,81379.0773459464,79211.5689776312,0.916298910849802,0.839603694024533,3.68567107910724,2.14776461260411,0.00676231401441712,-1.48514612858626,19290.4187766193,82079.5773937425,80578.4520835836,0
K003,N15_M01_F10_K003_4.mat,0.8999640948918,0.809935372094416,3.52380737071811,2.02216738481307,-0.00300197080245704,-1.49030959152055,18312.0697523025,80329.3806804908,77720.2887197143,0.907610266187305,0.823756395288591,3.35849975363986,1.94119799079603,-0.000348516089049898,-1.48529440334864,19282.5322257212,81036.8840929337,79093.9100931434,0
K003,N15_M01_F10_K003_5.mat,0.895289191579271,0.801542736558665,3.57408843757942,2.04073156513757,-0.0111965088089223,-1.48384271685066,18257.1029032788,71969.999301623,77093.0216188143,0.901807443889676,0.81325666585483,3.31235137720551,1.88664078032029,0.0033515715025961,-1.48983205006404,19733.7620963337,72486.1505288099,78175.6841561433,0
K003,N15_M01_F10_K003_6.mat,0.892479691779976,0.79652000023968,3.50107757336985,1.96610072511406,-0.00143797017934574,-1.48693523722516,17957.1598086894,80564.8943164121,76474.6318986657,0.899852267688498,0.809734103664132,3.52036346202898,2.00761103948332,0.0165091745138359,-1.48222532347219,19545.0827373275,81228.9963368389,77758.9613075376,0
K003,N15_M01_F10_K003_7.mat,0.891036951209418,0.793946848420575,3.57202209236594,2.00936775285854,-0.00588279430754851,-1.48559052668231,17748.5836116226,79689.2729801159,76252.0591582778,0.896677149879241,0.804029911115558,3.34747924583464,1.92022110929389,0.017032013116169,-1.48329762237136,19892.1274822764,80194.7344369053,77249.9564637911,0
K003,N15_M01_F10_K003_8.mat,0.889078118191237,0.790459900246472,3.55824645760942,2.01353536308477,-0.00395049184902499,-1.48577678540382,17800.1382359172,79490.7273356724,75973.4035900504,0.89593403967219,0.802697803443329,3.36469878928029,1.96594028631928,0.017793598040664,-1.48237876639877,19772.9448230534,80080.0578275143,77137.5823945128,0
K003,N15_M01_F10_K003_9.mat,0.888134606573109,0.788783079392772,3.51967468029116,2.01032129563907,0.00617662156413316,-1.4851114468252,17833.062691767,79363.6565674204,75734.9398842506,0.894748166844677,0.800574282071909,3.41911254656855,2.03917910856014,-0.0123709206486815,-1.48169794298855,19726.7158591557,79904.0279197403,76788.1996495964,0
K004,N15_M01_F10_K004_1.mat,0.97680649412317,0.9541509269612,3.84684600575854,2.03187570133781,-0.0117252242665559,-1.49325581232309,16402.5463648926,87815.6761067152,91406.8098179566,0.987857721219951,0.975862877373874,3.43495452653855,1.74573167967771,0.0364782859575541,-1.49135289102346,18333.2890512997,88819.7790252825,93619.5098618538,0
K004,N15_M01_F10_K004_10.mat,0.908360314941571,0.82511846176075,3.79932006584854,2.11206232611761,-0.00505587339081996,-1.48958310968254,16103.320980874,81268.2833044165,79175.2092373267,0.918941299393835,0.84445311173163,3.3013308694003,1.83627766408438,0.0156764830855104,-1.48393146026627,18847.5507163041,82203.350138166,81092.2276290748,0
K004,N15_M01_F10_K004_11.mat,0.905648204526903,0.820198670362803,3.72906432859028,2.08064539024345,-0.00735175142659369,-1.49125725199662,16261.7483571731,81127.9340737927,78697.1334271108,0.916527392891524,0.840022461920534,3.30615234156508,1.82994546262209,0.0178861211521482,-1.48605944037064,18586.9549672698,82098.8449173122,80666.9639457201,0
K004,N15_M01_F10_K004_12.mat,0.9035906028125,0.816475977491057,3.63745635745941,2.08809918759457,-0.0129742562223842,-1.49246957040171,16489.3920990881,81054.7589172463,78350.5310867427,0.914905464472372,0.837052008921407,3.33232604760247,1.86662543117093,0.038552116029322,-1.48815149003303,18190.523882937,82034.1338864129,80342.0890148538,0
K004,N15_M01_F10_K004_13.mat,0.90570761382621,0.820306281742767,3.73664092770637,2.10689350709147,0.00231476606166714,-1.48633660693152,16206.5204598707,81296.7187946361,78708.343715192,0.912306346239541,0.83230286938894,3.23934051299595,1.78630063457151,0.022371327352326,-1.48799516196748,19036.5331392749,81840.5693487379,79852.6272736405,0
K004,N15_M01_F10_K004_14.mat,0.902659785496988,0.814794688353468,3.67602813477767,2.05257496511895,-0.0246774476482334,-1.48505295595382,16713.7358876972,82860.7965304457,79653.0533035254,0.908381763728599,0.82515742867468,3.26344787381986,1.80928311678899,0.0355135726489539,-1.49288722585695,19155.9699589591,83329.0994014272,80622.550920324,0
K004,N15_M01_F10_K004_15.mat,0.899404937194495,0.808929241049833,3.72493163816332,2.07292949891625,-0.0110487313081513,-1.49227625410377,16521.2744281686,74174.9061444692,77703.5224558399,0.909272782560001,0.826776993104407,3.24209563994726,1.80913270594384,0.0218079946041307,-1.48838899617871,18381.8357657452,74998.3931107384,79413.7550991266,0
K004,N15_M01_F10_K004_16.mat,0.898875959709294,0.807977990943305,3.71184478514463,2.06673908766872,-0.0079703116028574,-1.49050294762559,16201.4420721177,80515.7345276196,77531.5734581814,0.910538941274433,0.829081163577165,3.28204498074117,1.84911279401513,0.0173595537874877,-1.48486921904977,18634.8225429217,81553.0517602776,79604.5037631589,0
K004,N15_M01_F10_K004_17.mat,0.899573220578917,0.809231979182725,3.58373138190898,2.00153004097702,-0.0135988350794018,-1.4938136536684,16783.9778493207,81586.3060031603,78260.189284139,0.908419352441319,0.825225719889904,3.30615234156508,1.82255931854763,0.0267140431214115,-1.48853539915354,18329.7011872274,82381.6495213204,79850.7593712954,0
K004,N15_M01_F10_K004_18.mat,0.900586773267164,0.811056536183762,3.75386047115202,2.1030072595415,-0.022035190153151,-1.48727610180184,16106.941217688,80651.7544152352,77809.9856663748,0.907790505786791,0.824083602396638,3.23451904083117,1.79193257342669,0.0435549187714144,-1.48867823945135,18954.9538302468,81285.1022015227,79111.5964379923,0
K004,N15_M01_F10_K004_19.mat,0.899945808612468,0.809902458439149,3.72562041990115,2.10041030072421,0.0030634899421777,-1.48573377767772,16157.6362423737,80550.5994100774,77732.6418213074,0.90714942886413,0.822920086288518,3.25793761991726,1.84887860414821,0.0226509964759738,-1.4880950936283,18985.368365444,81141.5430967256,78938.4442513444,0
K004,N15_M01_F10_K004_2.mat,0.95867172059808,0.919051467874483,3.82824889883723,2.04303086568018,0.00556940592884222,-1.48467635012732,16461.4454688575,85262.5727334299,88247.8709464561,0.963825097080432,0.928958817762105,3.37296417013421,1.75223048647799,0.0271399639048247,-1.49419088230573,18843.3319281599,85679.471117158,89181.1985479501,0
K004,N15_M01_F10_K004_20.mat,0.898821087034082,0.807879346497128,3.80000884758636,2.12026739652649,-0.000862466815744621,-1.48771541883899,16152.7782647769,70247.9706070821,78094.5944711379,0.907703080561249,0.823924882460381,3.30270843287595,1.85296757577932,0.0161779958178434,-1.48414682532426,19092.4195119186,70919.2775960234,79680.8876733279,0
K004,N15_M01_F10_K004_3.mat,0.945469339434377,0.893912271810477,3.85166747792332,2.05316706609583,0.00504155663282402,-1.4851226444259,16424.5646507056,84840.4477306073,85936.687473249,0.951611640429148,0.905564714200255,3.36263244406682,1.78483206963058,0.0243038170345895,-1.4918511469316,18914.6084399536,85312.7320835705,86925.3190671189,0
K004,N15_M01_F10_K004_4.mat,0.934277780022348,0.872874970243487,3.8564889500881,2.11386905585602,-0.0176199873177337,-1.48877862976503,16075.4397849085,83940.9056796546,83798.3380855112,0.944207288877788,0.891527404369943,3.40671447528768,1.84946288576646,0.0417195273655287,-1.48813745334372,18845.9975134853,84794.5433953979,85620.4952918835,0
K004,N15_M01_F10_K004_5.mat,0.927239807626336,0.859773660846925,3.73181945554158,2.07097780670506,-0.007280440569529,-1.49248719756333,16616.559116216,83116.991104176,82514.7755530948,0.936470970868939,0.876977879280213,3.29031036159508,1.75854880064139,0.034804477210487,-1.4898394856264,18229.4724238659,83907.596163466,84187.0293596959,0
K004,N15_M01_F10_K004_6.mat,0.92080606624671,0.847883811636741,3.58717529059811,2.01206360789084,0.000867925660765093,-1.48794501395604,16669.3790325629,82667.5819809513,81344.7874562897,0.926796248082059,0.858951285458981,3.47283752211899,1.94718805332534,0.0312174386160174,-1.49122294248556,18467.8639160179,83176.3352286101,82389.622399322,0
K004,N15_M01_F10_K004_7.mat,0.918161866965667,0.843021213949879,3.83720306142897,2.0909561071901,0.00211863545800696,-1.4864377776923,16192.1862231248,82014.0014853123,80918.5903136756,0.924846802937448,0.855341608903619,3.37847442403682,1.8427973668735,0.020006309496104,-1.4892045712149,19028.7678139626,82534.3403309213,81971.3896180847,0
K004,N15_M01_F10_K004_8.mat,0.915660939434831,0.838434956006678,3.7400848363955,2.07023740731754,0.00249969481084077,-1.48585333930641,16233.4373614032,82058.7284487653,80503.8254618197,0.922531746564664,0.85106482341965,3.3013308694003,1.79458970238838,0.0206098960243882,-1.48921979125915,19041.674206166,82632.3136747669,81715.7845316902,0
K004,N15_M01_F10_K004_9.mat,0.914212212379022,0.835783969262947,3.70977843993115,2.03953973090234,-0.0253742727284149,-1.48308129797244,16519.8582929156,82136.9514122998,80211.9897115262,0.919784722230066,0.846003935247839,3.29926452418682,1.80061294979116,0.0337627925527524,-1.49510884042918,18887.2445190733,82566.7902952559,81104.882859149,0
K005,N15_M01_F10_K005_1.mat,0.961497677334429,0.924477783519502,3.72011016599854,1.94090106931343,0.00620522957107201,-1.49600856121096,16566.3992749405,86272.7909825747,88740.2613154217,0.96878084799202,0.938536331436137,3.45079650650855,1.81798014317441,-0.0107390448961451,-1.48724139476233,18929.4937020898,86891.5429028661,90084.5766354315,0
K005,N15_M01_F10_K005_10.mat,0.914965321482841,0.837161539516199,3.72562041990115,2.05100565212216,0.00967272806501142,-1.48978394057207,16078.3188925726,81955.2016883005,80315.1166397971,0.920933065699815,0.84811771149926,3.39018371357986,1.91188730146396,-0.0194338451234368,-1.4829876142634,19293.6925562192,82476.9355887884,81432.4685448865,0
K005,N15_M01_F10_K005_11.mat,0.915850225708418,0.83878163593016,3.80345275627549,2.10424879553661,0.013593870760154,-1.48954964281739,16076.6348212237,81949.4551542771,80526.5187932223,0.920484317496316,0.847291378756658,3.40051543964725,1.85153497704155,-0.0199578676951743,-1.48464841089802,19537.853972989,82330.6198301547,81334.2894868604,0
K005,N15_M01_F10_K005_12.mat,0.916422447563347,0.839830102397995,3.70564574950419,2.02980817426361,-0.0038088482139632,-1.49020120727862,16067.3314462908,82188.8353868156,80659.0550403801,0.921091449741645,0.848409458787165,3.34816802757247,1.88540449021802,0.00583264584405866,-1.48674688565043,19509.7055297093,82547.3893574358,81403.9806425646,0
K005,N15_M01_F10_K005_13.mat,0.915152192778416,0.837503535947143,3.7428399633468,2.06278664459603,0.0167392182049386,-1.48867417933872,16104.8018616103,81890.6435032065,80530.5453616499,0.92030114012626,0.846954188517694,3.30270843287595,1.81110686101716,-0.0155578121797038,-1.48730698207006,19589.1936973813,82285.1489791037,81367.0039487768,0
K005,N15_M01_F10_K005_14.mat,0.91419537897773,0.835753190944235,3.76419219721941,2.0680383611215,0.0111108925361751,-1.48878150563179,15928.1513868735,81663.7755840637,80203.2520861864,0.920141801562403,0.846660934982504,3.32474944848638,1.8333672091236,-0.0209502357158736,-1.48301221822544,19485.7028637095,82137.709292474,81207.4069346402,0
K005,N15_M01_F10_K005_15.mat,0.913491910179692,0.834467469963742,3.73388580075506,2.06276326182248,0.0175740409310418,-1.48803594778796,16124.3887478889,81745.5931002892,80196.0562010249,0.919111392700796,0.844765752192396,3.30546355982725,1.79842073175638,-0.0149629414165218,-1.48826425805075,19580.5074708856,82173.6066246023,81095.2361146752,0
K005,N15_M01_F10_K005_16.mat,0.912810970273427,0.833223867451515,3.58442016364681,2.0261500682021,0.0170668181633448,-1.49204730577238,16622.5563388072,81928.5056530066,79920.6956482459,0.920501506543421,0.847323023548708,3.31441772241899,1.83558811509091,-0.00425822516433293,-1.4883770192708,19220.152707635,82601.0182035016,81309.5394459888,0
K005,N15_M01_F10_K005_17.mat,0.913096438049481,0.83374510517865,3.5472259498042,1.97964939964953,0.0098963995735846,-1.49584873455237,16599.5220999308,81849.6208894449,80012.2449047094,0.921376796278735,0.848935200720865,3.42186767351986,1.9521297448893,-0.000887341240037903,-1.48643361015963,18885.5783560495,82533.0523244076,81445.8297517158,0
K005,N15_M01_F10_K005_18.mat,0.913663661685326,0.834781286684238,3.70289062255289,2.07019878878481,0.00364693843206667,-1.49474950645759,16663.2220126085,82623.1194151296,81411.4508891641,0.920907509982803,0.848070641942727,3.34541290062116,1.85409472350634,0.00469240177785359,-1.48443164999129,19259.6267890298,83234.4250808054,82664.6278636323,0
K005,N15_M01_F10_K005_19.mat,0.914244316604082,0.835842670442865,3.68222717041811,2.05667472968522,0.00685909962055025,-1.49217366973176,16432.6206419113,77356.258683468,80324.0557935198,0.921001597408697,0.848243942429372,3.36607635275595,1.8408471022543,-0.0149002708981543,-1.48513992879663,19011.7087566619,77936.4532486422,81564.1030467576,0
K005,N15_M01_F10_K005_2.mat,0.944726336192059,0.892507850294871,3.66156371828333,1.96899423222912,0.0112547842590319,-1.49521219361432,16696.2566735363,84983.0177180475,85669.5290704915,0.952412037987332,0.907088690103182,3.43495452653855,1.87445633721139,-0.00174458942126786,-1.48773520640134,19070.3550777291,85640.6654191432,87097.0460404771,0
K005,N15_M01_F10_K005_20.mat,0.91494700675401,0.837128025168123,3.77659026850028,2.06997622199026,-0.00452121534107072,-1.48980791417871,16032.1333219245,81478.1375299607,80378.8944303722,0.919297683591421,0.845108231056553,3.32681579369986,1.8572111118236,0.00724033261072525,-1.48678098478533,19540.0835594743,81799.8888703592,81052.3982111003,0
K005,N15_M01_F10_K005_3.mat,0.93715750281525,0.878264185082916,3.84477966054506,2.05755011141115,-0.00204060806242293,-1.49023644399533,16000.1428541111,84012.7970718921,84336.465169114,0.941752659581433,0.886898071828702,3.38054076925029,1.8339231092935,0.00834087239958803,-1.48607414831529,19662.2451997134,84400.8181898707,85202.3758335835,0
K005,N15_M01_F10_K005_4.mat,0.925915101020319,0.857318774297467,3.71184478514463,2.07540196216053,0.00507481102021051,-1.49380892637711,16816.1184715528,85494.5040945934,84163.112029939,0.933059729002834,0.870600457886842,3.38054076925029,1.81231091511106,-0.0115049020669506,-1.48600585159676,19364.579906331,86135.9086510262,85500.6131224998,0
K005,N15_M01_F10_K005_5.mat,0.921897609561067,0.849895202514409,3.77039123285984,2.07446989991194,0.00115942352693784,-1.49174802036845,16511.2016840346,82071.6571119023,83280.8912020573,0.928051842705396,0.861280222748881,3.43495452653855,1.93547272950857,0.00888055769672938,-1.48398740831465,19642.1472373854,82566.3965603475,84369.2106878172,0
K005,N15_M01_F10_K005_6.mat,0.919365494685818,0.845232912818899,3.7614370702681,2.04839928298519,-0.00803218497544425,-1.48927126656341,16668.3169311232,83711.8476978175,82993.9174424779,0.924222231497884,0.854186733194928,3.34128021019421,1.85159849028838,0.00115804265667477,-1.49018522325718,19971.0143434913,84109.0334469467,83830.8258098314,0
K005,N15_M01_F10_K005_7.mat,0.916866357724115,0.840643917926285,3.57546600105507,1.96251674215144,0.00960585284424884,-1.49509228891562,16593.3099774374,82971.1969894696,80906.964210998,0.92487951698822,0.855402120944364,3.36607635275595,1.8484262426405,-0.00063368317294526,-1.48641897486259,19000.1262029586,83675.0843321687,82381.7422062833,0
K005,N15_M01_F10_K005_8.mat,0.91824466412406,0.843173263192307,3.76005950679245,2.05306148367072,0.0153207392828824,-1.48864429507556,16130.888092367,82076.6418402238,80983.2187728034,0.923331926024999,0.852541845617034,3.32819335717551,1.82430947298618,-0.0163993242277221,-1.48701762447594,19533.5463320006,82457.9992013565,81791.4836388927,0
K005,N15_M01_F10_K005_9.mat,0.913536157448793,0.834548310966306,3.50314391858333,1.92670934449393,0.00996118573326867,-1.49754465505894,16735.1528670531,79863.9378069083,80485.2283942424,0.921465994085485,0.849099578255951,3.31648406763247,1.80006249646015,-0.00321255690630845,-1.48556081108345,18941.7326647892,80552.6453120695,81966.1333167156,0
K006,N15_M01_F10_K006_1.mat,0.886320955908116,0.785564836881876,3.55204742196898,2.01180181669801,-0.00641905249549651,-1.47861765307637,18679.3116441496,76067.8831365475,75579.6899665684,0.892903861767534,0.797277306359375,3.49281219251594,2.0120451537102,0.0261208150852494,-1.48455864902222,20114.7431175052,76632.4850777987,76671.3694962736,0
K006,N15_M01_F10_K006_10.mat,0.864195830523357,0.746834433493955,3.47559264907029,2.04588384407335,-0.0195746077427726,-1.48240477872309,18578.9774971823,77436.9401654075,71679.6485722572,0.872089607445584,0.760540283414593,3.40740325702551,2.00120804180052,0.0271464337660682,-1.4820268449053,19537.7520332918,78148.0613019361,72996.6202211281,0
K006,N15_M01_F10_K006_11.mat,0.863844298409297,0.746226971894251,3.56857818367681,2.17847441901728,-0.0279493772253412,-1.47921096417317,19445.3650500155,77309.2597544634,71650.811095087,0.870909688079446,0.758483684790638,3.28893279811943,1.98356606994278,0.0342415015317799,-1.48465110810833,19635.3799568113,77977.0277310824,72837.3052355387,0
K006,N15_M01_F10_K006_12.mat,0.86383631068124,0.746213171651376,3.46388335952725,2.07781469075998,-0.0296243205059956,-1.4798794846422,18965.932322366,73249.3613587561,71663.6659044663,0.870788640276455,0.758272856034518,3.28411132595465,1.97396573484044,0.0351540998568638,-1.48635714687511,19622.5410652182,73843.4712770327,72814.6231110063,0
K006,N15_M01_F10_K006_13.mat,0.86020402495989,0.739950964557195,3.56100158456072,2.11223553128734,-0.0224441897659563,-1.47864732912257,18768.8463822497,76934.2681757958,71005.2411403404,0.869366052809174,0.755797333777003,3.21316680695856,1.90209768538251,0.0497707417890329,-1.48098020919781,19528.4803423189,77762.8762748333,72534.3778842139,0
K006,N15_M01_F10_K006_14.mat,0.862298100937409,0.743558014880261,3.47559264907029,2.05052534427545,-0.0342251739721957,-1.4775210515925,18743.8904423247,77772.3701124595,71399.4782939676,0.869242616300381,0.755582725992731,3.26689178250899,1.9067790237037,0.0458904097692714,-1.4859356164758,19977.3442476619,78400.1549322967,72539.283562683,0
K006,N15_M01_F10_K006_15.mat,0.863056980146637,0.744867350979832,3.51898589855333,2.07381419127182,-0.0325017208957527,-1.47773853514349,18864.1634430387,70094.7148576278,71610.2744855249,0.869925118962952,0.756769712602706,3.39638274922029,2.00078001658333,0.0389650858566932,-1.48725599629434,19911.4071718998,70640.9693083303,72744.1797087246,0
K006,N15_M01_F10_K006_16.mat,0.863002990826901,0.744774162176176,3.46663848647855,2.01862118096804,-0.00466384259920772,-1.47662957125877,18610.9769191582,77860.304484909,71494.7556566366,0.869682175455687,0.756347086305337,3.31304015894334,1.98231003802774,0.0306306307905092,-1.48569948894183,20082.3352479588,78471.2862881698,72616.7552681538,0
K006,N15_M01_F10_K006_17.mat,0.861287065517473,0.741815409227699,3.50521026379681,2.06344319245528,-0.0266099053098085,-1.47910995328247,18301.4521818139,70956.7427942373,71315.8205725369,0.87030062767741,0.757423182535694,3.22832000519074,1.88200011548118,0.0528121534980571,-1.48053818396459,19813.3094992352,71715.2769276933,72845.0340842655,0
K006,N15_M01_F10_K006_18.mat,0.860505929839992,0.740470455289789,3.45079650650855,2.07295936519962,-0.0332500058710183,-1.47902853763674,18841.1374695432,77033.7144725565,71102.4308659428,0.867856067135759,0.753174153264347,3.26895812772247,1.97301519103672,0.0363039405363907,-1.48623272218865,19609.1663014331,77723.1249847264,72354.095831669,0
K006,N15_M01_F10_K006_19.mat,0.859676390424806,0.739043496253824,3.48867950208898,2.09869212490559,-0.0323458853461762,-1.47958090898573,18899.0736566387,76111.4082086017,71140.315824022,0.867194151783773,0.752025696887978,3.34059142845638,2.0412127064635,0.037573818103601,-1.48541094250476,19553.0726054863,76754.672985908,72319.0299730475,0
K006,N15_M01_F10_K006_2.mat,0.881993177742478,0.777911965584274,3.55135864023116,2.02633461925918,-0.00657262909484099,-1.47863726594362,18759.531986809,79024.6081565902,74718.7154310074,0.889061968756721,0.790431184289577,3.37296417013421,1.90889209279011,0.035931233717017,-1.48652776291232,19700.0166126523,79627.5423035934,75836.3911930161,0
K006,N15_M01_F10_K006_20.mat,0.860238393215855,0.740010093162597,3.50038879163203,2.07317744432237,-0.0271531787235048,-1.47937700267282,18455.7833731182,68275.5371801959,71677.1604644492,0.868870705213017,0.754936302377365,3.33232604760247,2.01872215704309,0.0529362614904838,-1.47976627163938,20081.0947520489,68962.8278855808,73137.7571423008,0
K006,N15_M01_F10_K006_3.mat,0.877861000793511,0.770639936714185,3.50589904553464,2.07972405348623,-0.025254588931418,-1.48306104486502,18847.2717597003,75646.6712862525,74164.8998128386,0.885047651465959,0.783309345365409,3.33783630150508,1.98016139199765,0.0319306196444956,-1.48444224519636,19486.0458770149,76296.9553780042,75417.7796980395,0
K006,N15_M01_F10_K006_4.mat,0.87602494402517,0.767419702554302,3.5630679297742,2.07653016728531,-0.0102911833809495,-1.47973698300945,18594.3517943523,79018.6701752973,73698.4990072689,0.882822593515375,0.779375731621213,3.36263244406682,1.95159952505452,0.0223442793720218,-1.48160932359554,20147.6076493438,79636.7779955166,74837.1040932445,0
K006,N15_M01_F10_K006_5.mat,0.872078246121732,0.760520467358757,3.48179168471072,2.05374810305875,-0.0232578902300975,-1.48436199353639,19043.9409868652,77984.6984685214,73044.1924289129,0.879450383597445,0.773432977209693,3.29926452418682,1.93836051108953,0.0322985411043608,-1.48337244920663,19296.4834998209,78641.8477691137,74247.5838431243,0
K006,N15_M01_F10_K006_6.mat,0.87144377875375,0.759414259528615,3.54033813242594,2.05543153674236,-0.0308546929251955,-1.478587149307,18830.9572754581,78591.6413766091,72935.2479728802,0.878466642461176,0.771703641917011,3.37709686056116,2.05612985200112,0.0501905038536767,-1.4841130975348,20033.2168446709,79240.8736804364,74094.0855178984,0
K006,N15_M01_F10_K006_7.mat,0.867054070848032,0.751782761774145,3.46043945083812,2.01005764373368,-0.0292676028476054,-1.47920419570048,18512.0540859716,77741.3839919584,72135.3956278189,0.874427892864828,0.764624139820024,3.20214629915334,1.86695600232321,0.0506064497320386,-1.48210010253857,19944.1828508943,78432.5861970932,73419.442923755,0
K006,N15_M01_F10_K006_8.mat,0.865850881818759,0.749697749546322,3.52380737071811,2.08007729612319,-0.0329014437453628,-1.47923775175021,18566.4781749859,77193.6878305202,72033.5990787787,0.872694597883372,0.761595861174821,3.2379629495203,1.86730712462257,0.0444105654912603,-1.48604113781248,19768.4904715548,77805.772958589,73118.4294778216,0
K006,N15_M01_F10_K006_9.mat,0.862673843942496,0.744206161022521,3.50589904553464,2.04784667035133,-0.0247894640977587,-1.47918199873512,18361.3080036127,77486.011043426,71456.7957603742,0.872128572603402,0.760608247151247,3.22280975128813,1.88766792249165,0.0514270170986495,-1.48033950801026,19612.6405165187,78345.0246989212,73059.2528670126,0
KA01,N15_M01_F10_KA01_1.mat,0.940601104626417,0.884730438024435,3.73319701901724,2.01417943839594,0.00665174201386405,-1.4960276768418,17459.2856387914,84176.8284605018,85183.7635600457,0.953334525927595,0.908846718325593,3.51485320812638,1.93248814026941,0.000639038251210386,-1.48606460717531,18469.4116085828,85302.2791159608,87492.5547279763,2
KA01,N15_M01_F10_KA01_10.mat,0.937031831310874,0.87802865288981,3.70426818602854,1.98296016128363,-0.011457202220773,-1.4860229508095,17154.6436751865,84331.2388013414,84486.1258377401,0.945201719646122,0.893406290821985,3.37778564229899,1.85575947881791,0.0001285040457319,-1.49279134399537,19010.1665743509,85025.216275023,85931.5524108314,2
KA01,N15_M01_F10_KA01_11.mat,0.939987776779293,0.883577020494479,3.68429351563159,2.01962689186687,-0.00871112307740551,-1.48889933782777,17274.0866939064,81577.3040415709,84824.7945507361,0.950048597361212,0.902592337348007,3.60714996099507,2.09443988668662,-0.004038802875596,-1.4900592261653,18787.6170621689,82444.3096994183,86647.6452570323,2
KA01,N15_M01_F10_KA01_12.mat,0.928024579277512,0.861229619743203,3.62781341312985,1.99080682022502,0.00091622438755495,-1.49151973059178,17066.3576983772,81311.8917762695,82526.0122212103,0.93944656801165,0.882559854148868,3.56857818367681,2.00236119269671,0.00890841668687057,-1.48354517180243,18569.0776372645,82302.828082259,84567.3946909432,2
KA01,N15_M01_F10_KA01_13.mat,0.930989550576885,0.866741543283351,3.67740569825332,1.9785021148981,-0.00237622139442695,-1.48846622707495,16855.3487242125,83748.0423397196,83625.5495523296,0.940210242624929,0.883995300336828,3.49281219251594,1.96374030678995,0.00963440179714462,-1.48373261171939,18827.6297708827,84540.577073462,85277.9981099474,2
KA01,N15_M01_F10_KA01_14.mat,0.937625771831033,0.87914208800174,3.71459991209593,2.01497518430243,0.00239891564133399,-1.49490163488207,17234.2158742306,84140.0614749784,84546.3440419033,0.950077284476473,0.90264684647819,3.55273620370681,1.95180911296028,0.00561836784065849,-1.48532498935094,18378.9766327514,85273.574383031,86864.6622537252,2
KA01,N15_M01_F10_KA01_15.mat,0.926703531441103,0.858779435185412,3.65536468264289,2.02393852082983,0.00125764149456356,-1.49430678703225,17320.2302488686,79718.9993497335,82374.4020352948,0.939138000712269,0.881980184381839,3.47972533949725,1.96940493565096,-0.00713661463129812,-1.4859322060849,18415.1500720586,80769.8876400571,84557.8163116494,2
KA01,N15_M01_F10_KA01_16.mat,0.935584755288788,0.875318834328782,3.65467590090506,1.97584763393253,0.00817578064944925,-1.4895183790889,16841.5806660551,81455.0934739676,84548.5472229486,0.945639320997023,0.89423372541571,3.60852752447072,2.01528459731629,-0.0160888075590384,-1.48304894381915,18676.9505003524,82347.016994319,86469.9524240953,2
KA01,N15_M01_F10_KA01_17.mat,0.934777699592708,0.873809347655835,3.71735503904724,2.02093635619641,5.06554825356125e-05,-1.49523859598272,17206.0419460266,84147.5784978912,83788.2197910804,0.947082259384391,0.896964806040642,3.44597503434377,1.9377645958556,-0.00592093438238741,-1.48663905468127,18356.7200284571,85270.2671582908,86077.3928391224,2
KA01,N15_M01_F10_KA01_18.mat,0.936457760741643,0.876953137653252,3.69393645996115,1.98980954931985,-0.0109681724579797,-1.48647347668697,17090.1137805148,81118.5314174137,84290.9023196506,0.944624097099241,0.892314684820556,3.39293884053116,1.84213193876003,0.00271372204891881,-1.49182080405178,19047.4055590065,81764.4238036762,85719.8067672339,2
KA01,N15_M01_F10_KA01_19.mat,0.925181654566503,0.855961093946411,3.71459991209593,2.02946896201308,0.00709309555632922,-1.49495988708208,17388.1820112138,82320.9221914881,82347.0114828974,0.937617738272411,0.879127023123072,3.55618011239594,1.95508461001098,0.00223462494723324,-1.48588772916613,18476.5866479457,83415.8130834354,84608.4887232598,2
KA01,N15_M01_F10_KA01_2.mat,0.9356072875486,0.875360996514049,3.72148772947419,2.02257656267117,-0.000476707685433343,-1.49458626502143,17359.4563688378,81957.3498933758,84146.5892095937,0.947510061854039,0.897775317314645,3.65605346438072,2.09950082029929,-0.00661556374474734,-1.48680383458879,18455.7613321026,83012.1621393976,86275.8554202627,2
KA01,N15_M01_F10_KA01_20.mat,0.933387862950663,0.871212902703606,3.70495696776637,1.99748700304881,0.0107135139620991,-1.48992212799368,17082.1707495142,78387.6627579917,83842.8639343418,0.943514700010288,0.890219989135504,3.68842620605854,1.97756689047193,-0.0108770171799994,-1.48567271659239,18730.2243238645,79166.0339864219,85618.325383998,2
KA01,N15_M01_F10_KA01_3.mat,0.942543736890021,0.888388695950605,3.72493163816332,2.00749607975934,0.0193860271744516,-1.48523828687691,17214.0228600228,84269.4295131808,85028.1792619966,0.951346245788508,0.905059679375887,3.51898589855333,1.93994699735147,-0.00671868655515118,-1.49121312674189,19147.2437831226,85066.624452514,86723.9996602418,2
KA01,N15_M01_F10_KA01_4.mat,0.939158843140175,0.882019332648392,3.6767169165155,2.00269314571272,0.0178864734654084,-1.48790993908085,17318.3312776174,82748.8890060293,85176.994562164,0.949170063944421,0.900923810288256,3.55480254892029,2.00239020494094,-0.00379867634412214,-1.49046909729603,18998.2692473934,83542.4438633577,86794.6451186336,2
KA01,N15_M01_F10_KA01_5.mat,0.949501944692138,0.901553942974152,3.71253356688245,1.97802430892737,0.0070659332817439,-1.49112536253436,16977.9071027325,82021.5843456012,86575.3751197392,0.959744562233579,0.921109624736923,3.55273620370681,1.96852456752203,-0.0151598953309943,-1.48364072719711,18745.4284919453,82920.2809222107,88485.1487238364,2
KA01,N15_M01_F10_KA01_6.mat,0.939522924914783,0.882703326440429,3.62368072270289,1.94513144154521,0.00790130737870887,-1.48987847995319,16999.0465030482,84452.5542430029,84842.5315914807,0.949877936337468,0.902268093940727,3.49625610120507,1.92567141712596,-0.0163304848523045,-1.48316799198885,18753.0471067474,85399.5154501366,86795.2648047452,2
KA01,N15_M01_F10_KA01_7.mat,0.932652098427578,0.869839936701365,3.66500762697246,1.96813382856034,0.00919083539488498,-1.48818025676411,16831.2482512059,82600.5216926889,83609.6068531563,0.942070057313764,0.887495992887159,3.51347564465072,1.99772793650618,-0.0182748884295301,-1.48242996363561,18864.5677579188,83435.8744170319,85366.7087112473,2
KA01,N15_M01_F10_KA01_8.mat,0.940948212274669,0.885383538182895,3.69393645996115,1.97050898242237,0.0120038079118176,-1.4879138474482,16857.5858872969,84169.9245474821,85057.419968026,0.948901234678032,0.900413553173494,3.51623077160203,1.96905581210532,-0.0156282066205646,-1.48456027919572,19118.6269682612,84893.4747678232,86586.5903499493,2
KA01,N15_M01_F10_KA01_9.mat,0.9468233682994,0.896474490757821,3.71528869383376,1.98896404732974,0.00566639066243984,-1.49149831252382,17118.8146267483,82931.6848938781,85767.9601200005,0.958714176348357,0.919132871931309,3.51003173596159,1.9432869580345,-0.0129499660799373,-1.4852648260509,18576.4386476966,83963.5216646674,87916.7688451031,2
KA03,N15_M01_F10_KA03_1.mat,0.968481036795176,0.937955518631859,3.84271331533158,1.99201826713253,4.29951277109597e-05,-1.49373531945494,18490.8423635735,85787.0853475655,90112.3835044193,0.981902574860013,0.964132666516724,4.29937560751025,2.2557630596727,-0.000457204619564907,-1.47982592001866,20935.6717644236,86902.7477487406,92574.0104234224,2
KA03,N15_M01_F10_KA03_10.mat,0.94521558907286,0.893432509826354,3.79725372063506,2.03115056694072,0.0155229001066302,-1.48415404878482,18150.3720403122,84170.1902477719,85764.4120995185,0.954423914379015,0.910925008338561,4.3902947969033,2.59516052444157,-0.00455024390183866,-1.48257242062836,21623.5759943157,84940.763020786,87498.6459807152,2
KA03,N15_M01_F10_KA03_11.mat,0.947514903072381,0.897784491544264,3.74628387203593,2.01171766757126,-0.00396756752366096,-1.48671630062501,17893.9447983552,85203.865637015,86114.3928711508,0.95703357154426,0.915913257062762,4.23945159631939,2.3695706875882,0.0168304237576249,-1.47664620707761,21482.4831880125,86006.8383648644,87892.5217796891,2
KA03,N15_M01_F10_KA03_12.mat,0.942312886493622,0.887953576051941,3.72837554685245,1.99841246118723,0.0063815351460983,-1.48643206992562,18042.7271639795,83840.8931302716,85310.9993790627,0.953831205796546,0.909793969151294,4.46192809763721,2.64542600706128,-0.010568343137292,-1.47529512206669,21259.4770135382,84779.3455581942,87388.0683498108,2
KA03,N15_M01_F10_KA03_13.mat,0.942873887860658,0.889011168409472,3.73181945554158,2.02564220747172,-0.00953628464874822,-1.48452331494717,18168.2920747852,84433.1100893247,85209.3359227789,0.952230073396737,0.906742112681154,4.213277890282,2.41098729801516,0.00831867567352233,-1.48283919732462,21457.7938066201,85179.5117849343,86840.5452362742,2
KA03,N15_M01_F10_KA03_14.mat,0.942904919980952,0.889069688124285,3.73388580075506,2.00298830281688,-0.000986644891204057,-1.48888510315397,18048.826326268,84056.407923172,85419.140505782,0.955051634702595,0.912123624948099,4.51703063666329,2.63846626182525,0.0144851297055787,-1.47637315465637,21100.461417635,85084.0338708969,87667.0125578228,2
KA03,N15_M01_F10_KA03_15.mat,0.942547153225567,0.888395136053621,3.6767169165155,1.98580877312339,0.0062452225734478,-1.48959363499821,18165.7422047918,84418.709747266,85312.3216150512,0.95567120335104,0.913307448914425,5.23611877095369,2.89031048084766,-0.0068498001919641,-1.47797735004964,20984.126870898,85490.7978383622,87621.157907172,2
KA03,N15_M01_F10_KA03_16.mat,0.942177780908239,0.887698970837173,3.70220184081506,2.01090083823697,-0.0110070858857899,-1.48490943305314,18278.0942155207,84430.5242322402,85328.5440860258,0.952689704926159,0.907617673872292,4.43850951855112,2.46908251470787,0.00523907609036208,-1.48371775797784,21336.9656478254,85289.2173293628,87182.4388569802,2
KA03,N15_M01_F10_KA03_17.mat,0.942467476564384,0.888244944381638,3.72011016599854,1.98045619083194,0.00366050764306399,-1.48963379448166,18317.2135743206,74965.1883090113,85681.7436153674,0.955615743008057,0.913201448284841,4.43162170117286,2.34144996846917,0.0125635258305386,-1.4765828853287,21182.5276953518,75917.6763896747,88109.815000582,2
KA03,N15_M01_F10_KA03_18.mat,0.940348873798569,0.884256004454238,3.76212585200593,2.00097320855064,0.0146991829448527,-1.48463167462417,18004.3757968174,84384.4382026091,84920.69451043,0.950082017855403,0.902655840652194,4.91239135417545,2.70812401976203,-0.00504998927766019,-1.48007785532652,21402.7319057165,85159.9695036304,86575.9351861589,2
KA03,N15_M01_F10_KA03_19.mat,0.939487659113656,0.882637061626857,3.72493163816332,1.98696512379422,-0.00212346066488299,-1.48689439504588,17876.374665005,83566.8653330641,84646.112607237,0.950610806738458,0.903660905887941,4.27320190147286,2.57073584674806,0.0180575813349068,-1.47521802724047,21204.8008304079,84476.485040382,86612.725782079,2
KA03,N15_M01_F10_KA03_2.mat,0.952521226453729,0.907296686844916,3.75179412593854,1.98435330672064,0.00213235437485335,-1.49424679078568,18440.9862750444,85121.1845268539,87074.4154485237,0.966668942505253,0.934448844404225,4.10996062960809,2.21294795964029,0.00907005198372603,-1.47783791508877,20931.3159087136,86344.08019372,89727.5512127615,2
KA03,N15_M01_F10_KA03_20.mat,0.939109049560963,0.881925806967295,3.69600280517463,1.96805638647867,6.70239758492824e-05,-1.48939948749256,18071.9239330642,83444.9194939907,84519.116600262,0.952097243336762,0.906489160769462,3.96807159161592,2.27796475943475,0.0125970967885853,-1.476116703117,20991.9962022526,84569.4513702171,86964.4478732047,2
KA03,N15_M01_F10_KA03_3.mat,0.9513086638607,0.90498817393643,3.75248290767637,1.97239742201417,-0.00358186891225228,-1.48732972783206,17866.2771247285,85295.7268304576,86912.9750702943,0.961374246032023,0.924240440933642,4.5597351044085,2.41057122482347,0.0197444077211934,-1.47511634195799,21515.1899888331,86115.0754034217,88742.7171018034,2
KA03,N15_M01_F10_KA03_4.mat,0.950794426553089,0.904010041564417,3.77383514154897,2.01617053461491,0.00131928845371304,-1.49350418264159,18459.1528933796,84737.6456140832,86773.9144302159,0.964459759512238,0.930182627718404,4.54802581486546,2.65746598656253,-0.00214306153447853,-1.4788615794089,20898.3163756544,85901.3466863686,89298.1914948544,2
KA03,N15_M01_F10_KA03_5.mat,0.945853480429955,0.894638806441459,3.78623321282984,2.01623558325831,-0.00519192644719369,-1.48664900514436,17981.3663540835,84253.2140713216,85834.7482067116,0.955016753304861,0.912056999092959,4.1629968234207,2.18200153723314,0.0173116353604647,-1.47678156226672,21539.9021000228,84997.5429112664,87484.9350749313,2
KA03,N15_M01_F10_KA03_6.mat,0.94208418443846,0.887522610569079,3.70564574950419,1.98246654843967,0.00702185831992714,-1.48750522719175,18136.2575249407,84786.1852692659,85285.2111241656,0.954188107023837,0.910474943585734,5.238873897905,2.94113189803314,-0.00920466169017596,-1.47589625201578,21294.1599291647,85791.9011918406,87433.3041007159,2
KA03,N15_M01_F10_KA03_7.mat,0.944010893569581,0.891156567178039,3.76350341548158,2.02041189788794,-0.00526609728419257,-1.48882051676537,18506.753910499,84400.5165189129,85635.970223659,0.956913108407825,0.915682697042727,4.3902947969033,2.68151021252016,0.00158899556605992,-1.48131908820093,21125.0068436442,85484.6865429166,87984.6641792461,2
KA03,N15_M01_F10_KA03_8.mat,0.942934632218375,0.889125720636802,3.71391113035811,2.00406059009656,0.00595738045440455,-1.49012445930034,18265.6658378434,84506.9013728196,85440.2935539167,0.956357898706637,0.914620430418575,4.75948180837806,2.63635201152257,-0.00598589184416177,-1.47742452560536,21055.0982523818,85631.5542420474,87835.240229806,2
KA03,N15_M01_F10_KA03_9.mat,0.943092445344377,0.889423360465636,3.74903899898723,2.01849522962962,0.0167989752385297,-1.48337587061135,18213.73513872,84571.5015748971,85289.2400560245,0.952408153895528,0.907081291606687,4.47363738718025,2.63816733194976,-0.00421764880358645,-1.48376004689169,21605.6538934975,85353.8064792434,87040.0689831277,2
KA04,N15_M01_F10_KA04_1.mat,0.769475540821563,0.592092607922637,3.43288818132507,2.32340179712774,-0.00568460691363249,-1.4771519447133,18523.9741427264,63424.5322143975,56957.9655613505,0.782198501360393,0.611834495530445,3.70633453124202,2.63564083569278,0.0307668048047895,-1.4666712128396,21410.9153215436,64400.0993266245,58872.5861674159,2
KA04,N15_M01_F10_KA04_10.mat,0.739036231654619,0.54617455169826,3.25449371122813,2.26673295594369,-0.00400202870971984,-1.47307209468649,18213.8914921745,66244.2871462555,52443.5555617939,0.748999073057517,0.56099961144102,3.44046478044116,2.39979745783978,0.0195041364498026,-1.46572234476269,21779.9879952499,67008.920570037,53812.9221477057,2
KA04,N15_M01_F10_KA04_11.mat,0.734931976644842,0.540125010295095,3.29513183375986,2.33004831737368,-0.034545247806054,-1.47444998092259,18486.8722256367,65219.4073943016,51618.4615187828,0.748550900891332,0.560328451225225,4.64238891294763,3.36693688397129,0.0368153743199205,-1.46613968957175,21311.4366414946,66365.7741290836,53576.4080371532,2
KA04,N15_M01_F10_KA04_12.mat,0.738057597531446,0.54472901727389,3.17252868442682,2.22304665061245,-0.0266479876867871,-1.4793130856545,18540.6171758575,66421.0958213874,52190.9879784499,0.75291958823335,0.566887906345478,4.54182677922503,3.38428655754922,0.0315635149679811,-1.46359986169611,21048.608550848,67668.5432577909,54314.6843438876,2
KA04,N15_M01_F10_KA04_13.mat,0.732655159555229,0.536783582822897,3.17321746616465,2.19748094190416,-0.00212009725876499,-1.47382319619211,18510.6110882309,65730.814390415,51354.4528114287,0.745541802166724,0.555832578778007,3.84202453359375,2.84561920946652,0.0319462090188677,-1.4638833784553,21326.8543319141,66805.5800430167,53189.8582780931,2
KA04,N15_M01_F10_KA04_14.mat,0.735103563601599,0.54037724921977,3.19112579134813,2.19204418465858,-0.00489873919338211,-1.47215054078992,18155.4146114148,65575.9059332665,51734.3791387869,0.745099880207437,0.555173831485137,4.31935027790721,3.21821372352619,0.020413316964647,-1.46404396043451,21703.885878601,66367.1754068144,53171.4428968292,2
KA04,N15_M01_F10_KA04_15.mat,0.733839381259247,0.538520237486954,3.16564086704856,2.20121165035013,-0.0170965985935919,-1.47852368901274,18344.8041043927,65626.1883992012,51752.601469068,0.749029773518241,0.561045601616788,4.04383758277679,2.95751248896206,0.0398770467314962,-1.46247012850931,20838.5542281719,66907.5650980484,53910.7766726253,2
KA04,N15_M01_F10_KA04_16.mat,0.732491829462002,0.536544280228591,3.15944183140813,2.16502287613802,-0.0142301808631183,-1.47873322368557,19005.7866112801,61357.5262241156,52684.5759773362,0.747558321521514,0.558843444076064,3.69875793212593,2.60585635954227,0.0376499188429501,-1.46050237214025,21528.0151047914,62568.1898374142,54908.5905099462,2
KA04,N15_M01_F10_KA04_17.mat,0.733977908014123,0.538723569452788,3.18286041049421,2.21667431346392,-0.0251740976711906,-1.47176056582133,17912.1782285189,65796.0663157607,51753.0295996237,0.745820335583667,0.556247972970134,3.54309325937724,2.6089334390603,0.0538884231899523,-1.45975901100792,21459.6480070583,66735.2598973069,53413.6584177575,2
KA04,N15_M01_F10_KA04_18.mat,0.736689298643338,0.542711122735614,3.19112579134813,2.21362909154586,-0.00104425499208479,-1.47218306886786,18299.2225953286,65866.2322545035,52179.5639400802,0.74790636777919,0.559363934964661,3.86337676746636,2.71791108094899,0.0240329965192137,-1.46643930578564,21754.4162844514,66764.7813326626,53820.7206632127,2
KA04,N15_M01_F10_KA04_19.mat,0.729672185867297,0.532421498828359,3.18354919223204,2.27003750229185,-0.0376767101993731,-1.47261779950801,18351.9474597957,64890.3310768627,50964.1670173693,0.742639486444163,0.55151340682605,3.73801849118202,2.71103274987825,0.0388671709244434,-1.46966944614034,21269.589707013,65975.9039720424,52830.5660976371,2
KA04,N15_M01_F10_KA04_2.mat,0.750506945398846,0.563260675091907,3.22005462433682,2.21967869061081,-0.0222881591981796,-1.48047532566183,18549.64297175,66544.1546939301,54026.0939866065,0.764564535852898,0.584558929483957,3.92949981429766,2.56999817946555,0.0270954886085725,-1.46291446455983,21098.8579337494,67690.9920438512,56051.7648196372,2
KA04,N15_M01_F10_KA04_20.mat,0.7302056278126,0.533200258889193,3.16908477573769,2.24471018861552,-0.016889878438667,-1.47384783761537,18120.0394701418,65764.8305358087,51191.395889417,0.742391963866142,0.551145828013027,3.5975070166655,2.48686533574088,0.0190828003103576,-1.46000638450992,21388.0202165783,66740.1438885935,52861.2869750319,2
KA04,N15_M01_F10_KA04_3.mat,0.760183551267018,0.577879031616935,3.26275909208204,2.17781918928422,-0.0196153419715464,-1.47679646863641,18324.0945038815,67350.2663069178,55625.7548483257,0.774270347877509,0.599494571602358,4.07207763402766,2.89413776279715,0.0425205060647842,-1.46369835661633,21129.3730310803,68561.1602075617,57774.2650216844,2
KA04,N15_M01_F10_KA04_4.mat,0.752070133546324,0.565609485772386,3.23934051299595,2.19802139736951,-0.00518109269668588,-1.47463339929887,18101.5573897707,67809.1318426405,54374.6444314949,0.761827272082477,0.580380792488629,4.02937316628244,3.003317033827,0.0176787001691482,-1.46456955226876,21721.5331555058,68583.5140767951,55779.9438142926,2
KA04,N15_M01_F10_KA04_5.mat,0.739293145468866,0.54655435493725,3.16219695835943,2.17891590201926,-0.0184834776834612,-1.47879319911416,18438.1753567724,65606.7071853809,52478.2967140302,0.752760622082635,0.566648554158236,4.19261443814722,2.81676554390706,0.0230376751482524,-1.46193983438305,21175.3347476637,66708.0018064928,54378.4573327846,2
KA04,N15_M01_F10_KA04_6.mat,0.74242651705724,0.551197133229744,3.22487609650161,2.278645776815,-0.0320586492262237,-1.47588192355578,18550.1643795255,66304.0808614083,52804.4688422155,0.756271741432464,0.571946946889292,3.68773742432072,2.47194907971015,0.0343556860979222,-1.46667710155462,21338.0725200781,67432.3072929951,54761.4792372862,2
KA04,N15_M01_F10_KA04_7.mat,0.73730284926334,0.543615491531839,3.16357452183509,2.18741885660477,-0.0189555322778375,-1.4773738203362,18392.5938477083,65704.0614487457,52215.1536391529,0.750900479349687,0.56385152988759,4.46468322458851,3.07791626682167,0.0209995069024412,-1.46038444112969,21214.2922427551,66854.6962107795,54216.76909809,2
KA04,N15_M01_F10_KA04_8.mat,0.741638916656835,0.550028282699924,3.19388091829943,2.1809882118936,-0.0084929000494967,-1.4735716433289,18074.7637801693,65468.1525001104,52989.275426621,0.751719565553779,0.565082305236362,3.9040148899981,2.81555800923575,0.0165049188695777,-1.4625960296526,21703.4278387453,66217.8996858025,54375.0154109029,2
KA04,N15_M01_F10_KA04_9.mat,0.739603581209312,0.547013457337639,3.16081939488378,2.22158178873852,-0.0190860296948991,-1.47770824862163,18401.2339258276,66520.4342155031,52475.0134746112,0.753423117156898,0.567646393466417,3.91296905258984,2.60534481903598,0.023769374775237,-1.46156407172376,21127.9224567404,67659.9219077212,54411.7535218548,2
KA05,N15_M01_F10_KA05_1.mat,0.885617126998493,0.784317695633066,3.58510894538463,2.02926558787151,-0.00706805810476303,-1.48543645844809,17558.6975070118,79479.7844315559,75273.8711243241,0.893947479694754,0.799142096452603,3.32957092065117,1.97101919454733,0.00299565107989174,-1.48639123053851,19017.7872554982,80138.467488367,76478.6289705727,2
KA05,N15_M01_F10_KA05_10.mat,0.857593753600235,0.735467046214141,3.51485320812638,2.10731626383832,-0.00694454206080419,-1.48660611023855,17607.6871081147,77158.4314663493,70673.7272990701,0.866530757527356,0.750875553740934,3.31648406763247,1.99414454282431,-0.000793704781756978,-1.48591276341911,18848.10794073,77952.7607845543,72122.714161993,2
KA05,N15_M01_F10_KA05_11.mat,0.857625446470966,0.735521406434524,3.52311858898029,2.08130164627107,0.0147822108602501,-1.48709940833555,17844.9248908558,77251.6474980416,70584.9237227599,0.868206274220114,0.753782134595172,3.3385250832429,1.9936920899946,-0.00425683923116013,-1.48653517207959,18811.8828427925,78221.6140564367,72396.0899077992,2
KA05,N15_M01_F10_KA05_12.mat,0.859159700444344,0.738155390867615,3.47697021254594,2.06515983013143,-0.00610519890006523,-1.48731690650952,17808.9463767805,76727.3235144719,70866.0618772215,0.86949831262195,0.756027315652419,3.39087249531768,1.98519955628556,-0.00673744335916445,-1.48694725072426,18719.107386616,77664.5045984754,72616.0942798191,2
KA05,N15_M01_F10_KA05_13.mat,0.855766978426614,0.732337121365417,3.45630676041116,2.04651788029143,0.00761227709040422,-1.48594924481321,17431.7419458774,72020.6037575841,70399.4639514266,0.866096439575226,0.750123042644883,3.33921386498073,2.03643537457478,-0.0170716675463996,-1.48236258804783,18707.324397427,72865.8819203111,72065.2945894422,2
KA05,N15_M01_F10_KA05_14.mat,0.859539613247987,0.738808346742499,3.46319457778942,2.03551198707744,-0.00870662566925274,-1.48385702271688,17387.251467086,77511.1580182166,70990.6258344999,0.867144167261802,0.751939006816165,3.23934051299595,1.94716717076323,0.00505361397018824,-1.48675828606621,19059.4048256611,78159.4962513931,72218.0032600547,2
KA05,N15_M01_F10_KA05_15.mat,0.855752237193946,0.732311891462444,3.47765899428377,2.03489180008108,0.0100244464306517,-1.48417188069168,17303.0596089263,77115.353581935,70358.8707559924,0.8646136590345,0.747556779389027,3.2724020364116,2.05439692318672,-0.0222892448098115,-1.4806282298677,18958.2138342119,77910.1724947817,71830.395906977,2
KA05,N15_M01_F10_KA05_16.mat,0.855926778001005,0.732610649299181,3.48730193861333,2.07031786572588,0.0166908055550276,-1.48343062789794,17502.3289871516,77231.6833504404,70354.0028195465,0.863703841276048,0.745984325435,3.4494189430329,2.01456507124461,-0.0160758044670637,-1.48595745798791,19182.5713984557,77902.135487184,71599.500240693,2
KA05,N15_M01_F10_KA05_17.mat,0.857918368719578,0.736023927386461,3.50452148205898,2.06076476921843,0.0149936202696346,-1.48525019962169,17649.5264659972,77263.2734543805,70826.3222910892,0.866820611232953,0.75137797205827,3.30064208766247,2.02876703859481,-0.011947910769786,-1.48478571028489,18927.5203424109,77998.4161167794,72135.1610516769,2
KA05,N15_M01_F10_KA05_18.mat,0.855401117223978,0.73171107134803,3.46457214126507,2.07196872367901,0.0130538703219409,-1.48575089724548,17644.8000457122,76237.6571774718,70276.2928890519,0.865613232632745,0.749286268508911,3.26689178250899,2.00449219913123,-0.00310785657235085,-1.48557560290492,18833.1200501149,77209.7408510068,72092.5330436899,2
KA05,N15_M01_F10_KA05_19.mat,0.854693781889206,0.730501460800073,3.46319457778942,2.05433007261425,-0.00181150933645065,-1.48670650933975,17307.7522789062,76583.4205025077,70146.378067582,0.864074939374483,0.746625500855016,3.26482543729552,2.02649037099571,0.0111146404062888,-1.48148468852783,18755.5184556227,77444.5362886966,71753.4505934963,2
KA05,N15_M01_F10_KA05_2.mat,0.87392385958628,0.76374291235418,3.49625610120507,2.03000058650868,0.00684662272689622,-1.48785066520429,17570.2483767551,77675.2556034773,73265.0740345297,0.88383248117535,0.781159854780575,3.31235137720551,1.99603727897798,-0.0159905469877194,-1.48252851434651,18745.2025715353,78602.6165836094,75064.6215400985,2
KA05,N15_M01_F10_KA05_20.mat,0.852806781385183,0.727279406376554,3.49418975599159,2.0984472902546,0.0122667753826873,-1.48749457364324,17823.4252576913,76379.4075447176,69857.7897092299,0.864234323687652,0.746900966239853,3.3040859963516,1.99618164647924,-0.00150094021983867,-1.48546208723416,18677.28249315,77450.1483206386,71861.5344674598,2
KA05,N15_M01_F10_KA05_3.mat,0.865213552255671,0.748594491006876,3.51209808117507,2.07088436536084,-0.00643290603292406,-1.4864780355555,17647.8065779978,78022.6027042286,71916.7069156067,0.87380330012869,0.763532207315789,3.32888213891334,2.04053876725596,-0.00182717992362032,-1.48653003321883,18827.6318372279,78764.2960450941,73271.2674513491,2
KA05,N15_M01_F10_KA05_4.mat,0.866000122921597,0.749956212900222,3.54860351327985,2.08308560157653,0.00353687070123895,-1.48791492188618,17622.109508923,77671.1779617918,71931.6364724693,0.87670830162328,0.768617446135176,3.51485320812638,2.01296904152036,-0.0128328979814127,-1.48320967898793,18689.7935246359,78666.5859370354,73835.6486852987,2
KA05,N15_M01_F10_KA05_5.mat,0.862976507463987,0.74472845243474,3.4838580299242,2.06648400205542,0.0157929836420569,-1.48557638888506,17628.845794319,77828.9973988,71505.1532691473,0.872016859919575,0.760413403983995,3.44804137955725,2.16016000565158,-0.0115896560702228,-1.4853750687908,18977.7304647532,78580.6465855912,72893.6819516081,2
KA05,N15_M01_F10_KA05_6.mat,0.860554476253767,0.740554006600396,3.52242980724246,2.08379404175767,0.0150322440602159,-1.48455421908973,17569.137371812,76343.0259367901,71238.3849874458,0.869352433821966,0.755773654192176,3.52449615245594,2.02887730609527,-0.0141319250783629,-1.48507818854731,19019.9279891394,77061.435241456,72538.4950088445,2
KA05,N15_M01_F10_KA05_7.mat,0.85677437458311,0.734062328942279,3.48661315687551,2.07959548498327,0.00875431202791471,-1.48720314112132,17805.8096647464,72110.010565122,70492.5548168391,0.867563255764546,0.752666002752778,3.45010772477073,2.1339918143542,0.00128582389695278,-1.48462941630935,18718.5115904128,73012.1638226014,72404.2058646939,2
KA05,N15_M01_F10_KA05_8.mat,0.85992489200802,0.739470819895005,3.48454681166203,2.06781587443184,0.0120559640036529,-1.48867280089458,17752.6357145863,76009.1881641908,70763.0672346592,0.870373937727904,0.757550791475978,3.50452148205898,2.06396638774074,-0.00307642028271946,-1.48462392723044,18714.7253572,76995.2489201917,72692.8235135956,2
KA05,N15_M01_F10_KA05_9.mat,0.858269620014844,0.736626740640424,3.49143462904029,2.07076823790543,-0.0112781086345225,-1.48468245309807,17694.7181245977,75928.0600394315,71146.2299614867,0.867075698306414,0.751820266593555,3.20765655305595,1.90042941755135,6.06609808609645e-05,-1.48907161347241,19002.6671187895,76650.2685941868,72519.6927323005,2
KA06,N15_M01_F10_KA06_1.mat,0.934615107856417,0.873505399833461,3.62436950444072,1.94197377287542,0.0109737301093299,-1.48637007911484,17815.1226826236,81854.2295349847,83855.1678604266,0.943308868286551,0.889831620988054,3.58855285407376,2.06317867455427,-0.0251877024668861,-1.48053358434527,19981.8640334256,82600.5121086329,85484.7170537627,2
KA06,N15_M01_F10_KA06_10.mat,0.904669872618696,0.818427578423927,3.48661315687551,1.92930027132155,0.000492599396970564,-1.4866993930088,17689.7795595375,80712.0213763836,78532.782348494,0.913948227154379,0.835301361918632,3.42255645525768,1.96515006371146,0.00743251030490315,-1.48041087792764,19923.0207207813,81520.9691684419,80190.1020771048,2
KA06,N15_M01_F10_KA06_11.mat,0.904426608097893,0.817987489435459,3.57339965584159,2.02041140205619,-0.0110777730657057,-1.48430738758142,18266.4951310558,80582.1528074119,78225.3493633046,0.914503344817686,0.836316367682735,3.34954559104812,1.92250001387208,-0.00735902021248294,-1.48870281919622,19757.7089710126,81508.5129893448,80058.2394519137,2
KA06,N15_M01_F10_KA06_12.mat,0.912787706164874,0.833181396525733,3.59406310797637,2.02034266183432,-0.0111220347407931,-1.48384123160941,18231.7874192867,80159.1631499291,80391.1758096417,0.922053333023906,0.850182348940495,3.3516119362616,1.8827600143885,-0.00580860760381643,-1.49007575483874,19893.3397381349,80911.4213031519,81930.6787813686,2
KA06,N15_M01_F10_KA06_13.mat,0.910735196504771,0.829438598152583,3.52105224376681,1.93687103474074,-0.00168925076192987,-1.48713824137915,17772.6716865579,80437.2630406583,79783.5298060011,0.919675363428715,0.845802774097739,3.45010772477073,1.96272615582198,0.00582784694020619,-1.48207720118044,19886.3148531908,81208.045980506,81413.8699586689,2
KA06,N15_M01_F10_KA06_14.mat,0.909219534670062,0.826680162225645,3.54240447763942,1.94846634527389,0.00411020629364127,-1.48923036487739,18047.158096899,78723.5341531096,78949.4430347922,0.920961128674607,0.848169400529606,3.53896056895029,2.11615345085806,0.00279220099570325,-1.48191923140816,19579.4736094971,79688.5942590106,80880.3515630475,2
KA06,N15_M01_F10_KA06_15.mat,0.916409013115987,0.839805479320217,3.67327300782637,2.01434722257294,0.0202021207236281,-1.48408631984199,18121.2951192499,81017.1800328575,80506.1953040365,0.925678219289667,0.85688016566729,3.47834777602159,1.96956635900935,-0.0128118067681648,-1.48942533322406,19944.5320632354,81862.3963442281,82245.2018230726,2
KA06,N15_M01_F10_KA06_16.mat,0.906566169320322,0.821862219356122,3.53620544199898,2.00727276116974,-0.00683703204387592,-1.48651350349072,18238.8253910838,81275.7663138694,79321.4039045841,0.916978475382316,0.840849524314477,3.51209808117507,2.05000137916785,-0.00893233287414146,-1.48721651488736,19548.2194493615,82200.856048052,81131.2021155556,2
KA06,N15_M01_F10_KA06_17.mat,0.909079375606047,0.826425311152281,3.56926696541463,2.0006954871736,0.00849340367531296,-1.49302910166848,18161.15973989,80890.5574528487,79352.8686149224,0.922023531231641,0.850127392144865,3.60577239751941,1.96694189531254,-0.00305158806900274,-1.48368471247539,19194.9033466898,82037.2330890689,81614.0946793121,2
KA06,N15_M01_F10_KA06_18.mat,0.903696890899228,0.816668070620931,3.59199676276289,2.0138469271587,-0.000361556137194557,-1.49138836789649,18262.0345805216,80164.1173829593,78157.8957237862,0.915847636939347,0.838776894087385,3.42806670916029,1.98921908944416,-0.0115950015608148,-1.48370117339096,19255.4114447943,81236.6280421214,80281.2616206333,2
KA06,N15_M01_F10_KA06_19.mat,0.909649188693499,0.827461646490741,3.58579772712246,2.00965107261648,-0.0021714317407765,-1.48869223349515,18245.2723881499,78899.0493363663,79825.2534562605,0.921203836982586,0.848616509271438,3.43702087175203,1.99086613830674,-0.0132495931514787,-1.48450997745158,19438.6549383256,79942.4997319688,81873.1310110208,2
KA06,N15_M01_F10_KA06_2.mat,0.93190026090349,0.868438096271993,3.64158904788637,1.96731410766621,0.00241204112839068,-1.48900169082941,18007.608249513,83904.9674332114,83614.2331249805,0.942571086982366,0.888440254015118,3.52380737071811,1.96811077465265,0.00479928388533315,-1.48217010406995,19676.5325993012,84880.0326948263,85600.8273170871,2
KA06,N15_M01_F10_KA06_20.mat,0.905915362273275,0.820682643602718,3.50658782727246,1.9481614917461,-0.0010236309070748,-1.48673454072728,17652.8732564613,81671.4662939518,78798.7973875349,0.915081741351847,0.837374593355529,3.44253112565464,1.95793708319189,0.00857017081269522,-1.48118618372495,19922.2857906671,82485.1545600139,80410.3737847807,2
KA06,N15_M01_F10_KA06_3.mat,0.929899403823378,0.864712901231075,3.67465057130202,1.98648372998737,0.00301077364655246,-1.49120944515614,18157.2571025635,83784.4529939017,83035.0885240555,0.942316225414669,0.887959868679749,3.61817046880028,2.09059983660317,0.000594291221277011,-1.48323687604007,19520.3031255275,84884.6555824892,85264.9513755934,2
KA06,N15_M01_F10_KA06_4.mat,0.914899252448259,0.837040642130383,3.60095092535463,1.97907385521234,0.0190251029123137,-1.4844017575621,18157.7461375974,79342.2690710368,80808.2498997326,0.92355522357244,0.852954250987939,3.45630676041116,1.95298313051746,-0.017184030888663,-1.4877151428572,20104.9589729194,80036.7840310992,82287.3131599581,2
KA06,N15_M01_F10_KA06_5.mat,0.907930861071194,0.824338448485479,3.68773742432072,2.03813847489622,0.021268496744035,-1.48449825014834,18413.3337546159,81486.5037919666,79160.5150812053,0.918290767021474,0.843257932796886,3.47697021254594,2.00798120535126,-0.0100739815418822,-1.48882824707027,19883.3758215155,82388.4594943755,80939.5654121896,2
KA06,N15_M01_F10_KA06_6.mat,0.912051562559106,0.831838052766507,3.60646117925724,2.01272807687959,0.00677142742624327,-1.4941601971711,18306.5023295156,80541.4768576473,79672.0533760963,0.924725455449746,0.85511716795674,3.52656249766942,2.08197039477348,-0.00345916040889801,-1.48268153550918,19351.0797842697,81663.8425842666,81897.6962896628,2
KA06,N15_M01_F10_KA06_7.mat,0.903068757204531,0.815533180238937,3.57202209236594,2.01010015738786,-0.00799879053856562,-1.48380954429559,18130.0157848325,79427.3058567359,77774.8203386585,0.912449695261896,0.832564446383528,3.50107757336985,2.03485440649125,-0.00185685843507813,-1.48632201332147,19922.0150994441,80184.68469714,79308.8037797944,2
KA06,N15_M01_F10_KA06_8.mat,0.906963479608557,0.822582753343661,3.61266021489768,2.0142297971435,0.00809655524154423,-1.49177847871711,18347.5599201257,80883.413887399,79017.8342916363,0.919426124283774,0.845344398015481,3.60439483404376,1.99945322683498,-0.00276042037777873,-1.4830346475631,19437.4984737877,82027.7413741794,81288.8334922364,2
KA06,N15_M01_F10_KA06_9.mat,0.904291012357201,0.817742235030012,3.57546600105507,2.02201765141636,-0.00822532206442632,-1.48737156307228,18291.373927426,77410.1632408665,78317.4080047179,0.915417509379335,0.837989216478265,3.69600280517463,2.18020205782821,-0.0104414629738821,-1.48650417523212,19499.1492607953,78372.1485728312,80330.4096958638,2
KA07,N15_M01_F10_KA07_1.mat,0.930169986424021,0.865216203644063,3.67465057130202,2.03495750469071,-0.0204913193440253,-1.48552435855369,17290.6518947012,83634.7261838558,83318.3922799443,0.939483152894661,0.882628594572893,3.4494189430329,1.90861904356701,0.0167509350241684,-1.49112727279257,19555.0852257242,84382.8285552169,84854.1333307259,2
KA07,N15_M01_F10_KA07_10.mat,0.888916962345421,0.790173365945411,3.5789099097442,2.01335093968969,-0.00412781747661152,-1.49153470472079,17325.6785124148,79416.6893008909,76055.3727358103,0.902013576721749,0.813628492590362,3.54515960459072,2.01919840504941,0.0228600945285692,-1.48252797144647,19072.454484466,80569.7618597276,78353.31228009,2
KA07,N15_M01_F10_KA07_11.mat,0.890222561806014,0.792496209548462,3.63056854008115,2.04633698002787,-0.00598724027890181,-1.49182504004833,18751.1846409283,80558.2313800232,82526.4190667199,0.90314895904145,0.815678042217654,3.44390868913029,1.97559539108129,0.0257785433608191,-1.48241346149337,20714.8311197331,81735.411194896,84906.8713837042,2
KA07,N15_M01_F10_KA07_12.mat,0.888168208182916,0.788842766026851,3.53827178721246,2.00366536954157,0.0106841807913064,-1.48498122494906,17256.3774266452,78367.5896329328,75818.0588856202,0.897581694320459,0.805652897979187,3.4811029029729,2.04553913613719,0.0123871487426618,-1.4869691724264,19705.4345698021,79144.5650136905,77391.0468652653,2
KA07,N15_M01_F10_KA07_13.mat,0.882952417510956,0.779604971588441,3.49212341077811,2.06755830396537,-0.00731099137225376,-1.49275968457271,17313.0187040736,78958.1989186857,74757.0043128453,0.895410758083447,0.801760425691573,3.50796539074811,2.01678176893067,0.0115249386250394,-1.48192956572726,19092.1860149095,80061.9487033344,76922.6403237733,2
KA07,N15_M01_F10_KA07_14.mat,0.885490318544742,0.784093104236469,3.50314391858333,2.00207112010302,-0.0165917239185294,-1.48727002270581,16879.8238944844,79456.7688868449,75478.2536470152,0.893910210489633,0.799075464417619,3.37985198751247,1.96442008843032,0.0318128314516815,-1.48318394385168,19587.4621000924,80180.4467172167,76969.3472715365,2
KA07,N15_M01_F10_KA07_15.mat,0.881013105964853,0.776184092881837,3.49143462904029,2.02753074057277,-0.0026629690112181,-1.48783341714945,16927.8884617133,78021.6253498151,74674.0614586131,0.890837880221099,0.79359212883682,3.57477721931724,2.1701319015683,0.0028561168113607,-1.47964443849967,19399.0059063693,78857.1233363253,76385.3117919631,2
KA07,N15_M01_F10_KA07_16.mat,0.881252493328537,0.776605956997763,3.53069518809637,2.05171701163651,-0.0179860305283737,-1.48969386172269,17414.7290369531,79170.1985369079,74308.3651058048,0.893089357342367,0.797608600198201,3.33370361107812,1.9874428354904,0.01642540863852,-1.4856694467924,19238.908234356,80232.8958138529,76391.0559574761,2
KA07,N15_M01_F10_KA07_17.mat,0.879735515736586,0.773934577648318,3.5286288428829,2.09221743358939,-0.0136240359555239,-1.49281447285047,17348.5295353489,76779.8228135467,74229.4868987267,0.89197917882651,0.795626855460014,3.32130553979725,1.99783417136907,0.015241661889475,-1.48325693778201,18988.7227325072,77843.2625841446,76366.404884999,2
KA07,N15_M01_F10_KA07_18.mat,0.885299235684915,0.783754736704294,3.52656249766942,1.99334665471538,0.000368855887298366,-1.48685785692931,16941.6764945411,79088.4649945772,75212.3153826392,0.894035807554604,0.799300025189813,3.40602569354986,1.98839350651095,0.00247798816415914,-1.47982513435459,19703.0307215371,79805.6944597472,76629.4449565948,2
KA07,N15_M01_F10_KA07_19.mat,0.889010442611608,0.790339567072488,3.55066985849333,2.02117398067724,-0.0185677513994655,-1.48704116792547,16965.660563434,79890.6341188917,75992.273125169,0.897511143348149,0.805526252434102,3.32543823022421,1.91220836632102,0.0311676855473593,-1.48532972210223,19727.3502271362,80604.5198083094,77426.1169538218,2
KA07,N15_M01_F10_KA07_2.mat,0.924693489729975,0.855058049948999,3.65398711916724,2.01128486873916,0.0099559419873114,-1.48588254778346,17408.2117841498,83106.6711271933,81892.8153961623,0.934436475533485,0.873171526807441,3.54860351327985,2.02725028968696,0.0144385329159067,-1.48864900581634,19587.4255946603,83958.3780633519,83670.2453214935,2
KA07,N15_M01_F10_KA07_20.mat,0.885798110751922,0.784638293011675,3.50245513684551,1.99343031656155,-0.00406832724591297,-1.4889597684069,17035.6690280484,76505.6254323176,75021.0427519202,0.897165391485034,0.804905739678494,3.43151061784942,2.00539554007613,0.00553944638915499,-1.48068704385509,19307.1410196503,77410.4327090502,76845.7618762092,2
KA07,N15_M01_F10_KA07_3.mat,0.913053520331345,0.833666730989461,3.56857818367681,2.01817887817104,-0.0200029550118116,-1.4869817774118,17422.858039023,81278.35956058,79727.8368686656,0.923741610602946,0.853298563159325,3.37916320577464,1.91981473799344,0.0164300803900241,-1.48895308578008,19488.601946044,82228.9297429916,81718.3884717304,2
KA07,N15_M01_F10_KA07_4.mat,0.907346760369311,0.823278143552683,3.62712463139202,2.04168294887241,-0.00950500136812188,-1.48933822154347,17030.6064822753,80612.044410148,78808.7912886936,0.918563119258239,0.843758204061425,3.4652609230029,1.97749376841772,0.0304218430704998,-1.4804245324158,19313.7113086474,81557.5715231238,80719.2486516543,2
KA07,N15_M01_F10_KA07_5.mat,0.893195578160521,0.797798340845508,3.60714996099507,2.05247526348175,0.00729440393730173,-1.48557793642583,17187.7299947447,79176.6489092647,76546.6245724441,0.902063774465019,0.813719053202076,3.48041412123507,2.07672166321709,0.00777314106555261,-1.48542549837817,19747.2140036734,79906.4343418098,78018.1341094235,2
KA07,N15_M01_F10_KA07_6.mat,0.893141635549824,0.797701981152615,3.51003173596159,1.9742987201858,0.00126166091919252,-1.48740529226218,16925.1636411585,80562.4371507159,76684.3202133766,0.901892395516805,0.813409893091042,3.4204901100442,2.00145766546328,0.000842416724940583,-1.4797471793202,19724.5689264789,81307.1469862592,78179.1228013988,2
KA07,N15_M01_F10_KA07_7.mat,0.895393342460681,0.80172923772291,3.6133489966355,2.02789533816115,0.00623775319177508,-1.48643719577873,17121.6241674569,80072.7556601288,77273.1163558885,0.904462412054708,0.81805225481982,3.48867950208898,2.06782490856774,0.00710853217777188,-1.48393859651549,19743.3774893937,80803.8106790301,78743.2586875671,2
KA07,N15_M01_F10_KA07_8.mat,0.892888132372139,0.797249216931006,3.60370605230594,2.03452429705529,0.00635025488210094,-1.48620155749475,17217.3551860704,79324.2921703021,76476.9453098179,0.902065045251447,0.813721345864496,3.5816650366955,2.07397655601438,0.00889581509815571,-1.48429581471608,19731.4092179172,80071.6574389832,77982.5112857691,2
KA07,N15_M01_F10_KA07_9.mat,0.888662083929516,0.78972029941395,3.52931762462072,1.9957365869767,-0.0105224851544767,-1.48801481522229,16883.634235058,78196.9312854795,75594.6560639671,0.899301984422003,0.808744059185353,3.41429107440377,1.98206033550422,0.033581051327769,-1.47979963645347,19397.6972210675,79082.7746306779,77378.8055037252,2
KA08,N15_M01_F10_KA08_1.mat,0.908479845482459,0.825335629647833,3.62161437748941,2.00016152468085,0.0126706618365659,-1.48613764993519,16675.9851382104,81404.7713933562,79350.5143463062,0.917564260532483,0.841924172206522,3.42255645525768,1.99727694576409,-0.0212816445936141,-1.48202450695531,19582.9361152932,82164.7328987948,80898.6801074029,2
KA08,N15_M01_F10_KA08_10.mat,0.885266921505929,0.783697522312584,3.56788940193898,2.06389616283596,0.00314886316799254,-1.49101122767651,17057.6273898503,78539.8695792289,75399.7694102959,0.897416034782445,0.805355539484646,3.35367828147508,1.98357714952095,-0.0121951293625665,-1.48404821593719,18910.188527542,79603.9960037975,77505.9377864921,2
KA08,N15_M01_F10_KA08_11.mat,0.888865754755361,0.790082329976818,3.48867950208898,1.99594906329604,0.0169810052355911,-1.4863466989446,16805.4003389305,79778.7233346799,75950.3373976669,0.898043428832256,0.806482000068795,3.46319457778942,2.03502186764594,-0.0179122737341471,-1.48417122298189,19555.7698747716,80544.0342250448,77445.4849423666,2
KA08,N15_M01_F10_KA08_12.mat,0.89805559841295,0.806503857840841,3.60232848883028,2.06043185801133,-0.001461260316518,-1.48968679812938,17058.363697528,79200.9962698177,77471.3338296897,0.909591107346429,0.827355982563702,3.44873016129507,2.00894176565975,-0.00927054910278242,-1.48599802652455,19061.7205098637,80219.0885778737,79532.1481538471,2
KA08,N15_M01_F10_KA08_13.mat,0.886309748828597,0.785544970868611,3.56513427498768,2.06051596798573,0.00466430357509011,-1.49260177367374,17115.0607662771,78203.8996076995,75265.8061706709,0.898951194317753,0.808113249765314,3.3488568093103,1.96523107807344,0.00163907623398363,-1.48313275303013,18890.3130417153,79312.5008937266,77501.8348567811,2
KA08,N15_M01_F10_KA08_14.mat,0.885673533571982,0.78441760806988,3.5444708228529,2.04141229891671,-0.00526359896003083,-1.48563611475955,16784.1961931315,79607.5066166567,75565.7621265408,0.894438269544963,0.800019818026588,3.33025970238899,1.94234707224927,0.00533707947079677,-1.48541219595622,19526.5269573104,80350.6874154358,77029.9114849614,2
KA08,N15_M01_F10_KA08_15.mat,0.882913093965739,0.779535531496153,3.56375671151202,2.05105043871698,0.016369349690762,-1.4856986370687,16871.7059129223,79093.7107234064,75096.8089021379,0.891864031297157,0.795421450321616,3.42944427263594,2.02779619181691,-0.0175638730188708,-1.48404452845467,19532.9512245792,79841.5283336555,76579.022182535,2
KA08,N15_M01_F10_KA08_16.mat,0.882573847830403,0.778936596874163,3.53827178721246,2.08103913514839,0.0222135320730973,-1.48430131642099,17149.2381161081,77227.7141583222,74737.4227730433,0.892555811748625,0.796655877086248,3.45768432388681,2.1086083999349,-0.00992873426677184,-1.48871493018088,19506.5998128534,78051.706004399,76420.0740587187,2
KA08,N15_M01_F10_KA08_17.mat,0.884459391366923,0.782268414977148,3.56100158456072,2.07936409677388,0.0183667075508111,-1.48816354093576,17241.2070088696,78924.9434461321,75173.4962855415,0.896440964445161,0.803606402735371,3.39844909443377,1.98327789280623,-0.00332628346395409,-1.48670054959515,19239.0611439018,79939.9737536663,77162.9907842764,2
KA08,N15_M01_F10_KA08_18.mat,0.885186270043035,0.783554732672701,3.51691955333985,2.00666404473549,0.00893985679637952,-1.48741178525886,16847.9250346422,78133.2795605426,75178.1350587924,0.896332251525709,0.803411505125147,3.4335769630629,2.03394440250018,-0.018141949294765,-1.48176062235106,19201.7174644221,79094.0041583597,77102.870920099,2
KA08,N15_M01_F10_KA08_19.mat,0.884133403868738,0.781691875836521,3.57546600105507,2.05264247760223,0.00526568458499061,-1.4925886126455,17054.8047622886,77377.220541465,75215.1179834031,0.896963621634053,0.804543738534876,3.45768432388681,2.10044195008026,0.00242023102640894,-1.48353316138144,18902.377742635,78471.2158050871,77402.3545276954,2
KA08,N15_M01_F10_KA08_2.mat,0.898494852238516,0.807292999499112,3.60577239751941,2.02252231277662,0.0132209026046412,-1.4868873964117,16716.2547625124,79481.9118313342,77792.1615278426,0.907605747200403,0.823748192351201,3.57477721931724,2.12759268928486,-0.0222457480136806,-1.4820749628097,19564.4347490334,80275.8371934438,79449.7161432513,2
KA08,N15_M01_F10_KA08_20.mat,0.889551788974205,0.791302385267208,3.56169036629855,2.05124424309807,-0.0053884996210856,-1.49009888050958,17208.6131682539,79425.4228257577,75850.4031010957,0.900766664586416,0.811380584030136,3.42944427263594,2.07504088298841,-0.00723254584389744,-1.48565477489414,19036.4139800342,80434.8179637234,77854.4907944661,2
KA08,N15_M01_F10_KA08_3.mat,0.900430143133316,0.810774442663085,3.60163970709246,2.02487296321043,0.00200698487421252,-1.49033564992531,16760.011688753,81019.2616869029,77829.4486842049,0.911399883852455,0.830649748286268,3.5313839698342,2.05455456050047,0.00730439104141896,-1.48185195171022,19172.96564834,81999.706765755,79787.2859039919,2
KA08,N15_M01_F10_KA08_4.mat,0.901767614057208,0.81318482976243,3.58855285407376,2.04814285225073,-0.00736477217934552,-1.4875137200572,17048.4672815189,79823.7732664414,78050.6390345814,0.911760128194932,0.831306531366039,3.45355163345986,2.03831455093373,-0.00390255264574616,-1.48799693021734,19289.0591214688,80658.9962152782,79702.4180131979,2
KA08,N15_M01_F10_KA08_5.mat,0.899044130153247,0.808280347963008,3.57064452889029,1.99745767427059,-0.00293973660130733,-1.48737199552866,16626.045707091,80167.8307657859,77546.703475518,0.907350884001515,0.82328562669833,3.43151061784942,1.94447648704354,0.009275674502285,-1.483034831435,19515.449280621,80834.2468963578,78909.0953379601,2
KA08,N15_M01_F10_KA08_6.mat,0.89549040968183,0.801903073832133,3.55135864023116,2.01396245187624,0.00738947079511874,-1.49147160611913,16936.0484589614,80690.0014964587,76983.7592560721,0.907537099523544,0.823623587011606,3.60577239751941,2.05492053856634,-0.0148981130429737,-1.48362199856546,18979.2554275208,81750.6597348298,79070.443152348,2
KA08,N15_M01_F10_KA08_7.mat,0.895674685439771,0.802233142137633,3.51760833507768,2.00567317351369,0.00994721382954528,-1.487658307767,16703.5997756433,79530.3392579622,77142.8777138156,0.906176884890903,0.821156546710581,3.38742858662855,1.99169791335938,-0.0215695072978897,-1.48068114437647,19200.0306379461,80468.3353989617,79055.3843316719,2
KA08,N15_M01_F10_KA08_8.mat,0.895025302177931,0.801070291538697,3.58304260017115,2.06815249747606,0.0220385554907199,-1.48533707518607,17171.2316057786,80037.4837650202,76844.4503132426,0.904979229962162,0.818987406662908,3.68911498779637,2.10858830047074,-0.00758704698148988,-1.48893471226831,19470.8251781725,80882.1745707441,78527.4659041694,2
KA08,N15_M01_F10_KA08_9.mat,0.896977388548553,0.804568435567382,3.57684356453072,2.02114267807464,-0.000353730038894886,-1.48800819456841,16686.2955120439,80017.1796502869,77332.6586211123,0.907164262690541,0.822946999502873,3.36469878928029,1.94708597086766,0.00908626636307211,-1.48144086958596,19371.6633377228,80891.6666796756,79093.8073153591,2
KA09,N15_M01_F10_KA09_1.mat,0.907726474797255,0.823967353047852,3.58373138190898,1.99556013486877,0.0143791040983379,-1.48553745607771,17014.6122815413,75195.761508974,79504.5306999215,0.916235795259961,0.839488032515652,3.51003173596159,2.07346796568657,-0.0141885729286209,-1.48671826901973,19732.3018790495,75828.7306049539,80949.0114810498,2
KA09,N15_M01_F10_KA09_10.mat,0.909439028980837,0.827079347433608,3.55755767587159,1.99091018053037,0.0105639038232074,-1.4903393182278,17270.7950059814,74315.17484206,79482.5038517842,0.920772261833048,0.847821558161148,3.50727660901029,1.993277591163,-0.00465644984252881,-1.48569083918829,19305.6105466288,75257.0007946847,81445.8626507506,2
KA09,N15_M01_F10_KA09_11.mat,0.903510317673228,0.816330894141977,3.54791473154203,1.96798607800819,-0.00843652555653788,-1.48711658587621,16791.4952132073,78186.9585070046,77757.0694383498,0.912295736323664,0.832283510514336,3.48730193861333,1.98394424023745,0.00927185692749598,-1.48436437231964,19622.2366236901,78863.5823741896,79197.0340554693,2
KA09,N15_M01_F10_KA09_12.mat,0.91062788462343,0.829243144253742,3.57202209236594,1.96652286042055,0.00632350211771582,-1.48985908532736,16979.1000727025,75557.6303431552,80267.1444155834,0.921155398322136,0.848527267858014,3.43908721696551,2.00522757899714,-0.0143746107199447,-1.48307138828733,19352.0578543374,76470.5490930554,82262.2082520149,2
KA09,N15_M01_F10_KA09_13.mat,0.919772562027579,0.845981565858776,3.6133489966355,2.00287761790505,0.0129754312015431,-1.486189840644,16905.7937211274,79105.2700094936,81307.8633021084,0.928864235627281,0.862788768227453,3.62574706791637,1.97652669192101,-0.0144649322223691,-1.48711363753997,19631.22178146,79800.3860950847,82877.3981782415,2
KA09,N15_M01_F10_KA09_14.mat,0.912818933765713,0.833238405841173,3.61541534184898,2.0085275140879,-0.00400922198353196,-1.48768787923338,17156.7182857809,70216.9956235999,80782.5810603693,0.923812805271749,0.853430099184059,3.48523559339985,2.01321866219206,-0.0083252257697644,-1.48420959295663,19316.2363824983,71113.7130052057,82709.0041274876,2
KA09,N15_M01_F10_KA09_15.mat,0.888063210289803,0.788656265470231,3.46663848647855,1.9622911533258,0.00813292762768939,-1.48575544610072,16782.9508757496,77649.4517286001,75602.6757691567,0.897642211685338,0.805761540199344,3.51760833507768,2.15190953678557,-0.0211698967038775,-1.48073854614708,19530.8704149492,78410.3972526736,77166.0438078233,2
KA09,N15_M01_F10_KA09_16.mat,0.901574094616201,0.812835848083022,3.5444708228529,2.03594102502691,-0.00431718364406169,-1.49079430283129,17171.9369182781,77158.2881735039,77566.8016395946,0.913146415405903,0.83383637596865,3.77796783197593,2.21504219964624,-0.00879368379610075,-1.4844020025699,19157.8572209208,78192.1450600415,79645.4220322784,2
KA09,N15_M01_F10_KA09_17.mat,0.906674007619675,0.822057756093123,3.54033813242594,2.01212193882192,-0.0112269747193923,-1.486712275298,17183.0538555267,78052.2106545844,79137.8481038508,0.917103310340623,0.841078481837729,3.52794006114507,2.06419692725497,-0.00486865808826809,-1.48809631310889,19346.2927511918,78895.2855587692,80910.7183277873,2
KA09,N15_M01_F10_KA09_18.mat,0.919871507391374,0.846163590110479,3.6608749365455,1.99457182147197,0.00512761183037906,-1.4898759215388,17048.945296045,75072.0180328865,81282.3401492367,0.930399185103642,0.865642643641522,3.56375671151202,2.05110755825341,-0.0129227471023278,-1.48310844477497,19399.0389678927,75822.9976419846,82993.0581495894,2
KA09,N15_M01_F10_KA09_19.mat,0.897598149483678,0.805682437956523,3.59681823492768,2.05703507287115,-0.00895581505898685,-1.48724654200723,17104.4624816772,70647.7796258946,76767.3071915748,0.908314136897375,0.825034571287623,3.42531158220899,1.97140244909548,-0.0015664020158879,-1.484960483114,19325.4378177339,71463.889903431,78628.6106633472,2
KA09,N15_M01_F10_KA09_2.mat,0.920047638952327,0.846487657941752,3.65674224611854,2.0399980835306,0.0122207187332359,-1.49038081677609,17292.7209950416,72451.6373215494,81470.4253260968,0.931267741994723,0.867259607279951,3.53964935068811,2.056630323253,-0.00488476116925434,-1.48705662175487,19346.562753633,73297.9334243334,83368.6578683435,2
KA09,N15_M01_F10_KA09_20.mat,0.91594247445223,0.838950616505675,3.6422778296242,2.00881144163322,0.00334515000895973,-1.4901706001113,17059.6145251639,75924.3071968188,80987.7903452086,0.926872598800894,0.859092814407924,3.53689422373681,1.95222011792281,0.00317398936207959,-1.48340057891228,19388.6659149211,76894.4330378987,83082.3626046093,2
KA09,N15_M01_F10_KA09_3.mat,0.916277535456372,0.839564521982004,3.60301727056811,2.00994047063003,-0.00117843929952437,-1.48597466067567,17053.3459225679,45852.7791888718,82099.7163369731,0.926450525226662,0.858310575692758,3.59061919928724,2.0875915483821,-0.00590489368047877,-1.4842471942275,19449.4681228277,46387.1404269288,83912.6676596165,2
KA09,N15_M01_F10_KA09_4.mat,0.909487371258204,0.827167278478159,3.61403777837333,1.99536924795365,-0.00765488117636207,-1.48659122615579,16908.0391495927,75700.9599472806,80199.1169754394,0.918992126526431,0.844546528617571,3.55962402108507,1.9643848219085,0.00517533786479426,-1.48437063022228,19551.1818996159,76373.6399153947,81844.9746871378,2
KA09,N15_M01_F10_KA09_5.mat,0.910825741373633,0.829603531148829,3.60508361578159,2.01272827192728,0.00774196402328991,-1.49241301899297,17251.6103682377,71858.8921757394,79900.885504416,0.923537238357832,0.852921030633611,3.42462280047116,1.94110758992675,-0.00060321360302809,-1.4846861803272,19160.7383949301,72849.6074033412,82011.418484936,2
KA09,N15_M01_F10_KA09_6.mat,0.922125215682331,0.850314913397185,3.60095092535463,1.95329627997923,-0.00455829036478406,-1.48893535498575,16852.6624754349,79766.3521858654,82456.3828763989,0.932774117234407,0.870067553782428,3.52518493419377,1.98025366394883,0.00912107816355846,-1.482020144625,19442.276552703,80632.3728623277,84362.7568262823,2
KA09,N15_M01_F10_KA09_7.mat,0.923203507215073,0.852304715734212,3.65123199221593,2.02246818733113,0.00317470338696331,-1.49120085905924,17045.0068420681,76104.8925723484,81196.3240550964,0.934953810418232,0.874138627615571,3.58924163581159,2.08235780590201,-0.014350938899334,-1.48229565997373,19206.6202128319,77077.2679269398,83243.7941508225,2
KA09,N15_M01_F10_KA09_8.mat,0.905661035381704,0.82022191100866,3.50658782727246,1.95122556911818,0.00541085688915734,-1.48889422847969,16837.2468513606,78787.0803909557,79143.0256755545,0.916621493197456,0.840194961791534,3.40395934833638,1.92132590862563,-0.018731431226643,-1.48130966454699,19337.1911893081,79755.6425758432,81167.5681809537,2
KA09,N15_M01_F10_KA09_9.mat,0.887403336624945,0.787484681853086,3.49556731946725,2.00575995567504,-0.0153296340431467,-1.48420869530233,17047.5140075938,78696.0126413749,75415.4683907631,0.896143691465364,0.80307351575317,3.38054076925029,2.00211587895724,-0.00101713281239584,-1.49065478182146,19533.311457428,79446.3878537415,76910.4368614472,2
KA15,N15_M01_F10_KA15_1.mat,0.998632333667178,0.997266537845554,3.7772790502381,1.89501819970544,0.00463478369252366,-1.4896205014222,17065.6048599378,89254.293015789,95760.497846155,1.00753977116895,1.01513639048719,3.71873260252289,1.8998462643506,-0.0147796907665177,-1.48397600163582,18963.7309759319,90036.5786173399,97511.9806176499,2
KA15,N15_M01_F10_KA15_10.mat,0.931665819632186,0.868001199470913,3.51209808117507,1.96316719557018,-0.013345030392722,-1.48975285216756,17577.8194656173,82388.8950611102,83333.690827744,0.942525738670895,0.888354768057116,3.4838580299242,1.9189615242792,-0.000955350613509475,-1.4895509860076,18621.3279311142,83320.1169324218,85239.6973801154,2
KA15,N15_M01_F10_KA15_11.mat,0.931560677659663,0.867805296161731,3.53345031504768,1.9279141540333,0.0080665476312716,-1.49288851047922,17748.2743486224,74236.6796016122,83380.1993791958,0.943689503610031,0.890549879223747,3.44046478044116,1.85647613550885,0.00195051511076043,-1.487136282432,18620.5110359732,75197.8467503315,85584.3090891921,2
KA15,N15_M01_F10_KA15_12.mat,0.941560269101172,0.886535740349871,3.71804382078506,2.00537850486459,-0.0119755082146238,-1.48820376001873,17024.5162741495,83365.2703163603,85178.3017997093,0.948809111375434,0.90023872982904,3.42806670916029,1.82484630970262,0.0126999579718243,-1.48826012672332,18885.041106294,83973.8159250894,86437.9987648628,2
KA15,N15_M01_F10_KA15_13.mat,0.934720965526886,0.873703283395514,3.62505828617854,1.94750377820782,0.0136904853376904,-1.48662470671971,17467.4821414715,83983.1325180058,83630.1754917536,0.944526772158741,0.892130823324611,3.49763366468072,1.92255304666344,-0.000402335114402094,-1.49274667328363,18726.8692680196,84882.7171701278,85462.7025608949,2
KA15,N15_M01_F10_KA15_14.mat,0.928842905249386,0.86274914263212,3.59268554450072,1.94495459563907,0.00131130001856693,-1.49009961322853,17257.0124834075,83245.6484049074,82787.1964689983,0.939762816170962,0.883154150657577,3.40395934833638,1.90659060859402,-0.0100664675442783,-1.48435509037447,18470.4282504278,84197.7031346072,84691.1232441016,2
KA15,N15_M01_F10_KA15_15.mat,0.937568919429925,0.879035478680998,3.7084008764555,2.00459579291356,0.0120579666236039,-1.48683896991531,17123.42877561,84185.5027353393,84475.1559743179,0.945195625533999,0.893394770528608,3.50658782727246,1.93739974994032,-0.00860698082792264,-1.48937762895469,18920.355634774,84862.8980480113,85883.9129396315,2
KA15,N15_M01_F10_KA15_16.mat,0.932756447221387,0.870034589833065,3.59544067145202,1.94243810127814,0.0124352135684757,-1.48664584917102,17524.0497192539,83395.387404714,83483.4991574388,0.94266955395787,0.888625887959129,3.52174102550464,1.93454887649713,-0.000529078305226809,-1.49204532255197,18871.6863171792,84247.1743119881,85201.8059523567,2
KA15,N15_M01_F10_KA15_17.mat,0.931098251288392,0.866943953552302,3.59130798102507,1.94886723213946,-0.0172095988462131,-1.48556366623299,17261.6004585631,82255.9586568396,83113.7236320746,0.938766900827319,0.88128329408893,3.38811736836638,1.81858052543318,0.00462406975254313,-1.49284354333663,18915.0575256467,82926.1835389011,84500.8654053481,2
KA15,N15_M01_F10_KA15_18.mat,0.922288658555961,0.850616369700953,3.59544067145202,1.97666641164564,-0.00715403593262191,-1.48872029397873,17060.5884625412,82788.9588337261,81720.2344570455,0.931347364055524,0.867407912533172,3.43839843522768,1.9281150499252,0.0147490979197427,-1.48423406731738,18830.5384961615,83578.5941573281,83308.5317951888,2
KA15,N15_M01_F10_KA15_19.mat,0.924972363173472,0.855573872634717,3.62299194096507,1.96417722828089,0.0037016644923506,-1.4878317736475,17060.9011694501,82896.1836731692,82128.4883659193,0.93436323199585,0.87303464930573,3.43219939958725,1.90033490290528,-0.0137163431263084,-1.48213289579534,18844.7632166111,83728.7858131328,83794.6279525801,2
KA15,N15_M01_F10_KA15_2.mat,0.981550400018366,0.963441187776214,3.66845153566159,1.88258546045967,0.0103979031234007,-1.4913791373567,17611.9547997622,88017.1605937287,92221.8164282448,0.992351420578911,0.984761341924983,3.62712463139202,1.88550925828832,0.00204532040912897,-1.49026272444731,18743.4372239412,89003.4660681987,94345.1133690325,2
KA15,N15_M01_F10_KA15_20.mat,0.928189071456764,0.86153495237177,3.61817046880028,1.97087125888147,-0.00738647260846317,-1.48847613678292,17110.4080456381,84028.26269807,83039.5145571861,0.936591789526536,0.877204180208519,3.50727660901029,1.97030708238338,0.0153497360941842,-1.48400659470794,18994.6386788534,84783.9531496903,84581.9258980633,2
KA15,N15_M01_F10_KA15_3.mat,0.971117602858007,0.943069398580682,3.58442016364681,1.84985935004369,-0.00276627066872346,-1.49535248782801,17497.1472821379,86313.5373958049,90491.2916874292,0.983382040382239,0.967040237346335,3.55893523934724,1.90946574335365,0.00817321821485844,-1.4865841451337,18381.6277536603,87392.4882525836,92812.5976387536,2
KA15,N15_M01_F10_KA15_4.mat,0.956750762750533,0.915372022023726,3.67051788087506,1.95823006595557,0.00531548293640956,-1.48890725775809,17064.7177090594,86380.7516287624,87955.159474611,0.965507543807449,0.932204817149093,3.55824645760942,1.94992837029223,-0.0147363086546076,-1.48318944964901,19017.6811831106,87149.1422420151,89559.9097086625,2
KA15,N15_M01_F10_KA15_5.mat,0.951890360254979,0.906095257946353,3.65260955569159,1.94855487537219,-0.000975436816250646,-1.49456975981753,17513.9528677591,85067.4696595941,86854.682462183,0.963321555462993,0.927988419219641,3.55135864023116,1.92013402322722,-0.00633944403545442,-1.48606801343715,18403.3133578941,86093.0115332159,88961.7800363823,2
KA15,N15_M01_F10_KA15_6.mat,0.947293941617054,0.897365811824375,3.68911498779637,1.95101100194825,-0.0045578258477783,-1.48948840920164,17034.5662884861,84238.3528207721,86059.0305391948,0.956880166571821,0.915619653178515,3.50589904553464,1.8850021737743,0.0153688435207431,-1.48241134223255,18822.3123758667,85058.775289207,87766.2255200779,2
KA15,N15_M01_F10_KA15_7.mat,0.948626886568365,0.89989296992039,3.54378204111507,1.93758978392361,-0.00441327751438817,-1.49463632599276,17577.6272955125,84305.2397562868,86289.9430075886,0.96005942753881,0.921714104406148,3.53689422373681,1.91935287075995,-0.0029133078399947,-1.48713555170726,18390.7720200117,85343.4764248851,88459.1355707077,2
KA15,N15_M01_F10_KA15_8.mat,0.942310538469711,0.887949150911076,3.59819579840333,1.96221312836033,-0.0137192409041456,-1.48847933386264,17428.4068647029,84577.7412557128,85157.2926976911,0.951813108682116,0.905948193859114,3.45630676041116,1.87009829119839,0.000369772984725903,-1.49089098088273,18700.3883653271,85434.2406960447,86919.7682024531,2
KA15,N15_M01_F10_KA15_9.mat,0.929806829206143,0.864540739638382,3.47559264907029,1.91603349421443,0.000662110649954028,-1.49261846464952,17488.1125320829,83481.6757551698,82989.3057294807,0.941140377102247,0.88574520941216,3.50038879163203,1.92845492385555,-0.00696051855638861,-1.48564345001816,18434.0164926394,84496.9338861464,84995.5213177457,2
KA16,N15_M01_F10_KA16_1.mat,0.910302096669338,0.828649907200593,3.71391113035811,2.05466088192559,-0.0129042188717075,-1.48601371130276,17061.9164337317,81282.9466196661,79322.0291521638,0.917485451592066,0.841779553883097,3.32061675805943,1.8232290806713,0.00949817551682053,-1.48880746337034,19100.2261641351,81870.6372034939,80495.4311755834,2
KA16,N15_M01_F10_KA16_10.mat,0.862605036186836,0.744087448454893,3.39362762226899,2.05161062085151,-0.00735610138736657,-1.49039466431096,17558.5115359426,76979.8746223428,71540.26643778,0.874246609434468,0.764307134107664,3.45355163345986,2.19905019888009,-0.00254526246982362,-1.48613450736885,18471.026801758,78012.4909907879,73475.5208462812,2
KA16,N15_M01_F10_KA16_11.mat,0.86324652675028,0.745194565946422,3.40464813007421,1.98148040572534,-0.00127263322344789,-1.49075889884645,17376.8150461945,77249.300670053,71490.0035729084,0.875367255159601,0.766267831405654,3.29031036159508,2.01564175826959,0.00801019051247125,-1.4836740851993,18390.9641901166,78286.3097856974,73423.5960102773,2
KA16,N15_M01_F10_KA16_12.mat,0.874944217071595,0.765527382987027,3.50865417248594,2.02115679575605,-0.0168660941486497,-1.48530263415647,17310.7347038309,77179.9594777901,73345.9872851409,0.882865965809426,0.77945231358461,3.27446838162508,1.93735603714597,0.00242806421490469,-1.49105448991346,18818.6680316918,77883.1663803041,74716.0554474277,2
KA16,N15_M01_F10_KA16_13.mat,0.87055983366443,0.75787442398984,3.5286288428829,2.04358945033469,-0.00341775429927531,-1.48756638201884,17073.3054397667,78030.7531501774,72690.0443659001,0.880587285513461,0.775433967407967,3.45837310562464,2.13798620094055,0.0154199966678259,-1.48167538735596,18658.9912053203,78937.4133573164,74419.2695396099,2
KA16,N15_M01_F10_KA16_14.mat,0.861520067848983,0.742216827306516,3.56169036629855,2.07077930435937,0.00961660892706548,-1.48413049900459,17103.6214791753,75439.0188854145,71578.4305729164,0.869811133515486,0.756571407987495,3.34541290062116,2.06064326836676,-0.0139365872414041,-1.48343896492799,19001.1118496254,76062.6576492476,72837.7771251946,2
KA16,N15_M01_F10_KA16_15.mat,0.853377136035265,0.728252536307751,3.37640807882334,1.98156424526301,0.0022208931443238,-1.49301657671897,17673.2439763575,71938.7819962372,70192.1855436411,0.865372846003846,0.748870162600797,3.3013308694003,2.01802358047598,0.00557619476741402,-1.4839274157809,18439.5935583706,72929.1578078732,72178.1508213221,2
KA16,N15_M01_F10_KA16_16.mat,0.849211132664932,0.721159547842056,3.4308218361116,2.04805457428812,0.00935399037731281,-1.48909069128058,17539.3813119562,75610.3541173666,69015.0622448946,0.860698328133054,0.740801612051034,3.33921386498073,2.02209321909252,0.000842682091038094,-1.48537775780469,18566.7908818949,76661.2836438378,70958.1504864182,2
KA16,N15_M01_F10_KA16_17.mat,0.85293621948999,0.727500194517876,3.39362762226899,1.9911207035041,0.013777430470434,-1.4854561331206,17514.9364480808,75375.989013535,70134.1618697315,0.863723424522056,0.746018154068108,3.49418975599159,2.07780530439584,0.000641372278990602,-1.48825206959859,18769.7541965801,76263.7616275105,71822.5422919726,2
KA16,N15_M01_F10_KA16_18.mat,0.854937653851643,0.730918391973353,3.43426574480073,2.02381384524057,0.000933294515636245,-1.49057502925845,17351.9011219556,75422.4783544092,70544.7076537389,0.865502969324823,0.749095389910085,3.29237670680856,2.00990205394085,-0.00774420918849996,-1.48331753238283,18368.8398319159,76389.1188668743,72369.0115144033,2
KA16,N15_M01_F10_KA16_19.mat,0.850363825307961,0.723118635392388,3.37503051534769,2.0236541212813,0.000446447854891534,-1.49083629843252,17369.4189078937,76685.5853347399,69352.9744720806,0.86137723755254,0.741970745373645,3.29788696071117,2.02844357134882,-0.00635084251557179,-1.48352259209296,18288.4383396594,77681.2092652827,71194.1295162066,2
KA16,N15_M01_F10_KA16_2.mat,0.894145823814594,0.79949675424508,3.51209808117507,1.97948239382725,0.0034740232732627,-1.48809756907975,17211.2009212429,79712.8466605442,76517.3398066326,0.904112667077441,0.817419714769884,3.3488568093103,1.93089934982181,-0.0126440742280866,-1.48285224650419,18694.6886964466,80569.5308381588,78172.543973519,2
KA16,N15_M01_F10_KA16_20.mat,0.849183259776832,0.721112208685207,3.39362762226899,2.01226671587702,-0.000301542117489302,-1.49047598311501,17423.0777603973,76114.0121359802,69397.7278795392,0.860213027193265,0.739966452153,3.17872772006726,1.96790408063344,-0.00636748844358363,-1.48395181920063,18285.4752006233,77119.5274308988,71235.4760000568,2
KA16,N15_M01_F10_KA16_3.mat,0.895048246281033,0.801111363170753,3.51829711681551,2.03039917060508,-0.012791729270789,-1.48813332634667,17479.8485287924,80690.5482380208,77077.9123282546,0.904869574938032,0.818788947648535,3.30959625025421,1.90215913429201,-0.000845771028581306,-1.48923008973735,18678.7805934298,81550.584518647,78737.9045534388,2
KA16,N15_M01_F10_KA16_4.mat,0.890949397842263,0.79379082951549,3.62230315922724,2.06412611564946,0.0124342886901076,-1.48506759720068,17137.2939519924,80044.6864725964,76310.5110897686,0.898400089905714,0.807122721542595,3.48316924818638,1.98073372252788,-0.00989988630516797,-1.48774618188506,19141.620569015,80681.8970783641,77583.3690027244,2
KA16,N15_M01_F10_KA16_5.mat,0.87356007530022,0.763107205158526,3.42117889178203,2.01335449052374,-0.0164099803651292,-1.4856602589189,18244.6765919466,81788.1602714133,76422.7224036927,0.883135864967571,0.779928955992019,3.30821868677856,2.00369251901071,0.00127565935525967,-1.48959252225201,19653.9701759152,82698.8935548634,78186.8659847473,2
KA16,N15_M01_F10_KA16_6.mat,0.878402133364316,0.771590307898981,3.58924163581159,2.07308922663937,0.0112943075810685,-1.48510813077521,17055.8207153519,78877.1901764194,74113.5107541493,0.886035761189034,0.785059370105831,3.48248046644855,2.12559891881237,-0.0125567939100473,-1.48481422087093,19066.5054765964,79502.4235305247,75341.8024088842,2
KA16,N15_M01_F10_KA16_7.mat,0.873668951175755,0.763297436248543,3.44253112565464,1.98136017758235,0.0154324378155373,-1.48505132998059,17496.6293182711,78033.5609866991,73401.4090749632,0.883444742595287,0.780474613219253,3.36538757101812,1.96838788649438,-0.000323649364531088,-1.48938744657889,18883.4582858604,78882.004587245,75030.7957774398,2
KA16,N15_M01_F10_KA16_8.mat,0.874296599954239,0.764394544691543,3.46319457778942,1.98289695977578,0.00716587650133133,-1.49250652310185,17591.1859640216,78533.1267004399,73441.778337919,0.886290393200384,0.785510661079291,3.44046478044116,2.04671589814491,0.00289312101963875,-1.48508960942612,18451.4922628915,79604.9135343078,75504.7833695716,2
KA16,N15_M01_F10_KA16_9.mat,0.865121679593788,0.748435520503176,3.40878082050116,1.97548145683713,0.00140968901447326,-1.49193071503565,17495.6002783548,73294.1126728384,71901.9122106184,0.876890558817306,0.768937052142927,3.31304015894334,1.98180692256728,0.00680394252327175,-1.48383744868862,18415.0088718023,74331.0428282196,73911.0665691967,2
KA22,N15_M01_F10_KA22_1.mat,0.914866749856535,0.83698116999306,3.53207275157203,1.97985870426218,0.00455463714713694,-1.49306458197093,17611.9541109805,81085.7767281908,80238.7341565799,0.92629358804971,0.858019811262005,3.53758300547464,1.98816412384105,-0.00994087503882538,-1.4850504793768,18671.1957289328,82097.5352411815,82225.5030076493,2
KA22,N15_M01_F10_KA22_10.mat,0.876393220182879,0.768065076382516,3.47903655775942,2.01479370560609,-0.0111408902892995,-1.48417719734842,17405.2024967373,78337.7336836592,73659.38540394,0.885005751767031,0.783235180660728,3.25931518339291,1.89655991319838,-0.000810224868367955,-1.49133474649654,19127.3641646055,79093.8827844581,75129.6147702023,2
KA22,N15_M01_F10_KA22_11.mat,0.880402100363795,0.775107858324981,3.62712463139202,2.06175849640266,0.0183723580772507,-1.4852302066934,17220.4374843472,79229.183963064,74429.5437424217,0.888612264671129,0.789631756923953,3.36952026144508,1.98054254533525,-0.0158911823601941,-1.48715048137338,19316.3348782868,79944.2955603015,75835.6046459013,2
KA22,N15_M01_F10_KA22_12.mat,0.873265061363019,0.762591867397357,3.62574706791637,2.11538736371574,0.0153601346203293,-1.48584074899651,17101.1900796408,78088.2118155677,73179.9479439594,0.880528902799706,0.775331148665653,3.51003173596159,2.18216867933534,-0.0178134339343125,-1.48424188265785,19243.1284000637,78749.4417119897,74467.4199037625,2
KA22,N15_M01_F10_KA22_13.mat,0.874605248980347,0.764934341543975,3.57202209236594,2.04854553035452,0.0116087714525402,-1.4849411009464,17072.2564251799,77967.9166812649,73536.3003733507,0.883310410352141,0.780237281036467,3.44597503434377,2.00477332612189,-0.020831182379071,-1.4814722017095,19121.6982460301,78711.6888469669,75000.7515449678,2
KA22,N15_M01_F10_KA22_14.mat,0.868899919500662,0.754987070108256,3.39362762226899,2.01262249679055,-0.00160607032100997,-1.49199787965964,17613.8888988821,77461.6122995585,72522.2698503345,0.880441244717211,0.775176785399191,3.38673980489073,2.08564591483,-0.00617824689129515,-1.48440005757538,18565.4746199939,78478.6660219029,74438.3250431817,2
KA22,N15_M01_F10_KA22_15.mat,0.870742920361464,0.75819323335961,3.48730193861333,2.01178962345599,0.00321583668574542,-1.48924545359856,17334.6560935856,77828.5339047908,72789.5539044678,0.882137147983298,0.778165947852106,3.30959625025421,1.93352547480335,0.00617293291063553,-1.48224962627808,18660.6015770233,78848.636674178,74749.9736958267,2
KA22,N15_M01_F10_KA22_16.mat,0.869100352682813,0.755335423033391,3.49074584730246,2.01409234214926,-0.0118758074773938,-1.48413661698842,17589.2697732269,76922.5511638432,73282.2026303019,0.877364597531275,0.769768637001217,3.15117645055422,1.84417447443244,-0.000512706720700935,-1.49142795067117,19345.5826172201,77676.4696867169,74779.4700353629,2
KA22,N15_M01_F10_KA22_17.mat,0.867721140171046,0.75293997709974,3.46663848647855,2.0268620257651,0.00217804029306738,-1.48878453516116,17237.1060024026,77875.7438715398,72200.9472784445,0.878562192669277,0.771871526387849,3.25587127470378,1.93216111015562,0.00837660530879276,-1.48221586351623,18696.9775181614,78832.9066005487,74018.5217346513,2
KA22,N15_M01_F10_KA22_18.mat,0.869100928374025,0.755336423700593,3.53069518809637,2.0502872782648,0.0213495783664094,-1.4822265790945,17386.7624320522,77876.6246320248,72557.1765989903,0.877811135299112,0.770552389255115,3.55411376718246,2.04422827577931,-0.0113854262825472,-1.48927358472314,19271.7748325398,78631.1579989561,74012.6705388733,2
KA22,N15_M01_F10_KA22_19.mat,0.872987087876212,0.762106455598589,3.49350097425377,2.01503934056942,0.0221031996821333,-1.48293678180236,17418.5014945312,78214.4896975467,73283.1172343286,0.881745230456553,0.77747465143288,3.34541290062116,1.99674398124703,-0.00945725363631763,-1.49051784337354,19211.8976585071,78954.8158484414,74692.6233732716,2
KA22,N15_M01_F10_KA22_2.mat,0.908637377698759,0.825621884151277,3.50038879163203,1.97664024978401,0.00277809127116995,-1.49355891949946,17670.1561678268,81759.0736047864,79247.3957832471,0.92018353720318,0.846737742139756,3.37847442403682,1.94901798464722,-0.00862440341498192,-1.48538104901689,18564.8347417595,82777.4273467068,81251.2145401782,2
KA22,N15_M01_F10_KA22_20.mat,0.868059280184374,0.753526913914213,3.41566863787942,1.97502679188661,0.00377011859725233,-1.49123196646239,17546.7629858405,77697.7664551122,72423.2547440153,0.880026127625206,0.774445985303015,3.26413665555769,1.95582904150059,0.00395705684641118,-1.48372379060986,18519.8201000656,78764.2244714478,74453.0345374544,2
KA22,N15_M01_F10_KA22_3.mat,0.903916336711471,0.817064743773886,3.68498229736941,2.08014154689843,-0.00554947789839212,-1.48674385436646,17147.2186080528,80811.0931803962,78435.4150315604,0.910890359977992,0.829721247900836,3.3516119362616,1.88249663425252,0.00878617898076288,-1.48593275180989,19278.3354785926,81403.5221262314,79641.5715781501,2
KA22,N15_M01_F10_KA22_4.mat,0.888869926600886,0.790089746415464,3.49901122815638,1.97056759049741,0.0040550684746138,-1.49258934619927,19009.4185573836,82928.7038182464,82110.8600629546,0.900409597258001,0.810737442834315,3.45148528824638,2.00665435833316,0.00307468718663907,-1.48362948562563,20148.6332453515,83985.4741396618,84318.7442951409,2
KA22,N15_M01_F10_KA22_5.mat,0.889027455732094,0.79036981704548,3.67602813477767,2.0680881733524,0.000546625480202817,-1.48703159466862,17065.6709829846,79281.6672788842,75794.8648835837,0.897902580339954,0.806229043781148,3.33025970238899,1.93990576131894,0.0115296314889407,-1.48141718475886,19078.3910942643,80050.9992542201,77328.3305898261,2
KA22,N15_M01_F10_KA22_6.mat,0.888791675513004,0.789950642461213,3.61128265142202,2.0596052998881,-0.00862123370178976,-1.48643878285981,17190.5939492106,79362.242855877,75886.116281976,0.895674412443093,0.802232653105279,3.3199279763216,1.93489622736646,0.00572107740686307,-1.48835046457508,19212.0822520129,79974.0612736088,77129.8580418808,2
KA22,N15_M01_F10_KA22_7.mat,0.885064753871558,0.783339618545721,3.64572173831333,2.08795776498162,0.017220602450884,-1.48559333700492,17140.8893926639,79101.3879657556,75151.8963908961,0.892599354704135,0.796733608018239,3.42117889178203,2.01581026505004,-0.0163896938263982,-1.48680685921748,19239.3111716726,79761.5701523657,76458.4346248718,2
KA22,N15_M01_F10_KA22_8.mat,0.879632510719304,0.773753353914346,3.44528625260594,2.02082099071104,-0.00979476758137296,-1.48680486710824,17565.517134998,78683.8226646259,74232.4564610536,0.889511429128734,0.791230582550643,3.23727416778247,1.86034329741007,-0.00473017015298922,-1.4887637685604,18853.3082428506,79571.4825746412,75937.4051075032,2
KA22,N15_M01_F10_KA22_9.mat,0.876476157154889,0.768210454061002,3.45768432388681,2.01775894475466,0.00498461465670488,-1.49120134168319,17535.4876287923,78329.3041006958,73906.7288920545,0.887863221935913,0.78830110086642,3.36194366232899,2.07188794608435,-0.010379251704252,-1.48432405381995,18490.4862634151,79340.0881942849,75836.9117013941,2
KA30,N15_M01_F10_KA30_1.mat,0.925573012021386,0.856685400582341,3.70289062255289,2.08175316753758,-0.00863511725086961,-1.48584656323894,17703.7328999824,81979.5391472722,82321.0895051891,0.936442442266322,0.876924447677713,3.97151550030505,2.1823732110296,-0.00118455624988309,-1.48398367860996,20986.8296504372,82841.1382904036,84169.2129304784,2
KA30,N15_M01_F10_KA30_10.mat,0.902210758890928,0.813984253458544,3.6291909766055,2.04431286123087,-0.00115768947214512,-1.49117756636877,19000.7826119548,86624.0229547127,83665.1292515654,0.91539112353379,0.837940909044454,3.7931210302081,2.18471957593401,-0.00524555639850162,-1.47870428710825,22032.8487253685,87833.2191642167,86173.0766865531,2
KA30,N15_M01_F10_KA30_11.mat,0.895799836788392,0.802457347590109,3.62850219486768,2.04716692932314,0.00614013143985415,-1.48949583842085,17590.3043233972,77442.9824563512,76837.2230139487,0.908210838982162,0.824846928044683,4.10376159396766,2.31329700468973,-0.00921259586295802,-1.4769629487196,20516.05008776,78441.9596769625,78917.0000327235,2
KA30,N15_M01_F10_KA30_12.mat,0.901827906065097,0.813293572157758,3.5947518897142,2.0039467340678,-0.00123068023462514,-1.48614164603731,17207.1619051323,80153.2481897658,78119.9221269861,0.911360917810389,0.830578722512195,4.25322723107591,2.60207978355148,0.0139868355689388,-1.47594680451165,21098.8290049164,80911.603015981,79776.330573294,2
KA30,N15_M01_F10_KA30_13.mat,0.890323521682263,0.792675973260707,3.61885925053811,2.04668689479418,-0.0101694135487316,-1.48409783448424,17733.7038597404,78798.8311786735,76079.5135483153,0.900805765486732,0.811451027134136,4.0045770237207,2.45450589231568,-0.000513305780734765,-1.48190153551332,21047.7703034731,79684.6903422612,77948.3813549248,2
KA30,N15_M01_F10_KA30_14.mat,0.896610279679856,0.803909993627589,3.65743102785637,2.06458667627907,-0.0110111726572926,-1.48317888908339,17664.1293276208,80693.417963782,77198.9275970016,0.906529706966664,0.821796109613066,3.79932006584854,2.13088750919162,0.00122477776093862,-1.48367335848541,21132.3485681877,81519.0947366719,78932.267308105,2
KA30,N15_M01_F10_KA30_15.mat,0.905497020180852,0.819924853556402,3.68980376953419,2.06946525970748,-0.0102629873967829,-1.48365182019067,17654.8617693384,81245.6550574822,78724.4648063812,0.915792202541472,0.83867535823576,4.13062408174287,2.33381226863367,-0.000179802717836313,-1.4835469652006,21016.3535908474,82111.8169581908,80578.8320536604,2
KA30,N15_M01_F10_KA30_16.mat,0.892080109647812,0.795806922029252,3.65743102785637,2.06824384719285,0.003843750303766,-1.48998173697198,17599.8343075217,79092.5363691992,76159.3632065561,0.905054373448703,0.819123418898624,4.10789428439461,2.31502149918301,-0.00726880499028024,-1.47709502653133,20563.1090336518,80242.0857410567,78496.8065783625,2
KA30,N15_M01_F10_KA30_17.mat,0.890810219397082,0.793542846982278,3.62299194096507,2.03792072156448,0.00608647768372947,-1.49043426669888,17556.2440664617,79780.9349185605,76317.3920167074,0.903773466964775,0.816806479589529,4.01008727762331,2.26364292367908,-0.00821432822133854,-1.47748177212158,20466.6389522336,80860.6515463667,78518.1352039082,2
KA30,N15_M01_F10_KA30_18.mat,0.887807956601657,0.78820296780521,3.65949737306985,2.08995144537737,0.00397148420742399,-1.49140723722087,17671.3546480506,78862.5007383597,75353.5579792535,0.900850453965483,0.811531540409816,4.0837869235707,2.28138882481345,-0.00704694741542871,-1.47716394584697,20486.420763744,79990.0045295576,77657.3918220919,2
KA30,N15_M01_F10_KA30_19.mat,0.890769427599785,0.793470173146449,3.77796783197593,2.15010768183213,0.0212448909358498,-1.48277507058161,17585.3292529048,80163.7117278861,76216.6094744113,0.901498792357345,0.812700072621752,4.28628875449156,2.56618330417118,-0.00541759129729074,-1.48220823798262,21112.570200586,81039.7426763094,78047.5865502043,2
KA30,N15_M01_F10_KA30_2.mat,0.887847131413795,0.788272528759704,3.58786407233594,2.03936657665123,-0.00133076550873378,-1.49116566593543,17720.4613420489,79994.8791167081,75660.2907229701,0.901416626478802,0.812551934492424,3.94740813948114,2.41823951493381,-0.00404593852370731,-1.47811290308721,20597.327710387,81150.2403698423,77993.5166961873,2
KA30,N15_M01_F10_KA30_20.mat,0.896618034707675,0.803923900163054,3.65605346438072,2.09673886477731,-0.00348781546508152,-1.4846694692885,17409.0920472108,79881.3061145452,77265.4476031837,0.906298411965114,0.821376811530487,4.17608367643939,2.606722416645,0.00909010184802726,-1.47840721118686,21060.4349332865,80588.8615579125,78805.4613333364,2
KA30,N15_M01_F10_KA30_3.mat,0.908959023980856,0.82620650727623,3.73526336423071,2.07624656988102,0.00698204428923223,-1.49092011966522,17641.6647112416,80895.8077003612,79145.0313076333,0.921436615865386,0.849045437057455,4.22223205287374,2.2973754085535,-0.00878101902861479,-1.4776858645842,20503.5149489133,81932.338624395,81270.0114789195,2
KA30,N15_M01_F10_KA30_4.mat,0.886259274560386,0.785455501744301,3.63814513919724,2.10209236981262,0.0132732840483094,-1.49052451155614,17816.8770097098,78708.4250194419,75502.4127528813,0.900021841821175,0.81003931575518,4.21465545375765,2.3989026183499,0.00105378923938647,-1.47724033070248,20719.2441443274,79859.5054762781,77874.8350351851,2
KA30,N15_M01_F10_KA30_5.mat,0.886796048213245,0.786407231126628,3.64365539309985,2.07543427366449,0.00162754274818011,-1.48795482611141,17476.5189578718,79162.1719221156,75536.7912288846,0.899314153973209,0.808765947536549,3.83582549795332,2.28636133743887,0.0107195629355098,-1.47586258447582,20598.2706525861,80217.9721632117,77719.1696686357,2
KA30,N15_M01_F10_KA30_6.mat,0.896530511893095,0.803766958755294,3.62574706791637,2.0581723076747,-0.00807400688814589,-1.4836539246818,17584.9338921873,77126.9823498258,77239.5798447428,0.90593830261306,0.820724208141433,4.03557220192288,2.28058085468702,0.00238541774611279,-1.48294946313971,21153.2648032203,77856.1359843497,78854.473472103,2
KA30,N15_M01_F10_KA30_7.mat,0.89491256467774,0.800868498418089,3.69187011474767,2.09939678649959,0.0120734152448256,-1.49156467951355,17867.8082865316,78935.9510570962,76740.5231166193,0.908230320807917,0.824882315634852,4.21947692592243,2.37148936458023,0.000382076755210368,-1.47601817767328,20695.2524988354,80087.6398319878,79164.556226429,2
KA30,N15_M01_F10_KA30_8.mat,0.896612063470475,0.803913192360783,3.64709930178898,2.06234068838076,0.0179864184924343,-1.48357352925645,17430.040654985,80108.8233974813,77014.1310607058,0.905744322332492,0.820372777437545,4.08103179661939,2.52299288198732,-0.0114077351766899,-1.48089076053481,21176.9292773867,80846.1262349006,78597.3169997999,2
KA30,N15_M01_F10_KA30_9.mat,0.894120706353583,0.79945183753023,3.72148772947419,2.08219820054066,0.00831948051731722,-1.49174291711525,17756.9695292807,78098.0786503086,76550.444872664,0.907711920914128,0.823940931369617,4.09342986790026,2.49128591124711,0.00372817268788723,-1.47717737714833,20534.0603526407,79210.8267821315,78865.0095626948,2
KI01,N15_M01_F10_KI01_1.mat,0.924795414752191,0.855246559146676,3.67809447999115,2.00199617318046,-0.0052614675116539,-1.48699629281569,18257.4555595285,82474.6680908706,82315.8543763272,0.930328772095205,0.865511624188172,3.37571929708551,1.85427418161979,0.0130191726213839,-1.48589711012798,20618.9299720304,83029.8144653865,83446.1098925376,1
KI01,N15_M01_F10_KI01_10.mat,0.898202429122922,0.806767603682318,3.56857818367681,2.01066404912814,0.0160959815196942,-1.48034332067082,18555.9687432302,81782.6150334141,78197.0582530107,0.902017150502742,0.813634939801086,3.38673980489073,1.97407638229003,-0.00463977510861554,-1.48877282047004,21091.3632996601,82112.7454351944,78851.1029337772,1
KI01,N15_M01_F10_KI01_11.mat,0.895390490905954,0.801724131204805,3.55480254892029,2.03103204494864,0.00773025759018347,-1.48622504563832,18521.1122546057,80330.1110886847,76898.4452184405,0.899428335999933,0.808971331599608,3.57477721931724,2.02545221629166,0.00495666055100763,-1.48740741999695,20217.0499353697,80698.4463084121,77622.9281145852,1
KI01,N15_M01_F10_KI01_12.mat,0.89284711069266,0.79717596307223,3.57753234626855,2.03367827958998,0.0162746356391443,-1.47919684657758,18451.1017236462,80590.5460709163,76622.9937763967,0.896263567678604,0.80328838274798,3.58373138190898,2.00056787774836,-0.00288674641246961,-1.48974764511017,20853.0806350226,80861.2299157914,77167.5809865674,1
KI01,N15_M01_F10_KI01_13.mat,0.895825748829671,0.802503772266241,3.58442016364681,2.04692749701654,-0.0128800035870219,-1.48170128637957,18466.8562283355,80263.9546932282,77037.9284393169,0.898765493809435,0.807779412862517,3.32199432153508,1.9216507595078,0.0016779582769101,-1.48926573057957,20487.962946055,80504.9895377628,77519.3978682476,1
KI01,N15_M01_F10_KI01_14.mat,0.895507413090582,0.801933526900186,3.57615478279289,2.06914477075554,-0.0122257156671378,-1.48151562917018,18579.4782415057,73001.9028338081,77333.3530989944,0.89829805457896,0.806939394860343,3.61197143315985,2.12700624799332,0.00249591216805375,-1.48946152572664,20581.9175965666,73222.9521942496,77803.6879759086,1
KI01,N15_M01_F10_KI01_15.mat,0.893360224370441,0.798092490487204,3.5658230567255,2.00974679215273,-0.00210073735445367,-1.48643515555337,18120.551234973,74512.5754672895,76919.2014406477,0.90128517378765,0.812314964489434,3.34610168235899,1.89716150227821,0.0143712490799332,-1.48310259437878,20459.1339864182,75159.5148996446,78285.9842212161,1
KI01,N15_M01_F10_KI01_16.mat,0.893410725035125,0.798182723607787,3.53827178721246,2.01057766363684,0.000419827066661735,-1.48812867080014,18465.6970086707,80301.4015083641,76952.7107901199,0.900163656599535,0.810294608662646,3.55273620370681,1.98826501872767,0.0112130573724747,-1.48599461407918,20187.4033918102,80924.718715784,78178.0331072265,1
KI01,N15_M01_F10_KI01_17.mat,0.893132356369341,0.797685405993852,3.52518493419377,2.02654688209029,-0.00209994117395178,-1.48920556825813,18394.0306464134,80029.7571413051,76580.3086970348,0.898101587782883,0.806586461978135,3.27791229031421,1.9316904572009,-0.00150533780427441,-1.48675713154377,19957.9688173769,80466.3404531328,77436.443670773,1
KI01,N15_M01_F10_KI01_18.mat,0.891215220333375,0.794264568953865,3.5313839698342,2.02058953232923,0.0043777329672243,-1.48915088789788,18630.8634254927,77361.9813326623,76430.4979504228,0.896619796729983,0.803927059888116,3.34747924583464,1.97647420505421,0.00701035330432678,-1.48678529928999,20081.6547316018,77815.7566771388,77339.769931409,1
KI01,N15_M01_F10_KI01_19.mat,0.893306020272926,0.797995645855853,3.54515960459072,2.02243358173377,0.0164958277544965,-1.47921307089578,18447.4938849034,79879.389465816,76598.3690183438,0.896530206734129,0.80376641158674,3.76763610590854,2.3446302866816,-0.00221019198418862,-1.48996784771565,20875.4198931256,80173.7762795375,77204.7775413792,1
KI01,N15_M01_F10_KI01_2.mat,0.915873122899505,0.838823577249692,3.61197143315985,1.98710961496258,-0.00186274142604418,-1.48798731341333,18094.9581719406,82098.190750489,80462.2394733456,0.922896791739586,0.851738488203222,3.69393645996115,2.13913335884699,0.0134856012609283,-1.48410256065279,20433.671791916,82731.044372069,81782.0999471087,1
KI01,N15_M01_F10_KI01_20.mat,0.893098320076217,0.797624609322961,3.55273620370681,2.03934379793085,0.0121452098244598,-1.48312856566801,18584.395454332,79757.9149908074,76589.2951068013,0.896162549051983,0.803107314323348,3.56926696541463,2.03044999396799,0.00292095137170154,-1.48808282348556,20448.3400878048,80029.0808970614,77135.3536918173,1
KI01,N15_M01_F10_KI01_3.mat,0.910613710470939,0.829217329697651,3.61748168706246,2.00208716360893,0.00573894144047546,-1.48615004362766,18094.3527327931,82185.3251576177,79631.7086233536,0.916922216943489,0.840746351924563,3.6953140234368,2.19001446225669,-0.0111639309847929,-1.48347692742863,20590.6692573274,82773.9149628494,80820.6424064475,1
KI01,N15_M01_F10_KI01_4.mat,0.908593875488371,0.825542830574977,3.64158904788637,2.03307479908503,-0.0103911733361869,-1.48413626988236,17982.2376629819,82085.7089222192,79550.7293737895,0.913287351694902,0.834093786765888,3.42117889178203,1.87998996630465,0.0136811658351871,-1.48559718570233,20893.6547008528,82497.9516771347,80413.9715716974,1
KI01,N15_M01_F10_KI01_5.mat,0.906132378941355,0.82107588816592,3.60577239751941,2.02086480835691,-0.0138056384312514,-1.48132999061578,18343.2412586296,81690.2318068791,78812.2651119945,0.908921477554434,0.826138252359735,3.53689422373681,2.11607610562367,0.0053424629776889,-1.49027179135666,20714.0844803293,81903.9281410627,79241.1222633897,1
KI01,N15_M01_F10_KI01_6.mat,0.900904332192579,0.811628615763358,3.61541534184898,2.02276976843899,0.00545368437803312,-1.48463448422982,18039.5036654465,77701.4849330594,78042.2408398223,0.907571935193876,0.823686817551558,3.43151061784942,2.02008758208713,-0.0125386582037207,-1.48203064409378,20751.8614035222,78261.0143879707,79245.2099084376,1
KI01,N15_M01_F10_KI01_7.mat,0.901855714313439,0.813343729439803,3.60852752447072,2.02853255862759,0.0136510523744954,-1.48146173620982,18549.3206218967,80506.5558692992,78083.6463775732,0.90465352821325,0.818398006108682,3.38536224141508,1.95756162214325,0.000260565549281283,-1.48895253738208,20670.58171455,80714.0585810454,78541.0031473038,1
KI01,N15_M01_F10_KI01_8.mat,0.898475526169681,0.807258271125884,3.55755767587159,2.0180907185613,0.00448809337936815,-1.48738263669251,18543.5417431163,81199.7311990381,77688.2511473831,0.903791122915207,0.816838393860331,3.47697021254594,1.94060654944335,0.00606092355793218,-1.48636785340282,20247.8570761575,81670.6905363003,78616.8716264103,1
KI01,N15_M01_F10_KI01_9.mat,0.898373930878391,0.807075719681893,3.59612945318985,2.0036045907869,0.0102289766225775,-1.48361957970059,18038.5813866995,80979.4771944875,77471.3599038386,0.903885235121309,0.817008518270304,3.41360229266594,2.01830074543702,-0.0121984059381476,-1.48326591816924,20893.6450579084,81449.3928367451,78413.6033494885,1
KI03,N15_M01_F10_KI03_1.mat,0.904006528776931,0.817227804071316,3.52036346202898,1.98359618822323,0.00622393496235168,-1.48698392004323,18032.5338830414,76120.1405079274,78150.9762662579,0.916277284542288,0.839564062168189,4.07345519750331,2.49666558738308,-0.0113603441713903,-1.47524478706319,21096.9038599592,77060.3407443159,80218.9082416423,1
KI03,N15_M01_F10_KI03_10.mat,0.892286122728402,0.796174524813684,3.47077117690551,1.98260282332029,0.00644579118399,-1.48579583974968,18261.8947578288,71254.9277781514,78196.7301513748,0.90427504421441,0.817713355588974,3.86062164051506,2.29208737746856,-0.0144187651242908,-1.4734600631963,21783.0751149989,72112.5039224532,80219.8037711614,1
KI03,N15_M01_F10_KI03_11.mat,0.888986408494539,0.790296834488019,3.4838580299242,2.00522633082321,-0.00958724735739954,-1.48313709489907,17859.9196692883,78826.5224890315,75827.5486649264,0.898052984125073,0.806499162295949,4.01904144021505,2.29120306393757,0.00946687001109177,-1.48100509135493,21524.8143360558,79548.7274929888,77333.0784009494,1
KI03,N15_M01_F10_KI03_12.mat,0.884956705343416,0.783148370332274,3.51623077160203,2.02490053170897,0.0150870401668506,-1.48637552975845,19488.4841643668,84727.2751380293,80035.0499657304,0.897942727980835,0.806301142733663,4.93718749673719,2.88024783150195,0.00118981923110117,-1.47800638076958,22682.1384734745,85917.4014772181,82468.8410013513,1
KI03,N15_M01_F10_KI03_13.mat,0.890802778092719,0.793529589457706,3.53827178721246,2.01209793612262,0.0173156553962192,-1.48530112028125,18282.1063691436,79686.1489123112,76321.5158410413,0.903514175917454,0.816337866083797,4.97438171057979,2.82180631013143,0.00132794346344335,-1.47920309999355,21296.4797460577,80737.5389234749,78503.1243016878,1
KI03,N15_M01_F10_KI03_14.mat,0.889856255921916,0.791844156203371,3.53551666026116,2.01191607174765,0.000193260383842043,-1.48640825163136,18002.9169570966,79988.3557098745,76052.8989485681,0.90318339922908,0.815740252642996,4.06656738012505,2.39088557156669,0.0123058042717206,-1.47467232526387,21074.468172413,81119.3812639158,78353.2551414924,1
KI03,N15_M01_F10_KI03_15.mat,0.889401515077227,0.791035055021667,3.5444708228529,1.99369895023999,0.00677720785802441,-1.48632474994538,17983.0600683769,79083.9507324447,76025.4273231106,0.901908043586616,0.813438119086238,4.27526824668634,2.76801477143667,-0.0111610436521213,-1.47460600252221,21087.0239747118,80130.8005543359,78149.0269609398,1
KI03,N15_M01_F10_KI03_16.mat,0.885430741578944,0.783987598133039,3.47559264907029,1.9861742240314,0.00807000616089036,-1.48430652697705,17775.8249293537,79800.8760951529,75281.5562131286,0.896454567064581,0.803630790810945,4.3772079438846,2.86581601927038,-0.0158814414552668,-1.47275126583909,21342.3774059395,80704.2772646922,77178.1324089205,1
KI03,N15_M01_F10_KI03_17.mat,0.887445252920698,0.787559076931481,3.50658782727246,2.02300266262255,-0.0110739731539124,-1.48296403195398,17917.9109589228,78055.7906406984,75629.4026231054,0.896593196261213,0.803879359581898,3.9226119969194,2.38110197357888,0.00920853992059727,-1.48163703992451,21555.7089521242,78787.4113362788,77206.957905361,1
KI03,N15_M01_F10_KI03_18.mat,0.887084763668767,0.786919377933272,3.51829711681551,2.0073846209784,-0.0106147193034196,-1.48282088288581,17902.0558920998,79585.0473373115,75793.435595356,0.89609692793486,0.802989704254294,4.15335387909113,2.4173972659021,0.00958845662120707,-1.48104799087638,21506.8598624959,80290.3254560117,77285.0178216674,1
KI03,N15_M01_F10_KI03_19.mat,0.882223532954546,0.778318362098801,3.52311858898029,2.03359934664415,0.0120111969757359,-1.48291581322046,17836.1284592821,79209.8961932853,74765.0755273744,0.892640978192539,0.796807915948533,4.03694976539853,2.41756095994135,-0.0118438640692687,-1.47653280643436,21531.4576359171,79995.4951905565,76365.9234070574,1
KI03,N15_M01_F10_KI03_2.mat,0.895886863706559,0.802613272561974,3.49074584730246,1.97305817074704,0.0073124311546747,-1.48719616900652,18106.7294518401,80051.9889712346,77106.2550573574,0.907806462505462,0.824112573366681,4.44608611766721,2.51166644087913,-0.0103387911978287,-1.475565709765,21071.1379127106,81057.0880605263,79143.2305449253,1
KI03,N15_M01_F10_KI03_20.mat,0.883225071234128,0.78008652645653,3.66776275392376,2.13866948610798,0.00530285207326278,-1.49047743905432,18183.5527229685,78872.4223937942,74924.2841304867,0.897198665110114,0.80496544467537,4.18228271207983,2.59149331651047,0.00726479145194351,-1.47651497164529,20926.6135957895,80072.9511799295,77394.7462141714,1
KI03,N15_M01_F10_KI03_3.mat,0.886318509590987,0.785560500443589,3.56788940193898,2.03448053842439,0.0032459016686208,-1.48951599497585,18267.484910413,79878.8939197653,75296.5479670194,0.900112886319332,0.810203208118119,4.00870971414766,2.26819313812608,-0.00406595568396341,-1.47655127875474,20887.7800814108,81079.6798030163,77706.0106732164,1
KI03,N15_M01_F10_KI03_4.mat,0.891438893786393,0.794663301355109,3.59199676276289,2.060966550316,0.00539616393260784,-1.49170763350515,18290.7595341159,80190.0167830034,76247.4987301106,0.906348810761626,0.821468166769014,4.18021636686635,2.57622291406177,0.00463363431492128,-1.47623347729519,20882.6920507135,81439.2407402235,78762.3589963343,1
KI03,N15_M01_F10_KI03_5.mat,0.892657023055838,0.796836560810911,3.47834777602159,1.96400497282128,0.00715235802964442,-1.48628641504677,17954.8771860102,79825.3770957668,76454.1613221953,0.90502390527607,0.819068269121149,4.76981353444545,2.84533058813086,-0.0120005448321515,-1.47466776646321,21200.9505404934,80838.7939819832,78512.1254871763,1
KI03,N15_M01_F10_KI03_6.mat,0.892587067588947,0.796711673227036,3.47834777602159,1.95214736054019,0.000237364884586205,-1.48589249827221,17905.9371771925,80426.4659066036,76459.4748185108,0.904545167543453,0.818201960126214,4.05416930884418,2.55592293369005,0.0149186846542111,-1.47361704417309,21249.7472827097,81419.0419785677,78504.8854935211,1
KI03,N15_M01_F10_KI03_7.mat,0.886950385979783,0.786680987189687,3.49763366468072,2.03478255635952,-0.00918583213374287,-1.48600787553713,18181.8665852743,79067.5340536124,75555.6155262717,0.898521430576766,0.807340761205718,4.22498717982504,2.53521501116438,-4.86250183551298e-05,-1.48045639640756,21177.7441061826,80070.1516868699,77599.0725278117,1
KI03,N15_M01_F10_KI03_8.mat,0.889066293441333,0.79043887413351,3.50865417248594,2.01446500045419,-0.011837416930146,-1.48288954782793,18070.6152477624,79660.3289007122,75793.7016184915,0.899187356850087,0.808537902719046,4.2635589571433,2.49803647402615,0.00466608614549948,-1.48255552748649,21477.6906446807,80530.1539124741,77587.6173785162,1
KI03,N15_M01_F10_KI03_9.mat,0.887737107239822,0.788077171570527,3.51691955333985,1.98665296961112,0.00337301628175238,-1.49035096143848,18199.5889393885,78811.0524814666,75695.94699577,0.902275100598636,0.814100357160279,4.23325256067895,2.56047958384872,0.00792293045211714,-1.47600397684374,20882.0005138488,80033.289065331,78238.9315361127,1
KI04,N15_M01_F10_KI04_1.mat,0.897981032425174,0.806369934595381,3.72975311032811,2.13584060396849,-0.00731563182373174,-1.48741402729117,19020.2723800083,81029.2676222731,77584.4614013519,0.910359829396876,0.828755018979509,4.34965667437156,2.59986197921282,1.79450461921534e-05,-1.47790834049705,21627.150771535,82146.6608795135,79848.5134188697,1
KI04,N15_M01_F10_KI04_10.mat,0.8949518942813,0.800938893077686,3.75179412593854,2.14897040076476,0.00204079808964744,-1.48921512520386,18864.3459701992,79683.1670460381,76972.5187619071,0.908517053755951,0.825403236965394,4.0493478366794,2.37851616992401,-0.00379941449079797,-1.47660516107007,21255.0171517858,80854.9624601563,79317.5870791713,1
KI04,N15_M01_F10_KI04_11.mat,0.895863914938293,0.802572154088565,3.7586819433168,2.1319946172212,0.00597598955540078,-1.48928036733753,18961.8554232598,79950.4557599315,76825.1443232545,0.909337265320828,0.826894262101162,4.38960601516547,2.57227700397446,0.00442939979959527,-1.47669251499409,21376.7751659266,81158.2771724555,79271.6448827401,1
KI04,N15_M01_F10_KI04_12.mat,0.896899591134146,0.804428876576599,3.80000884758636,2.18039723768474,-0.000338436171804765,-1.48914413523245,18980.3926061699,80760.9664134745,77323.5390563415,0.91041352798843,0.828852791944339,4.34690154742025,2.45903589393414,-0.00165477786046779,-1.47716536635378,21356.8721288303,81952.4447105582,79708.97341332,1
KI04,N15_M01_F10_KI04_13.mat,0.891162359744703,0.794170351425747,3.80758544670245,2.13764771885845,-0.00362392686166523,-1.48273115633558,18315.2767200738,80126.1923751213,76025.5873868422,0.901049104473902,0.81188948867322,4.07689910619244,2.35068134589502,0.018020516067488,-1.47420117492599,21851.3726457765,80927.4480170553,77682.2061487056,1
KI04,N15_M01_F10_KI04_14.mat,0.892371223867485,0.796326401186754,3.76556976069506,2.14158460558463,-0.0130281560701639,-1.48114623342893,18642.272406198,79983.6813787771,76366.1757219904,0.901626789412237,0.812930867385819,4.02799560280679,2.42470509806602,0.00594009480486591,-1.48273713570306,21914.2508418409,80786.7710453801,77993.9736825706,1
KI04,N15_M01_F10_KI04_15.mat,0.895229777880339,0.801436355203682,3.81034057365375,2.13304310114539,-0.00419811495808793,-1.48433345901276,18342.7439582148,79473.399096086,76622.4300719462,0.905173700312357,0.819339427737164,4.06450103491157,2.35462693593911,0.0169932587741013,-1.47457109333252,21811.5741481832,80277.8261245204,78284.5081149313,1
KI04,N15_M01_F10_KI04_16.mat,0.893036927431031,0.797514953755457,3.79518737542158,2.13558528191401,-0.00366358243075338,-1.4836407577417,18361.2095078242,80000.9666897488,76396.0062407195,0.903121324577513,0.815628126906641,4.13613433564548,2.2920758413084,0.017298760217775,-1.47508182800743,21899.391064629,80792.9513997657,78026.4047249924,1
KI04,N15_M01_F10_KI04_17.mat,0.88972711042789,0.791614331030363,3.70702331297985,2.13635647791177,-0.00857988626058716,-1.48549563859355,18898.8711548078,80173.3458739283,75967.5140971744,0.902218317032263,0.813997891588529,4.23256377894113,2.45905000688494,0.00171253361040426,-1.47946897884974,21541.719795029,81265.6316750049,78163.048803588,1
KI04,N15_M01_F10_KI04_18.mat,0.891832669998468,0.795365511276596,3.72562041990115,2.14267180198475,-0.0107622825626406,-1.48332131192034,18904.2078357124,78846.4157176328,76695.4089715149,0.903716729635664,0.81670392742338,3.77521270502463,2.20838708253753,0.00173288001400228,-1.48111784969061,21693.2999920724,79806.5812344325,78616.7952188694,1
KI04,N15_M01_F10_KI04_19.mat,0.893467763959654,0.798284645235064,3.75523803462767,2.15666115518373,0.0171497267712777,-1.48191530495454,18911.1190716698,80221.5637203835,76645.6255875248,0.905030979060772,0.819081073059699,4.45986175242373,2.46951046964205,0.000564919722165445,-1.48040380087764,21844.2072493579,81183.7284252549,78597.4628101077,1
KI04,N15_M01_F10_KI04_2.mat,0.902360111767211,0.814253771308533,3.82756011709941,2.13310112749541,-0.00421626856661719,-1.48415401428542,18448.1434060822,80416.4986998415,78268.88450293,0.912766755280248,0.833143149544832,4.61001617126981,2.55716972455415,0.0176120587688063,-1.47500833946213,21933.3300959787,81313.4407097413,80150.0817399413,1
KI04,N15_M01_F10_KI04_20.mat,0.892363311289962,0.796312279336386,3.72493163816332,2.13459791227077,0.00601423756609186,-1.48953757880696,19081.1407109617,80173.6585544639,76489.5093996994,0.906971593254831,0.822597470971207,4.07138885228983,2.43091394598262,0.00499280945240055,-1.47580671143837,21421.7057762484,81426.826207687,78997.3858625515,1
KI04,N15_M01_F10_KI04_3.mat,0.894229641013172,0.799646650866547,3.76625854243289,2.14112869236066,0.0120425793269821,-1.48647650044848,18892.0432614407,80380.0403710228,76709.9907592871,0.906746755699294,0.822189678971196,4.25735992150287,2.46623707598886,0.00162856265688911,-1.47903176229204,21516.4931638811,81475.26359081,78948.9985343793,1
KI04,N15_M01_F10_KI04_4.mat,0.891590787136357,0.794934131706429,3.76625854243289,2.14588479699225,0.017686705231669,-1.48009709987376,18812.6163953433,79242.55445167,76223.3823642188,0.901994912129818,0.813594821508078,3.7931210302081,2.19762699968706,-0.00225538309454554,-1.48214241446798,21930.7568074061,80098.4403097628,78001.2663576217,1
KI04,N15_M01_F10_KI04_5.mat,0.890825442496965,0.793569968999914,3.76212585200593,2.11510567090302,-0.000615026818407611,-1.48439573056296,18481.0823263485,79215.1415877107,76171.1647647519,0.902193733160327,0.813953532153768,4.11753722872418,2.56465644346547,0.0163281337086878,-1.4736964382063,21677.8671484546,80210.2603591609,78245.8090227244,1
KI04,N15_M01_F10_KI04_6.mat,0.890651861379817,0.793260738179333,3.76832488764637,2.15525537727051,-0.000668491703390528,-1.48939557203057,18889.7606387615,79419.35405103,76124.6827576978,0.904238344610375,0.817646983863711,4.31521758748026,2.5463845383071,-0.00216321573418981,-1.47730023586147,21240.9143457038,80600.4924648172,78509.1620770545,1
KI04,N15_M01_F10_KI04_7.mat,0.892845953721149,0.797173897076228,3.76350341548158,2.1295650283902,0.00481545329270451,-1.48994908577854,18902.8688440141,80013.695782044,76586.425445153,0.906433847426546,0.821622319760491,4.33312591266373,2.58907880243223,0.0059248707182858,-1.47580887352963,21261.6218798698,81191.152564482,78925.0933659872,1
KI04,N15_M01_F10_KI04_8.mat,0.898259427213624,0.806869998578147,3.81309570060506,2.14713767909816,-0.00198617364741327,-1.48364017548583,18374.3900351593,80425.0496707733,77491.6629487569,0.908593993291439,0.825543044645283,4.41509093946503,2.49873653959737,0.0175678822346506,-1.47392966309917,21871.897652782,81234.807051661,79155.7439856894,1
KI04,N15_M01_F10_KI04_9.mat,0.900322532142737,0.81058066188391,3.78141174066506,2.10871313206464,-0.00675822202686749,-1.48284537774869,18519.1588695973,78542.4542659712,78049.2984706429,0.91007598780529,0.828238303579775,3.89299438219288,2.28075763261564,0.0148613355077213,-1.47720388897346,21894.5813017538,79289.0799599937,79697.83733929,1
KI05,N15_M01_F10_KI05_1.mat,0.873116961095291,0.762333227752276,3.5816650366955,2.08265995299574,-0.000536450847963946,-1.49135403777073,17670.3111437178,78302.8843759296,73195.4687243524,0.886023176231707,0.785037068819723,4.06243468969809,2.50544074870856,-0.00254405280731352,-1.47725093075725,20481.3051817771,79380.4189757706,75351.8280661542,1
KI05,N15_M01_F10_KI05_10.mat,0.876570437211251,0.768375731392724,3.58442016364681,2.09273221631849,-0.0153169365116486,-1.48373624324021,17534.7830050745,78862.3529278574,73676.756167768,0.886690519925484,0.786220078125725,3.80758544670245,2.23302773771048,0.00642943134263747,-1.48205429762144,21102.2674033516,79728.9549240305,75464.1273480583,1
KI05,N15_M01_F10_KI05_11.mat,0.868423026427798,0.754158552830016,3.58373138190898,2.08479650872719,-0.00936268146242797,-1.4888269924254,17732.6114519042,77515.2086586092,72272.7956691885,0.881000369422062,0.776161650921809,3.69875793212593,2.19744574294079,0.00195955085373345,-1.4778577872034,20652.5838477406,78595.7745151449,74435.5431384319,1
KI05,N15_M01_F10_KI05_12.mat,0.875514269046263,0.766525235303612,3.56031280282289,2.04078810343465,-0.00669369666767904,-1.48665701278481,17394.6593146764,78897.5687393369,73648.3364326092,0.886373534326969,0.785658042355282,3.94603057600549,2.40258363603476,0.0148633706714947,-1.47721843543198,20977.0592814861,79770.1374311044,75427.1224332459,1
KI05,N15_M01_F10_KI05_13.mat,0.878217869525799,0.771266626354433,3.58648650886029,2.12187861153729,0.00869372121625529,-1.4844189913344,17250.4807661877,78814.8472095385,74106.1291089294,0.888134105782089,0.78878218985335,4.11615966524852,2.57669287112045,-0.0116864886744701,-1.47563905504464,21059.1014518421,79590.7323123634,75716.8534307684,1
KI05,N15_M01_F10_KI05_14.mat,0.873085923312613,0.762279029486638,3.56100158456072,2.09582256470726,0.00832925835969535,-1.49041523091267,17840.4154368183,78319.0135353761,73198.1018705136,0.886884256178785,0.786563683857797,3.69669158691246,2.10366416635792,0.00448952403274495,-1.47641823870501,20734.2478769225,79474.1925069268,75512.0616876542,1
KI05,N15_M01_F10_KI05_15.mat,0.873168241832438,0.762422778544751,3.63332366703246,2.1101815385511,-0.0124246536021303,-1.48578323328196,17718.0375191135,77761.2882292278,73213.5119173552,0.884945887540314,0.783129223874514,3.66431884523463,2.19995019465183,0.00336290520684897,-1.47989219855996,20875.6065529765,78738.2945438483,75215.4877887224,1
KI05,N15_M01_F10_KI05_16.mat,0.874511122719085,0.764769703759394,3.6477880835268,2.15188886355835,-0.00160274318474934,-1.49110612457337,17637.4101064471,78775.9166796643,73420.5835563575,0.887793777801499,0.788177791903057,3.69393645996115,2.14829161292926,-0.00184801331863256,-1.47631053924748,20492.0487993237,79927.1821478562,75705.1699948521,1
KI05,N15_M01_F10_KI05_17.mat,0.874606720377637,0.764936915329727,3.61472656011115,2.07010153457129,0.0107996403893614,-1.48800890217917,17826.3856416005,77267.4304538992,73376.1268049361,0.887826151448099,0.788235275195143,3.82962646231288,2.20096259059665,0.00424737056183558,-1.47770933203724,20878.57657983,78393.8470150035,75688.51229701,1
KI05,N15_M01_F10_KI05_18.mat,0.865379049644142,0.748880899562999,3.57753234626855,2.1071839341729,-0.0120345042194239,-1.48644218850424,17752.6281379872,76994.6129080749,72073.502692181,0.877531513114132,0.770061556508379,3.7772790502381,2.25426273180461,0.00226988059881355,-1.47911909577658,20891.2735823851,77987.7867061911,74057.3769179401,1
KI05,N15_M01_F10_KI05_19.mat,0.87425299322049,0.764318296154986,3.51140929943724,2.02933447706463,-0.00427205165145758,-1.4860930850229,17305.3449867325,78798.2260548501,73465.2063069418,0.88581813009975,0.784673759613418,3.85580016835027,2.29465708029712,0.0183178367082401,-1.47461050841346,20770.6479254214,79787.2748524921,75462.028196791,1
KI05,N15_M01_F10_KI05_2.mat,0.873860190269927,0.763631632138594,3.53345031504768,2.07012442511336,-0.0110641955625863,-1.48463462050987,17276.6344975546,78000.6984546991,73216.2373406931,0.882774973880279,0.779291654509327,3.78210052240289,2.25377046432557,0.0163696224866122,-1.47796331132038,21201.0552353176,78716.8259160584,74692.6656937651,1
KI05,N15_M01_F10_KI05_20.mat,0.87102886353793,0.758691281116178,3.62299194096507,2.08772458211004,-0.000116105620064408,-1.48843728121355,17672.9608870632,77831.0093882543,72753.0346114561,0.884085662263639,0.781607458220137,4.11133819308374,2.41645284032219,0.0109958210049609,-1.47643268452413,20516.9193303132,78945.4222997574,74948.8598014567,1
KI05,N15_M01_F10_KI05_3.mat,0.894693888089029,0.800477153383864,3.54653716806637,2.03250791530657,0.00782556908519206,-1.48621750825794,17478.6665793303,79469.1054291395,76906.668427844,0.904997633202876,0.819020716102808,3.79587615715941,2.18688189193726,-0.00778690786192063,-1.47793642636759,21032.2189893964,80229.7417973069,78558.8935340856,1
KI05,N15_M01_F10_KI05_4.mat,0.894122813976063,0.799455606472474,3.67327300782637,2.06994900642199,-0.00742869929247624,-1.48562359454979,17277.3790706132,80055.1767295927,76651.033195416,0.904340942529496,0.817832540335138,3.9701379368294,2.24211512306989,0.0178682934103979,-1.47646366872332,21084.1724183172,80855.8204832818,78336.9100776,1
KI05,N15_M01_F10_KI05_5.mat,0.890723675121965,0.793388665422779,3.58786407233594,2.05517032563933,-0.0139916900675906,-1.48500974879712,17652.4083287882,79414.2836491303,76578.3271878972,0.900838073371226,0.811509234435182,3.94878570295679,2.2151701890175,0.00540936921825211,-1.48199219129894,21097.689759922,80217.1155583317,78223.904688965,1
KI05,N15_M01_F10_KI05_6.mat,0.88110855142799,0.77635227939953,3.59888458014115,2.04818583628939,-0.0119711521948511,-1.48450774600515,17387.9381824787,77057.1072845533,74386.5606714995,0.890620974454268,0.79320572013787,3.75799316157897,2.23763576259439,0.0129114823774952,-1.48061579633608,21157.4911679636,77802.7047729438,75995.2997432812,1
KI05,N15_M01_F10_KI05_7.mat,0.877607252140198,0.77019448900907,3.53345031504768,2.10538840164484,-0.00564257985600885,-1.49035432485288,17761.5774791067,78755.4096396908,73862.8844487136,0.889920347168245,0.79195822430405,4.25598235802721,2.51771993348569,0.000216718759945271,-1.4765510238078,20614.4893961666,79834.4559174696,76036.5016360748,1
KI05,N15_M01_F10_KI05_8.mat,0.875402774463001,0.76633001753752,3.57408843757942,2.07740436578199,-0.00919646262161304,-1.48785887813546,17779.964507598,78516.1565079474,73605.0291822301,0.887917685386891,0.788397816022813,3.98322478984809,2.40356153093499,3.42524493215676e-05,-1.47802290131023,20817.7888363399,79591.7152440686,75771.0553846105,1
KI05,N15_M01_F10_KI05_9.mat,0.878406049684033,0.771597188121508,3.59612945318985,2.05908644080396,0.013223924453161,-1.48270470962474,17557.722192071,78231.5771235859,74161.9107859001,0.888202218658799,0.788903181230413,3.89850463609549,2.3271693788442,-0.00522033706443543,-1.4809209564437,21300.8197597878,78970.7751509949,75747.6565046686,1
KI07,N15_M01_F10_KI07_1.mat,0.872099456690342,0.760557462359589,3.62987975834333,2.08224390663042,-0.00143892069221164,-1.48748460677313,17646.3711568562,77548.5914120695,73033.385201476,0.88425316547961,0.781903660660711,3.88955047350375,2.25232595591192,0.0170555585941969,-1.47427279913372,20706.760664111,78573.4909682084,75132.9753930121,1
KI07,N15_M01_F10_KI07_10.mat,0.873356786683192,0.762752076845591,3.67809447999115,2.15132826064394,0.00992806130578542,-1.48998909960486,18054.3978817452,78396.7761457999,73268.5500672274,0.886750582922793,0.786326596313913,3.80483031975115,2.15877826761806,0.00680838083117075,-1.4766075787348,20800.992893663,79533.4159125907,75516.9272028014,1
KI07,N15_M01_F10_KI07_11.mat,0.873381919566378,0.762795977425451,3.59819579840333,2.09802603418147,-0.0148981039098043,-1.48376765707668,17854.947353923,77264.1045133282,73018.7314130916,0.884463651894425,0.782275951522422,3.89023925524158,2.34162523844109,0.00897698606831638,-1.48076742013008,21105.7416184372,78197.597293637,74957.095113136,1
KI07,N15_M01_F10_KI07_12.mat,0.869072488225256,0.755286989790037,3.66156371828333,2.13826312602084,0.00189973442158827,-1.49088897914118,17872.3783533621,74681.6044202531,72320.8777933687,0.882429193366951,0.778681281306248,3.80827422844028,2.22124404925286,0.0119600510160714,-1.47540380407865,20537.5104603655,75782.9885293345,74575.6256993442,1
KI07,N15_M01_F10_KI07_13.mat,0.868317019778831,0.75397444683759,3.60990508794637,2.10431541981311,0.0155992554039085,-1.48261601607511,17736.9686851777,77078.8912044249,72469.8065639678,0.877435351523509,0.769892796103184,3.9067700169494,2.42833554878711,-0.00353014474549534,-1.48031809455244,21324.726685126,77785.0428245223,73916.3599574997,1
KI07,N15_M01_F10_KI07_14.mat,0.879082446656345,0.772785948019305,3.56375671151202,2.02825770045674,0.00245546871211603,-1.48585497863206,17581.5939895406,78768.8177994592,74202.5747920755,0.890632642830061,0.793226504474459,4.16644073210983,2.43995542426386,-0.00890080413837608,-1.4751949972014,20885.4347795936,79741.1820630215,76177.4797940436,1
KI07,N15_M01_F10_KI07_15.mat,0.861294015930309,0.74182738187736,3.68222717041811,2.14853238988704,0.0114770415182137,-1.48572884378034,18054.7429613959,73707.6106253343,71480.638114338,0.872708408755751,0.761619966712995,4.25116088586243,2.6928104177206,0.00380936718569113,-1.47775715340009,21145.0703668853,74658.8367459191,73528.2760737902,1
KI07,N15_M01_F10_KI07_16.mat,0.859832447947325,0.739311838543089,3.55686889413376,2.09865308808063,-0.000743144428198463,-1.49061680857542,17860.2978104624,75758.7741119391,71180.7638779824,0.872806160162847,0.761790593218213,3.89712707261984,2.24277064059357,0.00108784932783253,-1.47638507697316,20517.4145643827,76863.5264186131,73362.3326382267,1
KI07,N15_M01_F10_KI07_17.mat,0.879713021116573,0.773894999522049,3.62299194096507,2.08967891352517,-0.00201039990014159,-1.48722452824643,17627.7354781576,77282.2527903339,74424.9117660084,0.892332225003403,0.796256799779524,4.08723083225983,2.45700303451818,0.0171415804708143,-1.4751246523553,20780.4733969115,78361.0982668831,76647.7876856241,1
KI07,N15_M01_F10_KI07_18.mat,0.868858579594445,0.754915231334876,3.52725127940724,2.0335566039354,0.0112446858300206,-1.48278318376223,17551.9405581637,77227.4159060664,72446.7419768992,0.877762246929896,0.77046656213542,3.72355407468767,2.26697437358076,-0.00694154963842127,-1.47728770111087,21272.516340617,77909.2710441297,73882.0965216421,1
KI07,N15_M01_F10_KI07_19.mat,0.872453304655272,0.761174768803905,3.53276153330985,2.05021191131441,-0.0105114379971912,-1.48414126184857,17439.6629358624,77768.2546761664,73198.1642200484,0.881471962194121,0.776992820134355,3.84615722402071,2.18644019358626,0.0180434782035588,-1.47844025520881,21202.3439459491,78473.1222158431,74655.265400499,1
KI07,N15_M01_F10_KI07_2.mat,0.902074972878892,0.813739256694454,3.72148772947419,2.07835886986348,0.014249396434173,-1.48359228211561,17613.1436370417,80471.1623067277,78103.2189878413,0.910600565127529,0.829193389210576,4.36963134476851,2.65955304965936,-0.00444058184140683,-1.48089393288799,21330.9160778221,81137.5433472473,79545.1955224915,1
KI07,N15_M01_F10_KI07_20.mat,0.863639549870461,0.745873272100453,3.49350097425377,2.06052378082021,0.00313386757138753,-1.48543571109785,17577.0225451467,77175.321494439,71569.2080899452,0.875053188384997,0.765718082502749,4.23394134241678,2.58573811994162,-0.0088768217914167,-1.47317434190435,20859.8644463585,78132.2904768788,73474.0131784797,1
KI07,N15_M01_F10_KI07_3.mat,0.895794394975296,0.802447598069156,3.65743102785637,2.0690665934911,0.00164386995374991,-1.4900925625224,17861.8565235351,79960.3130440121,76941.000293663,0.907853595088028,0.824198150114257,4.15542022430461,2.50391521177517,-0.00186029694121609,-1.47691319548519,20676.9680988231,80980.7913259151,79044.6397832037,1
KI07,N15_M01_F10_KI07_4.mat,0.889202441699283,0.790680982323967,3.66156371828333,2.06608106138884,-0.00161989547137251,-1.48747447450225,17676.4213265141,77345.2326734612,76230.8737419867,0.900701421591301,0.811263050856591,4.23118621546548,2.61062307320126,0.0184302325930819,-1.47507827993648,20841.2342779138,78317.9789058707,78243.0250232368,1
KI07,N15_M01_F10_KI07_5.mat,0.887614206918491,0.787858980323541,3.69738036865028,2.12937448696555,0.00504411063030677,-1.49222344448367,17999.6879483097,78496.2853832873,75606.6745618446,0.900972830494779,0.811752041289775,4.17332854948809,2.58338195908627,0.00811379786088695,-1.47607126605047,20695.3151779736,79616.2759225991,77905.7004847709,1
KI07,N15_M01_F10_KI07_6.mat,0.887794620471556,0.788179288138234,3.69875793212593,2.14331285226652,0.00826852749908159,-1.48896581538105,18022.753871146,78531.2784070172,75745.2136987904,0.900687956041422,0.811238794158075,4.42335632031895,2.53865032164152,0.00785006895554321,-1.47770344809748,20813.5349203271,79601.4273808331,77932.210478288,1
KI07,N15_M01_F10_KI07_7.mat,0.89080757775695,0.793538140589204,3.63814513919724,2.0518624056359,-0.00702320282937062,-1.48571151858554,18797.668454069,80475.9458063451,81478.274139578,0.900071655769674,0.810128985519963,3.93501006820027,2.2837363664314,0.0191394370041107,-1.47622494047861,22736.4578676647,81189.639574063,83147.6383508215,1
KI07,N15_M01_F10_KI07_8.mat,0.880564004885443,0.775392966699891,3.72286529294984,2.12147682625739,0.00237009687621186,-1.48968298106206,17832.1803623608,78829.9362631461,74430.0225428359,0.893521348319473,0.798380399902649,3.91572417954114,2.27427869657687,-0.00174657341550453,-1.47611282099002,20617.2314362649,79895.7204244211,76550.7220914232,1
KI07,N15_M01_F10_KI07_9.mat,0.882464728923445,0.77874399779393,3.49487853772942,1.98693859549303,-0.00934171137098581,-1.48526259907441,17423.1597254241,78888.4643908568,74491.1684602769,0.891639480824328,0.795020963764677,3.8564889500881,2.19246784308734,0.0200505677290378,-1.47675651112847,21271.8619979661,79581.7507043176,75933.2509048938,1
KI08,N15_M01_F10_KI08_1.mat,0.892443125614494,0.796454732456568,3.67809447999115,2.10949948000439,0.0138905854082835,-1.48845318519614,17818.308298161,78831.0025436109,76657.3035432206,0.905002530229262,0.819029579721367,4.35998840043895,2.81057763914748,0.00180207172346166,-1.47867176643577,20924.3578355981,79862.3615263417,78761.9295741195,1
KI08,N15_M01_F10_KI08_10.mat,0.899512453270069,0.809122653587938,3.69462524169898,2.137363993828,0.00470221325588073,-1.49123213224278,17864.013787938,80758.3226085071,77922.7146475193,0.91288640333269,0.833361585389695,4.06587859838722,2.35452028643097,0.00602307453604643,-1.4759578791074,20575.7936381356,81967.8751878254,80394.3822887286,1
KI08,N15_M01_F10_KI08_11.mat,0.906870666177568,0.822414405173347,3.60783874273289,2.02404524575031,0.00793747757166883,-1.48629198100141,17375.6220762246,79682.1851987266,79121.7868481873,0.91707223042795,0.841021475822095,3.94396423079201,2.29557851547811,-0.0139205132588723,-1.47585966385003,20917.1015199901,80492.472844778,80915.2635803195,1
KI08,N15_M01_F10_KI08_12.mat,0.901845866651294,0.813325967196023,3.73664092770637,2.14054535733367,-0.00595095789398977,-1.48867773542849,17783.5048457304,80614.0687001068,77892.4894865415,0.913286657033827,0.834092517916024,4.04797027320374,2.2275769771035,-0.0011985523290258,-1.47941242085444,20666.7204041277,81637.1026887652,79987.8143321204,1
KI08,N15_M01_F10_KI08_13.mat,0.902136419183208,0.8138501188167,3.77590148676245,2.1536057241573,0.013035502761943,-1.48637884796634,17779.6945051568,77233.1728991576,78075.0500688832,0.913008021493393,0.83358364731128,4.10307281222983,2.34795380324615,-0.00290412421534569,-1.47904298955947,20936.4163374822,78084.5476330478,79974.4665863223,1
KI08,N15_M01_F10_KI08_14.mat,0.897881550085455,0.80619127798386,3.75248290767637,2.11055005626283,0.00991726336725942,-1.48937485474334,17795.0818891798,79715.5744709581,77277.0164967922,0.91023598520469,0.828529548761553,4.2001910372633,2.38903336628218,0.00509032652228199,-1.47856818629673,20827.1707323908,80826.0764248972,79601.4895276705,1
KI08,N15_M01_F10_KI08_15.mat,0.896639332374997,0.80396209236188,3.77865661371376,2.13704054421884,0.00412604365812889,-1.4883058001465,17716.8665901592,80125.3595155869,76938.7121986489,0.909064126206299,0.826397585555222,4.24151794153287,2.68908623326371,0.00855800813504074,-1.47732928602884,20670.8572272451,81213.5470630806,79150.5551902746,1
KI08,N15_M01_F10_KI08_16.mat,0.889996136868893,0.792093123641554,3.75317168941419,2.13998634283747,0.00647610836741624,-1.49047541110713,17917.9178467402,79486.3954823842,75944.8833832841,0.903048725083441,0.815496999874828,4.16781829558548,2.58273441312879,0.00562305883594961,-1.47704021055329,20613.3026252324,80578.0202395761,78130.5086119774,1
KI08,N15_M01_F10_KI08_17.mat,0.899786058396227,0.809614950884218,3.61541534184898,2.01419630523391,-0.0015847346594941,-1.48690193945529,17336.7355256521,77331.6670971491,77533.0452272021,0.910300653011657,0.828647278873448,3.84409087880723,2.18790758590486,0.0153254518043248,-1.47527685016948,20954.6201500312,78137.8458986901,79356.8439546134,1
KI08,N15_M01_F10_KI08_18.mat,0.894415802614616,0.799979627966748,3.62230315922724,2.05771392480664,0.000318097661066993,-1.48912779211346,17657.7959795415,80148.1818006775,76910.0336139048,0.906758478570083,0.822210938458731,4.26562530235678,2.45203132928183,0.0117488777325072,-1.47560592031642,20679.2706961727,81200.6355900073,79094.5005903618,1
KI08,N15_M01_F10_KI08_19.mat,0.895640427642848,0.802171775628263,3.73181945554158,2.09421212342309,-0.000776874963149,-1.48700951404567,17494.7014181869,80663.3209487012,77041.1258076376,0.907747034811099,0.824004679208343,3.96669402814027,2.23070637084163,0.0139854820795426,-1.4756340895154,20674.3169779142,81718.6276885915,79212.061503893,1
KI08,N15_M01_F10_KI08_2.mat,0.932599197331178,0.869741262862758,3.68980376953419,1.9790403989837,0.00643990520121748,-1.48736407277637,17535.220381478,82693.2796456023,83227.1679470549,0.943218424927326,0.889660997122386,4.05623565405766,2.20406861166327,-0.012861557137527,-1.47593534745696,20787.4920828199,83540.9371727729,85054.646945331,1
KI08,N15_M01_F10_KI08_20.mat,0.89267991623871,0.796877432855949,3.76074828853028,2.16228354397291,0.0172468414829115,-1.48301613134779,17834.6641093074,80339.9146150868,76436.6410338423,0.903564867228388,0.816429469289454,4.33588103961504,2.61971825120753,-0.00185154286775121,-1.48134298811289,21151.991245787,81262.7722433746,78352.2883623148,1
KI08,N15_M01_F10_KI08_3.mat,0.929537792845879,0.864040508328787,3.72355407468767,2.01654074446795,-0.00464722248216731,-1.48655806105951,17374.4683668137,79547.0499260064,83048.7430799139,0.939453934123923,0.882573694340917,4.03212829323374,2.29611859330674,0.0163426740079536,-1.47656255572209,21038.7155787476,80307.2622823804,84830.8028108195,1
KI08,N15_M01_F10_KI08_4.mat,0.89577110428589,0.802405871273562,3.68498229736941,2.05804580530668,0.000406256109199759,-1.49023296685295,17651.6761538009,78723.4658121149,76813.5519757684,0.908853011166796,0.826013795906952,4.28422240927808,2.50448846365537,0.00991839540764108,-1.47655358794681,20663.2985364542,79820.5823499675,79062.1772506028,1
KI08,N15_M01_F10_KI08_5.mat,0.891617126948509,0.794981101067914,3.60852752447072,2.07378206761897,-0.0126937238183858,-1.48462738218102,17626.667866464,79410.5438304601,76190.517319339,0.902109119620559,0.813800863702579,3.94878570295679,2.19661096139228,0.00494552595755762,-1.48208607278313,21188.8727527207,80295.9280901444,78051.2071798421,1
KI08,N15_M01_F10_KI08_6.mat,0.892213015457836,0.796044064952364,3.61817046880028,2.04387702552786,-0.00431166388505095,-1.4862187525336,17342.9448930186,79758.8804488373,76446.8847901815,0.901811245411451,0.813263522350552,4.01973022195288,2.41506318373194,0.0152504592391867,-1.4762717108903,21089.6082837921,80543.8670526378,78124.1077364505,1
KI08,N15_M01_F10_KI08_7.mat,0.8959773814395,0.802775468051184,3.76350341548158,2.16711470653327,0.0176315030003205,-1.48297646312682,17697.2273564686,78102.1681821739,77064.6580202106,0.90555480844914,0.820029511105359,3.97771453594549,2.2739897772528,-0.00502990687047387,-1.48137658687676,21363.4100450858,78812.4066525198,78677.3182828848,1
KI08,N15_M01_F10_KI08_8.mat,0.895531644531177,0.801976926356714,3.5658230567255,2.02088875591385,-0.00369951359363072,-1.48585660832261,17283.6111677771,77785.6825447698,76741.6106320943,0.905522676672155,0.819971317967504,4.38547332473851,2.49605763086979,0.0171339312835371,-1.47530958761082,21119.1515100909,78508.8785964524,78371.011511941,1
KI08,N15_M01_F10_KI08_9.mat,0.892682695595479,0.79688239501561,3.59819579840333,2.02551971024906,0.00329732427986458,-1.48996703724322,17658.5019808228,79224.7378523815,76580.4453066795,0.904708163090337,0.818496860362293,4.09342986790026,2.30360556974803,-0.00834124256429958,-1.47638112217344,20564.3805247398,80261.9162877321,78720.1117940021,1
KI14,N15_M01_F10_KI14_1.mat,0.910698268618154,0.829371336464103,3.49625610120507,1.9338135046087,-0.0137577158165029,-1.48974774176992,17147.07878536,81297.6076455635,79495.7939883379,0.923704354752573,0.853229734988867,3.42531158220899,1.93325648267886,0.0330548888773545,-1.48284531177674,18667.3041121141,82449.6969124349,81810.4705049725,1
KI14,N15_M01_F10_KI14_10.mat,0.887910984362492,0.788385916151569,3.44873016129507,1.94898058139558,0.003763873502085,-1.48465572899455,17392.2671757009,79475.4852078953,75673.8770319875,0.899203482562538,0.808566903052597,3.42737792742247,1.9661296121391,0.023513200334101,-1.48718870093206,19060.0770766373,80480.4335560727,77652.6210030217,1
KI14,N15_M01_F10_KI14_11.mat,0.885311581789864,0.783776596851271,3.49074584730246,1.98945709203455,-0.0149315130997426,-1.48589601372982,16966.5608011653,79278.7737064652,75269.1436714232,0.897546022856493,0.805588863145508,3.36952026144508,1.89682871034753,0.0372781589772601,-1.4802951886135,18871.4404220988,80335.4585641866,77353.0544403568,1
KI14,N15_M01_F10_KI14_12.mat,0.885246730812102,0.783661774413515,3.5472259498042,2.01590277581203,-0.00174847894271003,-1.4856021715454,16977.1329120592,78619.0309934016,75280.2850254239,0.894509349507212,0.800146976355815,3.34472411888334,1.94572906682973,0.0110757381908846,-1.48418932829897,19322.148196154,79416.6076895338,76867.4053441097,1
KI14,N15_M01_F10_KI14_13.mat,0.89280105233164,0.797093719044484,3.56926696541463,2.02766499457422,-0.00840283410213079,-1.4874473769886,16990.6998459492,80113.0164673423,76625.891515365,0.904009247009774,0.817232718679178,3.29099914333291,1.89467791427407,0.00783156489074524,-1.48113682230175,19038.5719332189,81098.9114296813,78551.6252842159,1
KI14,N15_M01_F10_KI14_14.mat,0.894711899192917,0.800509382557397,3.4838580299242,1.98201604312438,-0.00953711202703881,-1.48910898625744,17217.8958797346,80012.5825710647,76865.5358548003,0.906995186767052,0.822640268818599,3.31855041284595,1.91005025832326,0.0125993513045719,-1.48305467414818,18800.0103119776,81080.4606876618,78941.5826694423,1
KI14,N15_M01_F10_KI14_15.mat,0.887878684591042,0.78832855855112,3.49143462904029,1.99950690255792,-0.0096033627535675,-1.48970479810242,17187.0928716373,79128.1435249647,75598.8059560865,0.89987267898856,0.809770838390048,3.27584594510073,1.87984821106428,0.0132089825349476,-1.48235409714126,18757.0103568668,80205.1572736076,77705.4548226379,1
KI14,N15_M01_F10_KI14_16.mat,0.893269467753994,0.797930342021504,3.51072051769942,2.00617556702016,-0.00983499138825111,-1.4896803437721,17226.3086598804,79461.6963806863,76460.0920097176,0.905445512429757,0.819831575979185,3.33921386498073,1.92333388903826,0.0129424955046198,-1.48249087463022,18778.7806812543,80503.8784992588,78509.4821342769,1
KI14,N15_M01_F10_KI14_17.mat,0.887938754338544,0.788435231456284,3.56237914803637,2.03886821355712,-0.0224095133682123,-1.48605133945777,16887.6167710661,79324.9303188279,75731.844313221,0.896722941109548,0.804112033112158,3.23589660430682,1.80858975842533,0.0369225012336068,-1.48539026499376,19240.4194214888,80110.0762081145,77267.7528996011,1
KI14,N15_M01_F10_KI14_18.mat,0.884899344398048,0.783046849716095,3.47352630385681,2.03007160489943,-0.0209533705393286,-1.49102398275728,17401.8749921618,79741.5836038418,75162.2613643906,0.897694278051279,0.805855016846007,3.26207031034421,1.87466376720395,0.0211752318189806,-1.48594250068691,18709.9507221934,80888.7442770071,77364.8988218395,1
KI14,N15_M01_F10_KI14_19.mat,0.884171155716937,0.781758632601825,3.42186767351986,1.99617980284687,-0.0126979002203237,-1.4931116530019,17425.5250019118,78192.408803889,75125.5940420896,0.897354284109171,0.805244711209082,3.35712219016421,1.98477246242055,0.0179348396050636,-1.48389788430425,18571.5104143625,79350.7769822734,77371.1844620021,1
KI14,N15_M01_F10_KI14_2.mat,0.904844738511614,0.818744000812152,3.47765899428377,1.99503419908904,-0.021006846777656,-1.49017765788576,17410.5805045462,81700.3252962886,78687.6899954862,0.917358305247657,0.841546260206853,3.37847442403682,1.92802557198495,0.0204035016243052,-1.48694818613901,18790.6297934901,82806.0746354474,80834.1051168799,1
KI14,N15_M01_F10_KI14_20.mat,0.882569749654111,0.77892936300452,3.49143462904029,2.00255306024921,-0.0121300359524455,-1.49023222205756,17272.159482604,79391.7457573899,74859.7335156714,0.896568448724876,0.80383498324893,3.39225005879334,1.92160282741061,0.0304325911899097,-1.4836113300874,18551.9524569169,80657.7793133757,77317.3562370634,1
KI14,N15_M01_F10_KI14_3.mat,0.906756780550992,0.822207859075199,3.65398711916724,2.05145971970678,-0.00581523276848823,-1.48714811294135,16882.4901685915,81603.8053380471,78814.9839820124,0.916172195632939,0.83937149205088,3.45906188736246,1.94527784090242,0.00673314086015105,-1.48071748769394,19265.090894556,82422.0215316714,80442.4439181434,1
KI14,N15_M01_F10_KI14_4.mat,0.891795752103323,0.795299663469532,3.59544067145202,2.03325173095746,-0.0223912338435862,-1.48459186297014,17034.9464960054,79805.8223458306,76607.3658654181,0.902166893428597,0.813905103598606,3.3385250832429,1.9160173299746,0.0337711892482291,-1.48611015904465,19176.2394279399,80623.5591759741,78212.1479732068,1
KI14,N15_M01_F10_KI14_5.mat,0.892180565109046,0.795986160758297,3.44115356217899,2.00105151766615,-0.0150213264116051,-1.49314827998395,17359.2807294947,80186.4880286799,76271.5840335688,0.90510760003076,0.819219767633442,3.26826934598465,1.90135142957397,0.0199515195049258,-1.48457619974173,18563.8566716918,81320.9447717625,78489.3521049786,1
KI14,N15_M01_F10_KI14_6.mat,0.888593513353561,0.789598431974026,3.43977599870334,1.94241924726511,-0.0132968096737639,-1.48877467578461,17191.0409685585,77669.0398263436,75833.9774124025,0.902117760885993,0.813816454505958,3.40258178486073,1.93962526932013,0.0314803198906904,-1.4832249617905,18595.0467751257,78828.034367288,78128.2447854946,1
KI14,N15_M01_F10_KI14_7.mat,0.88816955326838,0.788845155352954,3.45492919693551,2.00272859057728,-0.0217880024658725,-1.48826093350013,17383.9584015975,79796.1526487175,75716.9606008663,0.900312181683926,0.81056202448847,3.29306548854638,1.90753730828908,0.0227853039389628,-1.48718694588019,18852.1042523729,80909.4484377883,77875.7016712294,1
KI14,N15_M01_F10_KI14_8.mat,0.894886454895697,0.800821767155788,3.55893523934724,2.04046341405294,-0.0253168668267364,-1.48469711787712,17081.0301269564,79053.9413462174,76930.0242988057,0.903621093025507,0.816531079760611,3.2248760965016,1.78942432482598,0.0323168094572866,-1.48979113227094,19217.0587000687,79805.7055508406,78440.7233006974,1
KI14,N15_M01_F10_KI14_9.mat,0.88960499910825,0.791397054438389,3.56995574715246,2.0089671289738,-0.0166592466723181,-1.48643270745998,16850.1897489961,79266.276918175,76032.3357531039,0.900429353103611,0.810773019930587,3.3357699562916,1.89311021032794,0.0395381635876422,-1.47987687208476,19015.6120827702,80221.9918681721,77919.9878594463,1
KI16,N15_M01_F10_KI16_1.mat,0.903001323614203,0.815411390449002,3.53482787852333,1.99354323086521,0.00540859380670534,-1.49122841500592,18653.1765098896,78633.004006159,85139.393231883,0.914614411323922,0.836519521401405,3.34541290062116,1.92916119288148,0.00106095128703537,-1.48670115931367,19912.2667715086,79727.8635516527,87411.4282038136,1
KI16,N15_M01_F10_KI16_10.mat,0.88391654099544,0.781308451445344,3.47352630385681,1.96644250299519,-0.00267715959848887,-1.49132770075941,17052.9388525609,78773.0011896785,75013.8135260476,0.896360982916509,0.803463011695051,3.32819335717551,1.92573121492001,0.00721124980370157,-1.48519399988488,18185.558455389,79850.9675082174,77098.1237613372,1
KI16,N15_M01_F10_KI16_11.mat,0.89180178584224,0.795310425231409,3.52931762462072,1.9803540337314,0.00162500745020226,-1.49199617582546,17036.182170443,77190.2541009846,76041.5134545191,0.903451654306331,0.816224891668847,3.28135619900334,1.92599210573742,-0.00895691947112917,-1.48577250052692,18182.9589931105,78166.8640366845,77905.6527884899,1
KI16,N15_M01_F10_KI16_12.mat,0.886405670952562,0.785715013496861,3.54929229501768,2.07487680598072,-0.0116706558078157,-1.48898861005023,17068.7512149162,78393.4299217681,75359.5255607872,0.896685582163539,0.804045033259964,3.38260711446377,2.01351854822855,-0.00158917081034979,-1.48884727867827,18473.6999636825,79294.4195621012,77105.6613495001,1
KI16,N15_M01_F10_KI16_13.mat,0.895763745711007,0.802392688130214,3.67120666261289,2.06934498114583,-0.00456106969344721,-1.49022516790594,16749.7515959863,80442.5764564226,77013.3273982472,0.905853499127497,0.82057056188153,3.27928985378986,1.88773348440321,0.0110323132948951,-1.48516018614545,18526.7168716064,81348.8741507092,78801.6140022525,1
KI16,N15_M01_F10_KI16_14.mat,0.88785774463738,0.788291374712576,3.61541534184898,2.03943580303412,0.00766377575508395,-1.48586570594006,16742.4429329663,78386.9923480981,75849.8800609097,0.896500938314688,0.803713932399115,3.3674539162316,1.98048059626208,-0.0156029255474906,-1.48505661085391,18846.2943784143,79118.9810434749,77344.2815645012,1
KI16,N15_M01_F10_KI16_15.mat,0.890931188225753,0.793758382153353,3.6450329565755,2.07087506703791,0.00625475225870047,-1.48639032427402,16868.3639439304,79349.2356082071,76783.6748058685,0.900190925195193,0.810343701803777,3.29582061549769,1.93640903601093,-0.0159882502922057,-1.48384709078504,18775.1879957098,80205.8039413705,78525.4780669527,1
KI16,N15_M01_F10_KI16_16.mat,0.890009603923951,0.792117095076869,3.67465057130202,2.08483681240904,0.00901846630005344,-1.48652246518014,16803.2726921424,79572.2478505179,76471.9662764527,0.898501815189619,0.80730551189904,3.32337188501073,1.96257800795095,-0.014954199940974,-1.48413360284341,18818.7072922509,80310.2581777843,77943.5417049941,1
KI16,N15_M01_F10_KI16_17.mat,0.884461042165278,0.782271335108089,3.61472656011115,2.05842441122615,0.0037097018433259,-1.48770104459561,16787.9948244157,79557.1375809286,75005.2266266585,0.894281523327277,0.799739442964554,3.34334655540769,1.97329514847048,-0.0171978272087805,-1.48230323518216,18613.817455045,80444.2715352143,76732.5423682042,1
KI16,N15_M01_F10_KI16_18.mat,0.890270076984732,0.7925808099744,3.65674224611854,2.05725374321315,-0.0132838630037479,-1.48512873939436,16819.9859810107,73764.0937779153,76615.6029293158,0.898359600716619,0.807049972199723,3.19594726351291,1.79906274013494,0.0055018573440402,-1.49011507489695,18847.6960492508,74369.8654744521,78000.2240921544,1
KI16,N15_M01_F10_KI16_19.mat,0.88135729445814,0.776790680494572,3.61748168706246,2.08952907427319,-0.0144103993353276,-1.48599542566048,16829.4932353379,79066.0698893629,74846.1606666489,0.888932095657078,0.790200270689285,3.21661071564769,1.83479823162159,0.00597309317956847,-1.49001361223681,18863.0090448461,79718.7955765793,76124.2184022909,1
KI16,N15_M01_F10_KI16_2.mat,0.898613849957843,0.807506851336057,3.57477721931724,1.99812638617891,-0.0161496246862558,-1.48572808582216,16985.435487127,80246.9768918073,77732.4362347044,0.906370062868315,0.821506690863914,3.22763122345291,1.80743497709951,0.000887957387686099,-1.49219763683415,18752.4809281589,80921.6697390254,79047.738253184,1
KI16,N15_M01_F10_KI16_20.mat,0.886935686442327,0.786654911884921,3.65743102785637,2.06924926934729,0.00555387779226199,-1.48721342537758,16890.283733955,79148.3131870198,75473.861263899,0.896570778142919,0.803839160219799,3.29788696071117,1.9507441217724,-0.0160292807403101,-1.4832879886894,18700.0873677077,79968.8002644915,77049.1532713336,1
KI16,N15_M01_F10_KI16_3.mat,0.895799321474641,0.802456424354428,3.53689422373681,1.98296744043359,0.0141968243633468,-1.48811350275127,18631.7450661171,76875.1997343274,83517.2533902531,0.906507059563375,0.821755049038235,3.3357699562916,1.93197855025017,-0.00306568174561776,-1.48946176817011,20189.6384885495,77778.7010880037,85559.5947086294,1
KI16,N15_M01_F10_KI16_4.mat,0.895449860329989,0.801830452364998,3.71804382078506,2.08949848969525,-0.00832309459387332,-1.48688258479996,19573.8407524452,94089.5642321587,90005.6446574414,0.903962653727171,0.817148479333469,3.2882440163816,1.82669747151943,0.0127258432722548,-1.48517787358877,21980.4999357302,94933.5662187155,91646.536028737,1
KI16,N15_M01_F10_KI16_5.mat,0.895073572629154,0.801156700419117,3.67602813477767,2.06598970921952,-0.00725658493261945,-1.48805033408514,16639.360546865,77693.0234251944,76826.8376028463,0.903262855918547,0.815883786882129,3.30684112330291,1.89986251826609,0.012481520214885,-1.48510841779559,18728.4197157114,78401.2862742892,78206.814205107,1
KI16,N15_M01_F10_KI16_6.mat,0.887835223863453,0.788251384732668,3.65329833742941,2.06933662519849,0.00597709339521236,-1.4871247091496,16775.5154768897,78909.5398491338,75748.7429871571,0.896961218756892,0.804539427953849,3.39362762226899,2.05662035220381,-0.0138878053613327,-1.48472601978468,18616.7124046891,79699.4261314315,77309.164961007,1
KI16,N15_M01_F10_KI16_7.mat,0.891210083161776,0.794255412329219,3.65949737306985,2.06281210265146,0.00428161132927467,-1.48844607255827,16791.0640358394,79244.3273557156,76261.3011694936,0.901294819483753,0.812332351628251,3.30546355982725,1.88708444171279,-0.0141741439013067,-1.48427045553772,18529.5925353619,80110.5476732724,77945.0106161564,1
KI16,N15_M01_F10_KI16_8.mat,0.888256946224166,0.78900040251548,3.52656249766942,1.99393642372818,-0.00016812545030741,-1.49183220521703,17188.351964654,79083.0073941439,75962.0515537595,0.900368896385869,0.810664149579107,3.28342254421682,1.90934569294136,0.00683864223700726,-1.48479395700706,18337.1689588289,80143.197732678,77997.2837518922,1
KI16,N15_M01_F10_KI16_9.mat,0.890171826931078,0.792405881461813,3.56237914803637,2.03296846998788,0.0097344786950002,-1.48961246011779,17124.0287045036,79518.9917695274,76174.526518892,0.901207668235526,0.812175261286514,3.32130553979725,1.87922685452358,-0.0011478069099701,-1.4885843179568,18437.3977221904,80533.3895985656,78160.3576930122,1
KI17,N15_M01_F10_KI17_1.mat,0.934162394649701,0.872659379577663,3.67327300782637,1.97474292456564,-0.00380781063408677,-1.48826811467193,17949.8408139432,82416.3101520903,83732.0665533533,0.94555455816902,0.894073422474211,4.73261932060285,2.62903115669672,0.0193113998512569,-1.47492729992973,20887.840005422,83351.0166350475,85786.3732404839,1
KI17,N15_M01_F10_KI17_10.mat,0.903725860821074,0.816720431516792,3.58993041754942,2.04248782517474,-0.000712624745892247,-1.48916828424336,19754.8856546693,79810.6296396169,84974.4916395444,0.916354682999936,0.839705905055913,4.93925384195066,3.04219823243767,-0.00088103021633611,-1.47589766642681,22463.4860883651,80888.3217891698,87379.798960409,1
KI17,N15_M01_F10_KI17_11.mat,0.913964835475935,0.835331720486554,3.67189544435072,2.01069484350467,0.0136880536890861,-1.48289230628224,18181.9333971029,81380.9991879606,80409.3605718966,0.923881363289675,0.853556773433988,4.6017507904159,2.5023923158744,0.00274125697582753,-1.48278497448639,21170.7619257063,82174.1552062478,82158.068760113,1
KI17,N15_M01_F10_KI17_12.mat,0.910806624146766,0.829568706589628,3.61885925053811,2.00808556049973,0.0076502186074711,-1.48744998599226,18276.057487922,81713.2221320713,79491.9457888577,0.922675068313336,0.851329281687019,4.28697753622939,2.51651024672323,0.00732851962681804,-1.48011203429735,20841.1261391809,82757.0369951817,81695.5386730582,1
KI17,N15_M01_F10_KI17_13.mat,0.902539787289441,0.81457806764047,3.67396178956419,2.06390440292293,0.00741364958447032,-1.48439875801979,17856.7485181674,77912.1198089284,78353.6999049579,0.911463359909207,0.830765456456981,4.36205474565243,2.56423711506808,-0.00713841777225831,-1.47650895152723,21208.04774752,78567.9144979859,79892.9297440004,1
KI17,N15_M01_F10_KI17_14.mat,0.907395403397598,0.82336641810709,3.61541534184898,2.03116815536395,-0.0109728828163324,-1.48507028986822,17968.8415469629,80624.0593586799,78612.3947485066,0.917258845314575,0.841363789307828,4.00802093240983,2.36097983857656,0.0146957136134099,-1.48000884626409,20969.1892613497,81351.4309872353,80144.0746123128,1
KI17,N15_M01_F10_KI17_15.mat,0.907246020918789,0.823095342472976,3.65398711916724,2.01802419078207,0.0040357679417798,-1.48531807906176,17814.4979575874,81265.7349160051,78977.495930208,0.917744476444464,0.842254924044324,5.08871947905892,2.88301107527461,-0.00963947259612127,-1.47269090130438,21206.1694397209,82109.1908135523,80793.5541255843,1
KI17,N15_M01_F10_KI17_16.mat,0.907687960592943,0.823897433805375,3.66776275392376,2.04492553282118,0.0108145544618114,-1.48233816740702,17943.7299423653,79747.6244030994,79265.8479803931,0.916195781317285,0.83941470970359,4.04865905494157,2.36591926571455,-0.00493884134908733,-1.47936165708159,21214.6648736753,80401.5103037076,80732.4283886354,1
KI17,N15_M01_F10_KI17_17.mat,0.907023431304097,0.822691504934658,3.78072295892723,2.09792999976534,-0.0108047258254353,-1.48390328996761,17956.4655166977,81790.5846248289,78912.0176751412,0.915898609630474,0.838870263123035,4.2001910372633,2.45141753888464,0.0174055399082568,-1.47936188209578,21003.4837040761,82502.9253032259,80399.9771398297,1
KI17,N15_M01_F10_KI17_18.mat,0.9167445742463,0.84042061441003,3.61128265142202,2.00258242947512,0.000348651815691443,-1.48933078916376,18186.0509343316,82186.528160692,80764.9437804431,0.928755315779538,0.862586436588749,4.03970489234983,2.40133124737228,-0.00296410165433817,-1.47644682140116,20781.3419506828,83215.0494871013,82929.1006304502,1
KI17,N15_M01_F10_KI17_19.mat,0.898175496283458,0.806719222124036,3.59061919928724,2.0691552337318,-0.0105992940970494,-1.48496891479674,19377.9622467153,77778.7028154206,82713.8725942303,0.909455178155915,0.827108721074607,4.20570129116591,2.54675918062169,0.0030282698298432,-1.47997229757346,22185.3883953726,78771.0056210738,84842.0012823663,1
KI17,N15_M01_F10_KI17_2.mat,0.930085459446077,0.86505896187302,3.6477880835268,2.00367449737995,0.0116743962744071,-1.48604149323979,18241.1334986873,82441.3231654064,83044.5824847393,0.941756552422687,0.886905404031066,4.37376403519547,2.58127426546633,0.00685240454071048,-1.48270987284274,20851.1761535176,83389.9991590774,85088.1022027868,1
KI17,N15_M01_F10_KI17_20.mat,0.902608553375832,0.814702200627212,3.61128265142202,2.02154146229522,0.00178024825127809,-1.48546758321724,17941.0340506434,78587.4217508142,77799.1032003336,0.913929819080627,0.835267714204748,4.18228271207983,2.39740130443532,-0.00639030432831955,-1.47439932431104,20923.3122649201,79453.9587296258,79635.1293652136,1
KI17,N15_M01_F10_KI17_3.mat,0.922187842890524,0.850430417575078,3.69600280517463,2.01929927536061,0.0021728229770119,-1.48521159645253,17861.8723655151,81531.1154748992,81651.911846212,0.932399631185487,0.869369072234832,4.32141662312069,2.6743231453881,-0.00906338532538938,-1.47436901056402,21017.6581434588,82348.9686869525,83448.0620325131,1
KI17,N15_M01_F10_KI17_4.mat,0.912051813963924,0.831838511354884,3.60095092535463,2.03813737539649,-0.00399909030123331,-1.49191334467977,18310.6453516687,81515.6270991554,79959.7744043133,0.925173143824697,0.855945346054473,4.61208251648329,2.65317400974372,0.00270556057054973,-1.47769182373665,20610.2526996973,82667.3740762931,82362.4450385,1
KI17,N15_M01_F10_KI17_5.mat,0.914758242861867,0.836782642883731,3.63470123050811,2.00518490297004,0.0133897666801298,-1.48234968200616,18150.0379811693,82510.5008232415,80544.5725358905,0.923633523614546,0.853098885944621,5.08183166168066,2.95903266756672,0.00164820901923158,-1.48146301984977,21254.0528573529,83212.7519907038,82078.137436974,1
KI17,N15_M01_F10_KI17_6.mat,0.913709763514614,0.834865531941932,3.63332366703246,2.01766436340144,-0.00300603957201895,-1.489163443544,18266.8636292855,80640.9809660796,81578.4940025758,0.926003171797306,0.857481874178672,4.18228271207983,2.57842058655986,0.0152700162888722,-1.47566708232017,20962.8249180922,81761.8261136102,83974.6820552157,1
KI17,N15_M01_F10_KI17_7.mat,0.911602826391853,0.831019713085615,3.63539001224594,2.05121056777126,-0.0113850740853561,-1.48683682851292,18248.4690241951,74532.7604701907,80270.9659945849,0.922804186476856,0.851567566579211,4.07207763402766,2.46805029131846,0.00468311382429763,-1.48052493551339,20830.6291054965,75405.9514240798,82190.9131946945,1
KI17,N15_M01_F10_KI17_8.mat,0.916519707007572,0.840008373333245,3.61403777837333,2.03391909256453,0.000146670590458901,-1.49045398155901,18391.0881708294,73762.4557448935,81422.2566242749,0.929114909907115,0.863254515811706,3.99286773417766,2.31920617849865,-0.000106641288791882,-1.47706325560591,20837.3784777454,74736.6327855824,83745.9332390837,1
KI17,N15_M01_F10_KI17_9.mat,0.920554033870125,0.847419729274559,3.72355407468767,2.06009930026354,0.0087807897145033,-1.48434420024413,17942.8923837721,83052.642051835,81657.8146250291,0.929732775881003,0.864403034547396,5.2044348110137,2.96315426208724,-0.00444410013520653,-1.4778320873024,21166.7979868051,83750.6926875583,83139.3531832237,1
KI18,N15_M01_F10_KI18_1.mat,0.876480558684174,0.768218169751323,3.46043945083812,1.99268584134509,-0.00404786164401702,-1.49082750979991,16894.5280070235,77439.2403274204,73660.9889022884,0.888894326530362,0.790133123737866,3.3516119362616,1.99831535223999,0.0216662355372743,-1.48363433884864,18321.1940439835,78471.4497159396,75659.694492922,1
KI18,N15_M01_F10_KI18_10.mat,0.861542489709187,0.742255461574304,3.5947518897142,2.1063402421109,-0.0153987014772275,-1.48602365941017,16607.9038848984,77212.5574418869,71359.1962459846,0.869744020034425,0.756454660385643,3.19525848177508,1.86066428326606,0.0223385748141948,-1.48864559761828,18779.9640082799,77890.3290676558,72620.5101083387,1
KI18,N15_M01_F10_KI18_11.mat,0.86698751195276,0.751667345882037,3.5499810767555,2.07061898565493,0.0111316110678076,-1.48511250179357,16671.8173199148,77624.2089991171,72418.1538913146,0.875165384026551,0.765914449398341,3.27377959988725,1.98066338061812,0.00322256652828048,-1.48736908811661,18888.3183298025,78310.9296182351,73744.3223954781,1
KI18,N15_M01_F10_KI18_12.mat,0.864505518284864,0.747369791144981,3.4521740699842,2.00649607315011,-0.00232736026911076,-1.4922415668464,16933.8250715117,77729.6349606277,71655.3938766539,0.876410480594126,0.768095330495226,3.25518249296595,1.88799392990138,0.00582852578875498,-1.48430935873122,18183.609203071,78776.5469993674,73620.0600001913,1
KI18,N15_M01_F10_KI18_13.mat,0.868681924143657,0.754608285333926,3.58786407233594,2.06669894881112,0.00386993858185007,-1.48672951224487,16549.980784656,76854.7627858042,72506.9450562962,0.876702904331377,0.768607982463071,3.2724020364116,1.95819733424496,-0.0027426009683116,-1.48213314230476,18820.5215433483,77554.2769693641,73897.9588017947,1
KI18,N15_M01_F10_KI18_14.mat,0.865124148139368,0.748439791693868,3.42875549089812,2.04775207899432,-0.0147408658994183,-1.48933836697529,16978.0689664409,76971.3151598469,71873.7004385506,0.876777504316243,0.76873879207502,3.26758056424682,1.96117898415728,0.013134775263282,-1.48794560961911,18417.7336923572,77992.607659898,73835.0708873011,1
KI18,N15_M01_F10_KI18_15.mat,0.868322395173873,0.753983781960492,3.43013305437377,2.01354770698662,-0.0071360890998292,-1.49140838702498,16963.1706174517,77853.1712565879,72350.8552101453,0.880373339376688,0.77505721668526,3.24416198516073,1.90532904432666,0.00831799355575879,-1.48628810370721,18241.0301814266,78926.2860292191,74413.571490889,1
KI18,N15_M01_F10_KI18_16.mat,0.869969458631178,0.756846858951026,3.56720062020116,2.09688533233981,0.0136527210896168,-1.48512103937884,16863.3578782599,77778.1583005386,72709.638425603,0.87946267717852,0.77345460055001,3.34954559104812,1.90914479474172,0.00911926368846642,-1.48960781158349,18693.3875877439,78587.8147982239,74267.1461712833,1
KI18,N15_M01_F10_KI18_17.mat,0.867233894990633,0.752094628620624,3.47559264907029,2.01537039646544,0.0119990938651854,-1.48587660213963,16903.1735953967,76992.5313260055,71974.5193636481,0.877201601986347,0.769482650527413,3.25449371122813,1.93580876790561,0.00985517924494912,-1.48773808416393,18717.7966349689,77883.6071911272,73706.9486581703,1
KI18,N15_M01_F10_KI18_18.mat,0.862685124944211,0.744225624800009,3.45975066910029,2.02321200659525,-0.0020909026267393,-1.49124814692172,16902.3291489861,77672.5034066202,71387.9797517113,0.874351182639587,0.764489990583245,3.18974822787248,1.89744905700435,0.00472668486764402,-1.48404133704485,18180.0557780855,78701.9812232583,73316.9717093632,1
KI18,N15_M01_F10_KI18_19.mat,0.868499000683822,0.754290514188798,3.6133489966355,2.1082711688927,-0.0101133114404103,-1.48777390426671,16438.9147294315,77666.546186682,72463.134527188,0.87725548694985,0.769577189383618,3.20283508089117,1.84153390845674,0.0285200968583939,-1.482932093945,18732.7976124371,78455.635237971,73984.5638115386,1
KI18,N15_M01_F10_KI18_2.mat,0.873378690956961,0.762790337817695,3.68222717041811,2.13633801298902,0.000644308169176637,-1.48929691067599,16743.5215651677,77804.8391784164,73067.9094671883,0.883822920535751,0.781142954864344,3.2062789895803,1.88870079400689,0.00104497858136333,-1.48287652165156,18503.5276568391,78719.885159487,74814.1949286532,1
KI18,N15_M01_F10_KI18_20.mat,0.86968836717089,0.756357855992369,3.56237914803637,2.05817417162294,-0.00901616793273916,-1.4873147017528,16532.4857285152,77704.3287098669,72685.0967390098,0.87925328671907,0.773086342206288,3.28135619900334,1.91782747056292,0.0278023912015074,-1.48251484512575,18635.0649940934,78561.129859213,74332.6088325324,1
KI18,N15_M01_F10_KI18_3.mat,0.866921931741489,0.751553635734395,3.52449615245594,2.0895220744158,-0.00500595329137171,-1.48957007681777,16762.7723259582,77671.8185882746,72130.3909419601,0.878350310720392,0.77149926834261,3.21729949738552,1.90115875551981,0.0241616329224456,-1.48295253594693,18299.6778800573,78676.0105397841,74059.7565083207,1
KI18,N15_M01_F10_KI18_4.mat,0.864869170215593,0.747998681589409,3.38811736836638,2.02400530495361,-0.00877044769076742,-1.49385366059614,17016.4719922334,77478.824172018,71830.8513753671,0.877434861985009,0.769891937026652,3.32543823022421,2.03174288755952,0.0101711479446054,-1.48541280662003,18209.6506630147,78589.7718376053,73940.5021837422,1
KI18,N15_M01_F10_KI18_5.mat,0.872265275444011,0.760846710745416,3.66982909913724,2.10891803933439,0.000986123368872193,-1.487468304997,16624.1474246216,77538.2454610018,72928.327450397,0.881618256413262,0.77725075004116,3.27171325467378,1.94442907186074,-0.00233845353159345,-1.4813368372393,18689.4016078271,78373.981734123,74556.9672846623,1
KI18,N15_M01_F10_KI18_6.mat,0.861481398302174,0.742150199620668,3.51898589855333,2.08317089119762,-0.00709936942213678,-1.48771466614652,16680.5841338739,76024.5957812091,71096.296926324,0.872348166143353,0.76099132297367,3.31441772241899,2.02596235127592,0.0268982514167246,-1.48169438754661,18454.8452523912,76946.0873457061,72841.9867895939,1
KI18,N15_M01_F10_KI18_7.mat,0.865486759625484,0.749067331087021,3.58304260017115,2.08328062434693,-0.0172783221895439,-1.48466270812471,16735.781035998,76812.4011783814,72020.6545179107,0.87355968530174,0.763106523784475,3.1587530496703,1.81624213731376,0.0202662731322155,-1.49175020676244,18755.7574628857,77499.8223976616,73325.4437141411,1
KI18,N15_M01_F10_KI18_8.mat,0.865792614919529,0.749596852049195,3.52518493419377,2.04417147093386,0.0120798983896938,-1.48637058719076,16952.477280972,77733.8931439688,71922.3715662573,0.876655244862286,0.768524418344555,3.24002929473378,1.93109108838881,0.011684085805172,-1.48807594700653,18618.128539942,78690.2797575383,73742.3037713587,1
KI18,N15_M01_F10_KI18_9.mat,0.865454422419248,0.749011357285035,3.45975066910029,2.00658707558283,-0.00420056756082041,-1.49028761275472,16822.3677882601,77108.0988880258,71979.946670663,0.878038053947843,0.770950824180515,3.2407180764716,1.96466020186456,0.0229627273258223,-1.48360423028562,18211.9016017339,78207.9610220376,74077.3509263538,1
KI21,N15_M01_F10_KI21_1.mat,1.00640440823311,1.01284983291103,3.75454925288984,1.86742075042096,-0.0017786055810242,-1.49779664506674,17879.7710477542,90835.1637725051,97293.438812925,1.01871377393714,1.03777775320926,3.71184478514463,1.89601325208223,0.00462885594976796,-1.48644203226866,18752.2563853124,91923.2283489607,99668.6835312638,1
KI21,N15_M01_F10_KI21_10.mat,0.96535825392522,0.93191655842155,3.65192077395376,1.94750126251345,-0.0177563656403072,-1.48700031706063,17595.6540911549,86977.2194207442,89495.7059950555,0.973732287123259,0.948154566986294,3.49487853772942,1.80927109678388,0.00514130835648769,-1.49139962248037,19302.3367670289,87686.4781365877,90972.6554714854,1
KI21,N15_M01_F10_KI21_11.mat,0.964469970921533,0.930202324809382,3.5658230567255,1.87219311168819,0.00475301594394185,-1.49262117321064,17813.0900877153,85984.0071684094,89349.6076761982,0.976645626648326,0.953836680051301,3.74490630856028,2.034246794322,0.00330624382635552,-1.48778878935508,18888.5828219899,87065.4077653377,91638.5140741857,1
KI21,N15_M01_F10_KI21_12.mat,0.967421814955669,0.935904968052121,3.70220184081506,1.91497338110351,-0.000464615960514125,-1.49161906800417,17548.4787411494,86434.3213348704,89826.9221991239,0.978232691789399,0.956939199285533,3.57753234626855,1.90014299103796,-0.00972238439504734,-1.48418553553642,19068.7350630817,87381.2304636985,91807.1521876515,1
KI21,N15_M01_F10_KI21_13.mat,0.965612535408138,0.932407568537333,3.67120666261289,1.92855459157242,-0.00522077942584835,-1.49298686310913,17558.8276867602,86646.4680876007,89516.8803982795,0.977598292267255,0.955698421043852,3.75799316157897,2.05259934722021,0.0114504698327184,-1.48449911267403,18939.1938153036,87716.5387761182,91774.6821439703,1
KI21,N15_M01_F10_KI21_14.mat,0.960108161756141,0.921807682270755,3.57684356453072,1.86764684372819,-0.0042241083154685,-1.49285357357485,17637.1008434468,86685.1350397728,88500.8316144038,0.972009789678858,0.944803031231537,3.59819579840333,1.9233290800772,0.0106496410367618,-1.48442087922111,18938.3101083339,87746.0130549827,90719.3229136614,1
KI21,N15_M01_F10_KI21_15.mat,0.962723097963514,0.926835763352466,3.6767169165155,1.9471532838902,-0.0160647321939253,-1.48907134961073,17719.596920968,86793.5417032014,88908.5741543697,0.972805683313419,0.946350897486887,3.56237914803637,1.88150328381917,0.00240699749045373,-1.49013530979042,19184.6921574265,87703.8708325857,90817.5809030079,1
KI21,N15_M01_F10_KI21_16.mat,0.962224406242589,0.925875807968903,3.69462524169898,1.92014414372101,0.00374989067348776,-1.48876716066064,17272.3647395619,86634.4346915742,88869.7758737213,0.970606096197702,0.942076193976143,3.62299194096507,1.93458211750457,-0.0137632724141943,-1.48297465059188,19515.9073204766,87366.3202951215,90437.538345195,1
KI21,N15_M01_F10_KI21_17.mat,0.96313287728646,0.927624939310095,3.69187011474767,1.93164006137836,-0.0178147721105428,-1.48676433216289,17541.4070190472,86809.5276147186,88920.8492815936,0.970975387751565,0.942793203619301,3.5499810767555,1.85603221582087,0.00768426947906122,-1.49176030539127,19386.2489798031,87520.1374249197,90420.6901447518,1
KI21,N15_M01_F10_KI21_18.mat,0.958595383565609,0.918905109393298,3.64916564700246,1.91668167172094,-0.00223652778705272,-1.49311123590566,17374.6619144821,85773.2831354837,88083.1740421933,0.969531890448454,0.939992086596554,3.61403777837333,1.94963487751756,-0.00682964325035124,-1.4849097724061,18676.546874254,86776.606020046,90149.5623935771,1
KI21,N15_M01_F10_KI21_19.mat,0.960172958708153,0.921932110634368,3.63539001224594,1.92878478195178,0.00703689114731256,-1.48768138283162,17295.9844429154,86217.432128442,88528.9976121426,0.969615977025378,0.940155142902878,3.5816650366955,1.89469060906324,-0.00401189147568096,-1.48869387398598,19117.1881032109,86951.4925132703,90077.7239758979,1
KI21,N15_M01_F10_KI21_2.mat,0.977353378204249,0.955219625887258,3.83858062490462,2.01364478322322,0.00971318121649574,-1.48839503971656,17659.4800508905,87403.528455153,91565.3274178557,0.986924094791705,0.974019168880426,3.62299194096507,1.90920888723013,-0.00290255803013639,-1.48994127702009,19130.7894761877,88226.917050776,93348.2937804087,1
KI21,N15_M01_F10_KI21_20.mat,0.955900031738152,0.913744870676999,3.65054321047811,1.92573781268188,-0.00313654876273648,-1.49276445676349,17365.1250425401,86265.4425688898,87690.6751946656,0.967693707408215,0.936431111357456,3.68291595215593,1.95361150617735,0.0111922673331328,-1.48489048487732,18699.4151167316,87359.6275628608,89973.6946099495,1
KI21,N15_M01_F10_KI21_3.mat,0.976749228682056,0.954039055730992,3.6477880835268,1.87593227804274,0.0094835290530838,-1.49093689352175,17823.9149815069,87783.1700719474,91546.0393720986,0.987474422234558,0.975105734567475,3.71735503904724,1.98039216771974,0.000225167889599815,-1.48967751727529,18937.0048669408,88749.1844396074,93607.8263656565,1
KI21,N15_M01_F10_KI21_4.mat,0.977621242591664,0.95574329396647,3.81791717276984,1.96620691876161,0.0109729674215459,-1.48767809266086,17564.3344967542,87620.1372669385,91823.0629896497,0.985695920072755,0.971596446848075,3.70633453124202,1.92785356267305,-0.00842430099127402,-1.49033179142842,19285.4512827261,88304.3399706794,93286.5682970209,1
KI21,N15_M01_F10_KI21_5.mat,0.976770612524361,0.954080829491216,3.67258422608854,1.88718252847138,0.0124945086839424,-1.48704962892324,17733.6611552726,88012.7370840264,91693.3178314116,0.986294898076541,0.972777625971815,3.65123199221593,1.92350182998303,-0.00229076209886577,-1.492574676419,19153.5289164803,88833.2674250956,93437.5558189782,1
KI21,N15_M01_F10_KI21_6.mat,0.969273178660625,0.939490494870873,3.60921630620855,1.86418396610406,-0.000607725574262099,-1.49690409363174,17792.4982688812,87562.4706899097,90252.7439027278,0.981774534100943,0.963881235809123,3.59130798102507,1.91296690836675,0.00375624218299178,-1.48634259885047,18595.0453975623,88706.2405354707,92662.6559830995,1
KI21,N15_M01_F10_KI21_7.mat,0.971218279987719,0.943264947382304,3.69118133300985,1.91070169129083,0.00858843354668062,-1.49152961117877,17815.6854173034,87717.1853684386,90609.8299640572,0.982458920569498,0.965225530606583,3.68704864258289,1.98007522983693,0.00129646140442088,-1.48954186094644,18888.9733612352,88722.3738916181,92717.1008348575,1
KI21,N15_M01_F10_KI21_8.mat,0.966061615730284,0.933275045387407,3.67189544435072,1.91213982541455,0.00709361785705578,-1.48804988592105,17421.9206070778,86672.6376840057,89800.6004339117,0.97371326437002,0.948117521210121,3.65467590090507,1.94829021470892,-0.0114732069240125,-1.4865232055457,19538.3354314237,87341.2428876651,91214.3749919686,1
KI21,N15_M01_F10_KI21_9.mat,0.965443457195887,0.932081069042347,3.63607879398376,1.88967282384233,0.00798621919369616,-1.48987878550362,17827.5407285749,87187.3700305213,89513.2030327663,0.97605192198045,0.952677354401731,3.65123199221593,1.92797966163929,0.000933121688779607,-1.48964009153766,19191.7955634887,88139.630582634,91522.8696188621,1
