Bearing,File,I1_RMS,I1_Variance,I1_PeakToPeak,I1_CrestFactor,I1_Skewness,I1_Kurtosis,I1_LineIntegral,I1_FFTPeak,I1_FFTEnergy,I2_RMS,I2_Variance,I2_PeakToPeak,I2_CrestFactor,I2_Skewness,I2_Kurtosis,I2_LineIntegral,I2_FFTPeak,I2_FFTEnergy,Label
K001,N15_M07_F04_K001_1.mat,1.75888838192439,3.09368834006859,5.97655913911671,1.7228617948213,0.00243641210777836,-1.49970188796586,19664.9431577805,160216.247473375,299754.099514247,1.7534976574864,3.0747540348103,5.67900542837585,1.65152893494231,0.0157531117339228,-1.4939549341943,20690.1534476303,159736.707674771,298027.442752509,0
K001,N15_M07_F04_K001_10.mat,1.75307573944287,3.07327454822315,6.05439147549105,1.73553726571333,0.0116903386716983,-1.49387037016519,19347.6255438545,157153.498648151,295141.775045294,1.75550399378282,3.08179427218744,5.88219604103454,1.71784992705913,0.0077461864804614,-1.49512796253392,21277.8874606086,157346.615638062,295913.56780139,0
K001,N15_M07_F04_K001_11.mat,1.75564298444227,3.08228228882136,6.01099822600801,1.75540264998063,-0.00996250163937112,-1.49513563038001,19419.9304067828,158039.206027058,295869.361599465,1.75178517575293,3.06875130198774,5.76028167343932,1.67399333725442,0.00587751469281266,-1.49615297920704,20776.919971926,157667.217033279,294387.312275792,0
K001,N15_M07_F04_K001_12.mat,1.75131108868803,3.06709052936165,5.98344695649497,1.72689400917677,0.00564260290959026,-1.49905092068779,19036.750794304,156850.142395832,294467.9664358,1.75080624790468,3.06532251770207,6.06059051113149,1.79031795778101,0.00147378999230288,-1.49228719863732,20706.014713489,156789.90948233,294193.382521687,0
K001,N15_M07_F04_K001_13.mat,1.7528092159563,3.07234014754135,6.0027328451541,1.72882176292592,-0.00172852602456358,-1.50128423055223,19260.7908301667,156326.226790225,295183.536833113,1.74911707208061,3.05941053184386,5.82227202984367,1.73824343322893,0.0166320510475232,-1.49381688115107,20372.8013946174,155936.468405695,293714.171421861,0
K001,N15_M07_F04_K001_14.mat,1.74973018623201,3.0615557246115,6.08951934412018,1.74864846919395,0.00671113507068439,-1.49744942077464,18907.6042184617,156937.487970915,294001.153297301,1.75353573659306,3.07488757950896,5.90905852880975,1.76972959001134,-0.00226576959579129,-1.48760540540364,21305.745237995,157241.221120727,295166.902721197,0
K001,N15_M07_F04_K001_15.mat,1.75444259227141,3.07806880957602,6.01719726164844,1.73585542903872,0.0096793659361582,-1.49390381514508,19600.4635441757,159460.188357011,297109.662389634,1.74968677032595,3.06140379425364,5.73273040392628,1.68282400935302,0.0155189561698491,-1.49533791159907,20910.7798812003,159038.190192853,295543.056162726,0
K001,N15_M07_F04_K001_16.mat,1.75008226692132,3.06278794099248,5.9552069052441,1.70828633596594,-0.00569519454218254,-1.49883617561035,19012.9492525717,156676.17119104,293900.999257538,1.75002972979657,3.06260405517184,5.74512847520715,1.69157400359686,0.0203420144448654,-1.49155950232137,20725.6959628656,156703.641573076,294078.999773522,0
K001,N15_M07_F04_K001_17.mat,1.74955625314764,3.060947082928,6.04681487637496,1.73167174725834,0.00511321903991521,-1.49754245203215,19139.8751960914,161382.135722277,299697.708062132,1.75288311036438,3.07259919860069,5.75890410996367,1.70155927736873,-0.00240741948127829,-1.48779266420248,21515.1410853297,161691.850733414,300873.248050216,0
K001,N15_M07_F04_K001_18.mat,1.75265162626,3.07178772303183,6.02821776945366,1.7430963107617,0.00302707536929976,-1.49788868101966,19531.4538130811,159877.458583026,298173.028104606,1.74862572024081,3.0576919094877,5.77750121688498,1.69728743466944,0.0164173301911326,-1.49433546841224,20722.8375186536,159380.963002895,296201.204269811,0
K001,N15_M07_F04_K001_19.mat,1.75142358636427,3.06748457887307,5.99722259125149,1.72822451877082,-0.00254484175564913,-1.50046814508544,19346.4346402298,158613.549241084,295196.147828995,1.7479700280778,3.05539921905831,5.71413329700498,1.67428541523342,0.0178276512431985,-1.49317239988866,20452.1166780733,158285.321773316,293992.373246401,0
K001,N15_M07_F04_K001_2.mat,1.75444348401052,3.07807193858698,6.02201873381323,1.73463677984586,0.00510082519155433,-1.49713081571142,19337.2483581924,141153.211746249,301134.739722523,1.75779289568334,3.08983586411483,5.85120086283236,1.72277937192633,-0.00173042357195179,-1.48854089521605,21721.6695342899,141376.851806471,302282.936394636,0
K001,N15_M07_F04_K001_20.mat,1.74912323666407,3.05943209703818,6.06747832850975,1.74037075097746,0.00463947664126841,-1.49901344113306,18976.1118276693,145570.542595246,293970.161694086,1.74946843496251,3.06063980493018,5.84844573588106,1.75757307677232,0.0013638419420442,-1.48988551074758,20871.0585271616,145657.024956777,294458.436662674,0
K001,N15_M07_F04_K001_3.mat,1.75735117634929,3.08828315701624,5.96416106783584,1.73512506121823,-0.00191398441936842,-1.50054865437315,19417.2434692235,156437.546908093,296594.845112574,1.75139833623088,3.06739613215231,5.90561462012062,1.7015440702324,0.00497278974757371,-1.49375409731449,20535.1830668734,155916.367002602,294528.531467555,0
K001,N15_M07_F04_K001_4.mat,1.75615953359562,3.08409630743877,6.0185748251241,1.72140250532287,-0.00248428972493816,-1.50100615457021,19379.0918487653,158631.897494694,296158.830900068,1.75190092051143,3.06915683528878,5.85877746194845,1.75322245749831,0.017095028819739,-1.49333402661357,20463.6069350237,158253.049357518,294727.220538944,0
K001,N15_M07_F04_K001_5.mat,1.75442875124956,3.07802024321108,5.99171233734888,1.71677370938043,-0.00518026876148713,-1.50064705329409,19333.3491647745,156908.909810341,295526.501990281,1.75148661195756,3.06770535186656,5.74030700304237,1.67614744982129,0.01845563597812,-1.4932909530964,20550.9231071462,156659.493917065,294590.257712714,0
K001,N15_M07_F04_K001_6.mat,1.75415858346058,3.07707233592842,6.06472320155844,1.73111864779544,0.0115013374453782,-1.4939769858769,19271.5640653281,147347.584728018,295759.343982424,1.75641834153409,3.08500539047737,5.81745055767889,1.71244459936664,0.00792363075989528,-1.49459565036249,21320.1366436251,147509.841583301,296576.654150039,0
K001,N15_M07_F04_K001_7.mat,1.75508519454938,3.08032404012644,6.02821776945366,1.73428026966351,0.015417867583674,-1.49201995802053,19438.8994558425,136663.077262708,296202.793328881,1.7540557210505,3.07671147255,5.80298614118454,1.69267709073814,0.0118662558838949,-1.49720942075115,21126.9843360135,136560.044465814,295816.226632808,0
K001,N15_M07_F04_K001_8.mat,1.75443081562162,3.07802748680275,5.99997771820279,1.74624286524438,0.000315749177901963,-1.50021925405235,19362.7263946746,156826.655601071,295675.222874909,1.75122377904382,3.06678472428853,5.74926116563411,1.68900417316221,0.00451103409822416,-1.49287624210013,20582.4989283533,156495.465563234,294399.725122482,0
K001,N15_M07_F04_K001_9.mat,1.75222587887841,3.0702955306112,6.02064117033757,1.7277617233291,0.00405893449536718,-1.49883363330798,19079.6777385506,147608.324145136,295738.358372504,1.75303933527368,3.0731469110168,5.93247710789584,1.70525476275812,-0.00033282271479048,-1.49025407390548,21003.1930381827,147722.642344275,296117.249433817,0
K002,N15_M07_F04_K002_1.mat,1.79437569701188,3.21978414202687,5.99377868256236,1.68181120286475,0.00453855212025896,-1.50391579712483,17842.951531177,149423.129015193,309872.48466487,1.81235573237866,3.28463330068577,6.26791381421713,1.80406174722229,-0.0077568548727044,-1.49118892197902,20095.2671250864,150911.193745755,315966.640720624,0
K002,N15_M07_F04_K002_10.mat,1.79732329086049,3.23037101186959,6.13429015707887,1.70751128132734,0.0049339868236858,-1.50134165145124,18043.0316055076,144739.99560352,310514.127039104,1.81278207997818,3.28617886949,6.24311767165539,1.77190702034591,0.00419320257052448,-1.49311311995882,20335.480444935,146004.299237944,315749.14681221,0
K002,N15_M07_F04_K002_11.mat,1.78952532384926,3.2024008846978,6.01030944427018,1.71095380094635,0.0036783573766192,-1.5059758404249,18057.0290279837,156042.231545282,307535.66359594,1.80749287904619,3.2670305078027,6.43115508608191,1.86840296971281,-0.00529938856663114,-1.49169780063117,20115.9216230586,157624.979378168,313821.031145136,0
K002,N15_M07_F04_K002_12.mat,1.78662278756548,3.19202098504825,6.12326964927366,1.71687775436895,-0.00463182990233606,-1.50341125501728,17808.4366782945,159381.943555382,306794.604043228,1.80431233332315,3.25554299618202,6.23554107253931,1.8032651744485,0.00853055673781176,-1.48962300280397,20174.2325074195,160927.018824238,312849.327707273,0
K002,N15_M07_F04_K002_13.mat,1.78938820917741,3.20191016314315,6.07298858241236,1.71931530889502,-0.00585844393426945,-1.49965198552357,17634.8629915806,160198.694624886,307303.439933402,1.80279187954259,3.25005856094471,6.25689330641191,1.8158680839958,0.0135906778340395,-1.48573168126475,20594.2495448006,161309.783463716,311710.659799647,0
K002,N15_M07_F04_K002_14.mat,1.79797918349102,3.23272914426705,6.12877990317627,1.73876056024361,-0.00942717960636039,-1.49708128644607,18060.6623516508,158210.620193616,310661.756609494,1.81114454180914,3.28024455132505,6.359521785348,1.87797353803741,-0.00333271297032515,-1.49526818316243,20426.1654485372,159303.467071429,315134.146223252,0
K002,N15_M07_F04_K002_15.mat,1.7918631327781,3.21077348660936,6.04750365811279,1.71307476190502,-0.0102623256046157,-1.49749334201684,17844.2932780023,160890.958327408,307468.311271017,1.80259363775597,3.24934382287829,6.23071960037452,1.8029618433857,0.00505422845113305,-1.4924727574102,20631.373502906,161854.673168468,311213.499145844,0
K002,N15_M07_F04_K002_16.mat,1.79950166437805,3.23820624009937,6.08056518152844,1.69990417258425,0.0110737927156199,-1.49814473596412,17763.6238496498,158522.402154668,310778.340720871,1.80982643540314,3.27547172628404,6.49590056943756,1.8074414603799,-0.0078128568516667,-1.49095035047267,20691.9628772556,159404.887452857,314317.621389384,0
K002,N15_M07_F04_K002_17.mat,1.79344289151982,3.21643740514298,6.10949401451714,1.72904362523489,-0.00759255282767869,-1.49896131297287,17725.2697273607,148464.705799103,307837.274187583,1.80599327383323,3.26161170513087,6.23967376296626,1.81365912303682,0.0112305963308188,-1.48822785447264,20620.1491157064,149339.253552093,311706.118094107,0
K002,N15_M07_F04_K002_18.mat,1.79873424786546,3.23544489444412,6.0874529989067,1.73349684437621,-0.00638707773193296,-1.50065796318454,18093.2617025203,159971.931620111,309946.379224297,1.81518485749079,3.29489606686387,6.54824798151234,1.96060714723046,-0.00488591435646572,-1.49417278727707,20232.7658682817,161441.071150982,315780.860110037,0
K002,N15_M07_F04_K002_19.mat,1.7923191413951,3.21240790461126,6.01719726164844,1.68439389676008,0.00606032991335757,-1.5013646462445,17697.6185844957,159093.587600173,308543.733597032,1.80744589254307,3.26686065447082,6.55582458062842,1.91765991797232,-0.0109880859243649,-1.4873374519733,20409.304760377,160436.591481489,313978.522577796,0
K002,N15_M07_F04_K002_2.mat,1.7884276964743,3.19847362551638,6.05163634853975,1.71033768043345,0.00587299966176859,-1.50117975759403,18077.596739457,160377.214203409,306314.382088057,1.80468216283886,3.25687770886874,6.26102599683887,1.79664784522096,0.00401873660636254,-1.49432966224757,20371.1083691058,161819.210852906,312068.764203269,0
K002,N15_M07_F04_K002_20.mat,1.78309349607422,3.17942241574218,6.07849883631496,1.72897586964213,-0.0105234011860329,-1.49623693840745,17920.4346552102,150588.827106223,306670.14977815,1.79481795860587,3.22137150453413,6.33816955147539,1.88358615599216,0.00154281145803875,-1.49392150442868,20574.4243400408,151455.528203532,310623.366396984,0
K002,N15_M07_F04_K002_3.mat,1.79567041979104,3.22443225651254,6.14048919271931,1.716615357357,-0.0100890110291004,-1.49677824603703,17959.6194482752,154718.090055612,309961.378533421,1.8076502722024,3.26759950659342,6.24725036208235,1.81823293890811,-0.000354319440648417,-1.49487523675329,20586.3285548156,155669.852539193,314046.386746452,0
K002,N15_M07_F04_K002_4.mat,1.78830317364383,3.1980282408646,6.05439147549105,1.71383627540046,-0.0078120020141066,-1.49847659985986,18026.9278884773,157836.565823121,307585.939580388,1.80106899849155,3.24384953732737,6.29202117504104,1.84606000264616,-0.000198534617487284,-1.49367536410607,20562.2969599829,158858.916865777,311594.601394394,0
K002,N15_M07_F04_K002_5.mat,1.79088978060657,3.20728620628103,6.05645782070453,1.71277739949059,0.00575749096637345,-1.50241109977966,17736.810265378,149049.513489982,308849.662445448,1.80661306319374,3.26385076010226,6.28375579418713,1.8058943010659,-0.0114194168759872,-1.48766473010818,20339.5049966291,150501.948344961,314912.174149988,0
K002,N15_M07_F04_K002_6.mat,1.78816174962293,3.19752244281452,6.14737701009757,1.73483875720755,0.00248752365560911,-1.50370331346663,18093.7472936455,157892.032170783,306412.595678768,1.80523332638622,3.25886736269547,6.3305929523593,1.84158889454408,0.00613116563998389,-1.49231606831749,20189.7362955562,159433.187545682,312548.622830378,0
K002,N15_M07_F04_K002_7.mat,1.79116002968516,3.20825425194176,6.09365203454714,1.72361269180723,0.0040826264683203,-1.50443267184382,17909.0146539971,161149.901064147,307481.813445421,1.80798507109685,3.26881001730908,6.3650320392506,1.76656825267031,-0.0069664734475822,-1.49065708725539,20119.680305002,162687.87768902,313449.827534764,0
K002,N15_M07_F04_K002_8.mat,1.79498349953818,3.22196576361433,6.07505492762583,1.71623812117612,-0.00886083147502396,-1.49775734901282,17773.4796275364,148657.584212833,309605.854289359,1.80627053809729,3.26261325679827,6.32577148019452,1.77970560039974,0.00603486431676606,-1.49135192296099,20644.7152051677,149517.76161306,313629.809485644,0
K002,N15_M07_F04_K002_9.mat,1.79431539049431,3.21956772056475,6.09089690759583,1.70587976436423,0.0065494183821173,-1.50125148657579,17744.6913060222,157448.400494116,309044.713950666,1.8084127180333,3.2703565587446,6.51380889462103,1.91237716476069,-0.0110857293229492,-1.48739113919075,20512.8203901914,158693.012988616,314012.237974132,0
K003,N15_M07_F04_K003_1.mat,1.7765886656499,3.15626728691571,6.11224914146844,1.72529976617283,0.00785727317150364,-1.49647305129062,18877.7599945434,131646.817741931,302357.516551267,1.7829485490489,3.17890552855557,5.8601550254241,1.70198955985453,-0.000224094975789362,-1.49492505221806,20065.1177708583,132024.66288605,304398.923370839,0
K003,N15_M07_F04_K003_10.mat,1.74766251662094,3.05432427200182,6.01306457122149,1.72677065409351,0.00282317352163859,-1.50226376389517,19033.882018366,147816.521780941,300334.18465978,1.75577617070541,3.08274996161695,5.72377624133454,1.69458384596417,-0.00723155612544011,-1.49276429607593,20146.5131751624,148508.742599044,303022.171843535,0
K003,N15_M07_F04_K003_11.mat,1.74812849477491,3.055953234244,6.00962066253236,1.7261499330619,0.00909542519585723,-1.49796925666606,18435.9547244496,158037.332902032,293549.861178938,1.75481185938789,3.07936466184837,5.72377624133454,1.69517987993427,-0.00957091520704494,-1.49006923218781,20222.4306983056,158617.629685421,295698.230775381,0
K003,N15_M07_F04_K003_12.mat,1.74607363069984,3.04877312382532,5.94763030612801,1.73084305301817,0.00475995728973589,-1.50207883717444,18899.0268194805,156528.964878877,292768.458390724,1.7539790204862,3.07644240430572,5.8098739585628,1.72889086397859,-0.00736176554476215,-1.4920825516246,19742.5419971457,157246.863922773,295384.240325018,0
K003,N15_M07_F04_K003_13.mat,1.74636706581768,3.04979792857265,5.96209472262236,1.70861375015944,0.00709180479808069,-1.49932261277869,18321.8890247569,157073.816669832,292795.14604683,1.75360427713065,3.0751279607709,5.79816466901976,1.72550650896857,-0.010911106832592,-1.48853927276129,20150.2518824354,157732.886790642,295240.087042362,0
K003,N15_M07_F04_K003_14.mat,1.74585868372999,3.04802254355542,5.95589568698193,1.71431317492897,0.00759919195225979,-1.49893612543209,18287.8260126945,156953.337858961,292621.397307103,1.75351590788707,3.07481803921301,5.81607299420324,1.72405395444818,-0.0113041404002594,-1.488411936759,20162.0266062435,157611.501898617,295076.252058248,0
K003,N15_M07_F04_K003_15.mat,1.74392882218045,3.0412877368317,5.88563994972367,1.70950488811808,0.0122645605842311,-1.49497251542954,18817.5818228913,156770.495188868,292079.395574295,1.75051811522788,3.06431367174095,5.83604766460019,1.71545175212297,0.00505019717887759,-1.49750524702742,20084.4456752035,157326.398930396,294121.412255373,0
K003,N15_M07_F04_K003_16.mat,1.74280625771945,3.03737365194609,5.85533355325932,1.6815859030302,-0.00355791733521462,-1.50366872397875,18712.2016609126,157482.312298873,292318.747298643,1.75084921729175,3.06547298169115,5.85188964457019,1.75254811259967,0.00902797905219021,-1.49284091120876,19666.9192725863,158237.589260276,295123.774997425,0
K003,N15_M07_F04_K003_17.mat,1.74386764445145,3.04107436136465,5.90630340185845,1.69877547982706,0.00708512420609619,-1.50018407648566,18366.9546362994,155927.937923374,291818.237929031,1.75195072879163,3.06933135611353,5.81813933941671,1.68197397370407,-0.0101508226385148,-1.49017145141419,19978.6935710863,156625.356592719,294424.038866785,0
K003,N15_M07_F04_K003_18.mat,1.74534989058367,3.04624624056043,5.89390533057758,1.72881791839004,-0.00901554719623694,-1.496472447114,19040.2325859888,158926.671197487,294851.439656151,1.75194935552866,3.06932654433729,5.64387755974672,1.64296675658466,-0.00371756231808468,-1.49603509640226,20010.3458470664,159525.958183717,297057.361684088,0
K003,N15_M07_F04_K003_19.mat,1.74339222776836,3.03941645984313,5.87117553322932,1.69053216946474,-0.00186311550033767,-1.50421776821174,18897.3661667106,156309.223418396,291930.407023887,1.75151816658519,3.06781588787793,5.79540954206845,1.71599665530002,0.0079681430333244,-1.49316550051855,19611.0081038,156990.858735417,294434.794733921,0
K003,N15_M07_F04_K003_2.mat,1.76610741319102,3.11913539492829,5.97724792085453,1.72550300318505,0.00762620543567254,-1.4994255523102,19239.9097230028,157516.048067591,304356.754220492,1.77333963634577,3.14473346583494,5.7409957847802,1.66914455830818,0.00581515121987622,-1.49614587440306,19998.3452028483,158115.038934928,306620.594703107,0
K003,N15_M07_F04_K003_20.mat,1.74455947259291,3.04348775341367,5.93178832615801,1.71508027761807,-0.0109395576322096,-1.49574595164944,18612.8393849773,156637.631419908,292129.768569272,1.75036903106485,3.0637917449109,5.70173522572411,1.66900540329471,0.00594333258069153,-1.49548087025383,20300.2065545775,157159.957637277,294047.574841748,0
K003,N15_M07_F04_K003_3.mat,1.76308709698982,3.10847611157199,5.97036010347627,1.73195937472756,-0.00106661068506637,-1.50162613267573,18875.3285950089,158123.771635969,298542.025498672,1.77018166351257,3.13354312183612,5.73135284045063,1.66271572664829,-0.00482106745160125,-1.49493319895415,19595.1723228657,158759.463164779,300881.591573547,0
K003,N15_M07_F04_K003_4.mat,1.76045650306612,3.0992070991878,5.99240111908671,1.72099558330964,-0.0106269910338638,-1.49519928603779,19256.3991578064,162674.542258236,305021.889915217,1.76632591396878,3.11990723435766,5.70862304310237,1.64519113955941,-0.000613225748066199,-1.49739008883335,20536.6398402489,163225.477240953,307080.128147595,0
K003,N15_M07_F04_K003_5.mat,1.75587912121094,3.08311148830449,5.98620208344627,1.7195690103766,-2.76496907382979e-05,-1.50198976505959,18810.1836182453,157766.973794389,295664.922395087,1.76357973175514,3.11021347025752,5.72928649523715,1.66819407906052,0.00738421315653212,-1.49428380083997,19584.1290852631,158454.243826852,298221.470903009,0
K003,N15_M07_F04_K003_6.mat,1.75363793019163,3.0752459902068,5.98275817475714,1.73663774693417,-0.00645145215846815,-1.49768640978964,19180.6689832959,156486.403436038,299592.233880772,1.76016297080996,3.09817368381054,5.81194030377628,1.68802939696562,-0.000855543459446685,-1.49573236711219,20169.1045273814,157002.597023999,301590.639818852,0
K003,N15_M07_F04_K003_7.mat,1.75093838614874,3.06578523208916,5.97587035737888,1.70824342352797,0.000574046207349934,-1.49955350138861,18705.0307542401,156630.238586285,294167.754169553,1.75809083108698,3.09088337035211,5.72446502307237,1.67855541058678,-0.00551631666970786,-1.49441614025971,19722.2911252719,157285.234066864,296576.298884882,0
K003,N15_M07_F04_K003_8.mat,1.75065338078071,3.06478725963893,6.04888122158844,1.7432097967863,-0.00696299251277815,-1.49789728568938,18381.3729044173,157237.237606705,294268.727117614,1.75708913141316,3.08736221573026,5.72102111438324,1.65128740352285,0.0117399758245166,-1.49101982266687,20183.1343225992,157786.937665908,296327.750158523,0
K003,N15_M07_F04_K003_9.mat,1.75102577126807,3.06609125164492,6.02890655119149,1.73159846273702,-0.0107580209872098,-1.49570637368483,18512.510059482,157068.930275492,294392.625899831,1.75687325950598,3.08660364996716,5.77199096298237,1.68394558091627,0.00646798025473179,-1.49480825667047,20217.8551212213,157558.575610597,296221.943595804,0
K004,N15_M07_F04_K004_1.mat,1.81705785461847,3.30169924703069,6.15633117268931,1.69649861643744,-0.00872979369190254,-1.49648051118503,17153.4899657757,163013.375278508,317279.01362344,1.81288874761784,3.28656561123937,5.85120086283236,1.62687655670809,0.010196731715803,-1.49667835943407,19120.6760939312,162581.954751839,315395.411239776,0
K004,N15_M07_F04_K004_10.mat,1.77752358863081,3.15959010813897,6.13635650229235,1.73894374961729,0.00977679356317109,-1.49642984947729,17071.9836676118,161165.478019015,305979.974167327,1.77814895572885,3.16181370875961,5.72722015002367,1.61557901623426,0.010524736710779,-1.49352300404113,19555.4647444617,161225.452917647,306379.264793372,0
K004,N15_M07_F04_K004_11.mat,1.77654506745576,3.15611237670138,6.16528533528105,1.77085122540684,-0.0115267358452147,-1.49627715288673,16902.8918836659,158974.672816293,303062.91348622,1.77757260200363,3.15976435539395,5.68658202749194,1.60791440085448,0.0174881439207664,-1.49492000001355,19294.0328143977,159085.542542894,303526.379763622,0
K004,N15_M07_F04_K004_12.mat,1.7745612994429,3.14906780548046,6.1322238118654,1.7530544337648,0.0102295654093708,-1.49624424475049,16846.9889802605,152899.806443576,302719.535165347,1.7779170764362,3.16098913068343,5.71757720569411,1.61827391486796,0.00747966303969199,-1.49363100974941,19452.6702691268,153246.105971114,304070.290488031,0
K004,N15_M07_F04_K004_13.mat,1.77365409178063,3.14584883729018,6.00135528167845,1.71344806612587,-0.000373762663255233,-1.49901795740466,17000.9868012036,159076.331908806,301954.259900222,1.77399045491632,3.14704213413422,5.68864837270541,1.60655658206448,0.0217397863439917,-1.49460610023791,18884.3936514604,158979.961755068,301477.687003314,0
K004,N15_M07_F04_K004_14.mat,1.7703235245898,3.13404538171604,6.14117797445714,1.74845493886882,0.00534953189945152,-1.49910944068965,16711.4959694857,158709.27958751,300597.916668442,1.77612285984336,3.15461241325814,5.67487273794889,1.60151832936347,0.00398701687158996,-1.49089976844827,19332.7251285201,159259.660837537,302985.437018089,0
K004,N15_M07_F04_K004_15.mat,1.77527934434273,3.15161675044995,6.07092223719888,1.71820929294961,-0.00731878755873257,-1.49750775920328,17194.9153658337,160863.035243761,305274.85177368,1.77294095583814,3.14331963288827,5.69209228139455,1.61957800431387,0.0122047947019716,-1.49585274489153,19212.6808033431,160513.781159152,303677.384095204,0
K004,N15_M07_F04_K004_16.mat,1.77045346120883,3.13450545830633,6.15839751790279,1.74601496076283,-0.0071025221573231,-1.49994339269034,16779.6743410227,158951.959764287,300359.906981607,1.77484205492203,3.15006431991986,5.7093118248402,1.62053560894732,0.0244752561330891,-1.49169334727244,19109.9304100394,159482.288657338,302795.067857458,0
K004,N15_M07_F04_K004_17.mat,1.77122158075543,3.13722588813375,6.12946868491409,1.73614129739062,0.00925078978154405,-1.4964508325248,16771.172019251,158005.04760777,301293.490575136,1.77546049111778,3.15225995552019,5.67005126578411,1.59693155392619,0.0089138789210021,-1.4927749687485,19481.6259646033,158374.368078229,302917.319150196,0
K004,N15_M07_F04_K004_18.mat,1.76952968942744,3.13123532176517,6.06472320155844,1.7183135555744,0.00133128980646304,-1.50091179468266,17030.5520685181,158995.391805139,300476.057355347,1.76875408583105,3.12849101614405,5.68795959096759,1.62087903076894,0.00682182241804708,-1.49327006189212,18923.0108883734,158902.458860568,300138.211259508,0
K004,N15_M07_F04_K004_19.mat,1.77161960660535,3.1386360305085,5.99033477387323,1.69623308637734,0.00443978453218761,-1.49810722789057,17160.4108446774,159458.823842783,301444.547943528,1.76809410671867,3.12615677021328,5.67074004752194,1.60740750724781,0.0196800829679391,-1.49550883663983,18895.1937491095,159094.229702556,299890.063596318,0
K004,N15_M07_F04_K004_2.mat,1.80829096613734,3.26991621821392,6.12809112143844,1.71166063621126,-0.00966940083003667,-1.49595422096794,17162.4668581648,162712.883102197,313836.585362728,1.8033688069826,3.25213905399785,5.77130218124454,1.61003612592649,0.0103575773327631,-1.49704953789776,19079.0392378796,162191.537154772,311721.286302847,0
K004,N15_M07_F04_K004_20.mat,1.77040056675716,3.13431816677408,6.10467254235235,1.73822367003255,0.005731614030712,-1.49787673144531,17019.4130902539,159381.69932282,301738.83969218,1.76930663371784,3.13044596411796,5.69002593618107,1.61304006082959,0.015458433744459,-1.49415226817482,19105.5346049886,159092.504102726,300312.292071587,0
K004,N15_M07_F04_K004_3.mat,1.79797688622992,3.23272088341706,6.16115264485409,1.7269037354521,0.00647541320567894,-1.4995945889488,16702.3523919161,161688.727678375,310010.730223779,1.80306680400913,3.25104989971968,5.73824065782889,1.60389543160304,0.00335478967644269,-1.49148618027093,19302.2981952516,162194.761654806,312214.825579335,0
K004,N15_M07_F04_K004_4.mat,1.79940763044166,3.23786782049166,6.09434081628496,1.70260149954996,0.00601856846652953,-1.49717841045873,17163.3925808204,161097.441514878,311184.813461579,1.79566404518751,3.22440936317916,5.71482207874281,1.59630801381138,0.0175996729000816,-1.49609878353338,18985.7940325579,160638.312762506,309183.816568946,0
K004,N15_M07_F04_K004_5.mat,1.79361581264816,3.21705768338152,6.13015746665192,1.72071446104084,-0.00653199349903679,-1.49813219234258,17163.6178124487,160491.984366114,309382.883077303,1.78989276280644,3.20371610234688,5.72170989612107,1.60737446534046,0.00950941397104733,-1.49568013378688,18924.2148788511,160013.627774345,307241.824318302,0
K004,N15_M07_F04_K004_6.mat,1.78632750905253,3.19096596959783,6.06678954677192,1.69883801918281,0.00276644276604986,-1.50092567934868,16887.0127094821,160111.558941692,306155.019795866,1.78864627034679,3.19925548042549,5.73548553087759,1.60673244005964,0.00502078066770762,-1.49362487959028,18955.2672259375,160301.944548324,306976.094559672,0
K004,N15_M07_F04_K004_7.mat,1.78361658990749,3.18128813979324,6.14531066488409,1.72308895310207,0.00646839948734756,-1.49972409436976,16759.0646138635,160369.023112887,304986.577082022,1.78869479496156,3.19942906952257,5.70517913441324,1.60689557914625,0.00401690141752645,-1.49192370846964,19269.2979734106,160873.671117565,307232.52272493,0
K004,N15_M07_F04_K004_8.mat,1.78475267302119,3.18534210385627,6.15701995442713,1.73993629114896,-0.00903880467594019,-1.49703820019672,17075.1768597483,143123.505724006,308201.64922869,1.78533905066344,3.18743552582384,5.81745055767889,1.6374197283076,0.0180572135401069,-1.49408202425211,19383.4043112258,143111.381267112,308299.521717444,0
K004,N15_M07_F04_K004_9.mat,1.78143439841916,3.17350851587104,5.9579620321954,1.69894168317954,0.000374313100151353,-1.49974471638629,17034.7329736667,160180.556136877,304430.874892319,1.77822620264447,3.16208842777136,5.65076537712498,1.59204616934798,0.0212810387911366,-1.4949217307854,18790.4493326748,159867.159095236,303219.574213146,0
K005,N15_M07_F04_K005_1.mat,1.82740251275293,3.33939994361572,6.23140838211235,1.70668628393721,-0.0129824990577442,-1.4949163341943,17388.2729304032,160815.808697083,326635.919147096,1.83211347059578,3.35663976913853,5.86704284280236,1.63569571210406,-0.00408952417091317,-1.49963457763709,20436.2478356155,161272.050842106,328560.811646346,0
K005,N15_M07_F04_K005_10.mat,1.78337141876221,3.18041361725794,6.02752898771583,1.71838202260939,-0.0111164165734128,-1.49626999534264,17185.3895143996,160456.34593033,305262.337655903,1.78954418578287,3.20246839286928,5.76303680039063,1.6364460678269,-0.00860830364745309,-1.49799374217792,19910.7059920907,161032.159340517,307501.056899916,0
K005,N15_M07_F04_K005_11.mat,1.77934980955972,3.1660857447802,5.94831908786584,1.68470166012536,0.000974675512383182,-1.50502854663711,17262.9360063528,159784.41085912,303884.066764749,1.78935275533503,3.20178328302506,5.76372558212846,1.63372221732458,0.0017427248515813,-1.49456731596077,19467.3068810556,160672.493024302,307320.855599842,0
K005,N15_M07_F04_K005_12.mat,1.78153042577518,3.17385065796271,6.16253020832974,1.73353005462793,-0.0105568180437426,-1.49713848418076,16896.1459553256,160080.495598524,304818.84329768,1.78667216937533,3.19219744082034,5.82020568463019,1.65451404600838,0.00192674400118082,-1.49500236769688,20210.544391856,160468.892944903,306354.438954581,0
K005,N15_M07_F04_K005_13.mat,1.77771069912593,3.1602553297868,5.99240111908671,1.69889406433943,0.0046434468609004,-1.50541904827802,17235.00039663,140903.922522202,305343.450660847,1.78733760119056,3.19457570062961,5.77061339950672,1.65039110461522,-0.00798435388234033,-1.49343507021813,19587.9628444158,141702.286587112,308736.926952694,0
K005,N15_M07_F04_K005_14.mat,1.77907293110543,3.16510049419207,6.16872924397018,1.74450213855991,-0.00517360804633307,-1.50079038168775,16726.7497298516,159890.106375814,303814.700254883,1.78607100784282,3.19004964505667,5.76648070907976,1.64079190158462,0.0104205002388987,-1.48777584965948,20039.9910130624,160501.543215455,306196.01302688,0
K005,N15_M07_F04_K005_15.mat,1.77676049831568,3.15687786837499,6.02408507902671,1.72286467358076,0.0108572513143727,-1.49819595713714,17331.6316529748,159157.925621402,303116.750241918,1.78387038984499,3.1821935677657,5.72584258654802,1.61773347740767,0.00228286700816444,-1.49699757836374,19870.3847091584,159786.804548183,305542.34630035,0
K005,N15_M07_F04_K005_16.mat,1.77588000484924,3.15374979162334,6.02752898771584,1.70007759350779,-0.00966447210571625,-1.49753976794865,17238.8396660367,159241.204673175,302736.504962561,1.78292773022539,3.17883129120664,5.71413329700498,1.62022348461331,-0.00858365832284264,-1.49720462065091,19853.1761862206,159870.519237702,305177.143913962,0
K005,N15_M07_F04_K005_17.mat,1.77692232033113,3.15745293249095,6.09571837976062,1.71921582867681,-0.0122371289378201,-1.49554281106228,17122.028482337,159409.324228674,303140.201181452,1.78213427972106,3.17600259095691,5.75614898301237,1.65417748683216,-0.00619671938543545,-1.49810661200015,20052.0419383474,159867.134164174,304907.724872514,0
K005,N15_M07_F04_K005_18.mat,1.77492150354558,3.15034634374849,6.07781005457714,1.71661760709197,-0.0111223664013323,-1.49632491719433,17275.84790881,159748.684856753,302431.871574795,1.78139762328729,3.1733774922536,5.76992461776889,1.65783204503028,-0.00570518904260479,-1.49770260386084,20056.7683586324,160284.079824381,304541.553768715,0
K005,N15_M07_F04_K005_19.mat,1.77546688802932,3.15228267048851,6.18870391436713,1.74495731273007,-0.00794902860518857,-1.49921547621552,16876.4013380291,159394.469334379,302665.342581414,1.7806882976945,3.17085081354612,5.76648070907976,1.63478259671126,0.00659409684194643,-1.4912183359903,20189.2217755981,159848.287013441,304469.373753334,0
K005,N15_M07_F04_K005_2.mat,1.81401222333079,3.29064034639353,6.03923827725888,1.67420596189091,0.00690121237816648,-1.50146134159244,17220.2584010953,162918.037318731,315979.704418498,1.82331741141483,3.32448638276848,5.78783294295237,1.59583514466673,0.00140495871861178,-1.49610933658252,19600.3030580307,163702.668435891,319091.326120541,0
K005,N15_M07_F04_K005_20.mat,1.77442744545234,3.14859275917453,6.09434081628496,1.7441264411786,-0.00530167882005056,-1.50185087046547,16871.0412385453,159111.390915424,302281.831956854,1.78252603242683,3.17739905627933,5.76510314560411,1.6436683615257,0.00866233890628268,-1.48941491070461,19993.0842879347,159856.661676613,305205.092485939,0
K005,N15_M07_F04_K005_3.mat,1.81026285961834,3.27705162091358,6.08676421716888,1.68600838779564,-0.00415922701591458,-1.50187514331265,17223.8641734928,162061.566362005,314299.105308112,1.81916374464437,3.30935672982851,5.82158324810584,1.63900468286369,-0.00955926531029265,-1.49576115472104,19532.5475984808,162890.628899897,317574.638755184,0
K005,N15_M07_F04_K005_4.mat,1.80425473533272,3.25533514997053,6.22038787430713,1.73229150091909,-0.00615946331712042,-1.50021935807729,16606.0545059324,161760.344352251,312476.362019801,1.81000310575188,3.27611124283144,5.83260375591106,1.62449150707124,0.00762062228749067,-1.48972417390052,20158.4167011556,162273.182315221,314551.545462319,0
K005,N15_M07_F04_K005_5.mat,1.7955432870195,3.22397569556079,6.15013213704887,1.72740824213016,0.00734770681448415,-1.50114289493174,17007.6845148222,143474.932657702,315385.855557867,1.80383799410636,3.25383150898165,5.73204162218846,1.59774987697624,-0.015384643836397,-1.48936351925219,20253.85085484,144124.163377529,318339.524747253,0
K005,N15_M07_F04_K005_6.mat,1.79156482879731,3.20970453578352,6.1983468586967,1.73214793953979,0.00631732567415054,-1.50194508923332,16694.0353524319,160975.792490693,308042.173779791,1.7999171186449,3.23970163399097,5.78783294295237,1.62979810335094,-0.0153021889319696,-1.49010187331763,19776.5939887004,161735.875031581,311111.115142011,0
K005,N15_M07_F04_K005_7.mat,1.78884178310732,3.19995492499058,6.19352538653192,1.75331305068902,-0.00812778373167744,-1.49873138142402,16714.0286199357,158126.663531861,307303.711437297,1.79394949112191,3.21825477669655,5.82364959331932,1.64833118814898,0.00385746071193607,-1.49314246378534,20235.9583716365,158521.473687561,308898.368058131,0
K005,N15_M07_F04_K005_8.mat,1.7846918060884,3.18512484271907,6.13015746665192,1.72085048620107,0.0127951433583869,-1.49603607593709,17097.2660900804,159886.739221495,305930.303924074,1.7913500198494,3.20893489361445,5.73892943956672,1.61388778133623,-0.000135387415886661,-1.49836257830662,19959.0701793757,160400.376030482,307966.064312586,0
K005,N15_M07_F04_K005_9.mat,1.78297014194147,3.17898252705478,5.89872680274236,1.66098783811448,0.000942380465818469,-1.50532743387009,17197.3750054195,160056.167467975,305245.958682586,1.79245533560592,3.21289613014212,5.79265441511715,1.6478901452072,-0.00818525145696286,-1.49379594662119,19389.5813058507,160919.028185752,308556.257725126,0
K006,N15_M07_F04_K006_1.mat,1.74245856414951,3.03616184777799,5.94831908786584,1.73066819237759,-0.0138864807379186,-1.49443355126654,19296.71699683,134884.495798573,291935.736477004,1.74645067294978,3.05008995304676,5.67005126578411,1.6469031661552,0.022075251756694,-1.49586434336889,20517.466223013,135248.840904195,293432.786494248,0
K006,N15_M07_F04_K006_10.mat,1.72340129536068,2.97011202485088,5.8573998984728,1.755969534785,-0.00691133661258439,-1.4992231083664,19126.6616072329,155212.969583348,285275.269139482,1.72418476512236,2.97281310428005,5.62872436151455,1.66193106662762,0.0134830975987501,-1.49379843723714,19986.0222087768,155287.14061573,285482.028813948,0
K006,N15_M07_F04_K006_11.mat,1.72116466558294,2.96240780605124,5.87461944191845,1.7278842530938,-0.0120632350439129,-1.49690860068206,18723.2469648604,154208.215134096,284418.245400615,1.72792979641055,2.98574138132342,5.65489806755194,1.637914733483,0.0286920011541062,-1.4902889552178,20423.5473891517,154785.572669236,286604.359748343,0
K006,N15_M07_F04_K006_12.mat,1.72071792494102,2.96087017721334,5.81400664898976,1.69605801567972,-0.00971287404168352,-1.49924181673021,18935.8621780377,153609.881851529,284062.813662492,1.72500479893122,2.97564155633573,5.64112243279542,1.66323295622771,0.0280826176674175,-1.49157106620629,19972.854079513,153990.195496327,285494.459087287,0
K006,N15_M07_F04_K006_13.mat,1.72311777305346,2.96913485981271,5.84637939066758,1.73943332831025,-0.00506656359055204,-1.50131400371462,19186.0786750647,154245.228036711,284926.116806961,1.72415095123715,2.97269650265198,5.58533111203151,1.65083825557265,0.0138222806046358,-1.49356008204935,19857.3316064449,154324.012940211,285198.04985465,0
K006,N15_M07_F04_K006_14.mat,1.7202145704343,2.95913816833448,5.79265441511715,1.68430542855625,-0.00889293428014966,-1.4995044986075,18951.2536947512,154161.568147238,284085.046841704,1.72437243644897,2.97346029958495,5.60255065547716,1.66308457641062,0.027507891371369,-1.492958538137,19898.7067254361,154518.64446683,285438.485877463,0
K006,N15_M07_F04_K006_15.mat,1.72199529521089,2.96526779672842,5.88701751319932,1.7528516700268,-0.0171165804351031,-1.49275447185972,19036.3106627736,154685.374451019,284966.265990355,1.7257204371824,2.97811102730903,5.62803557977672,1.64211999209813,0.0192624417903921,-1.49742242279119,20461.4600023469,154977.138840253,285973.209663463,0
K006,N15_M07_F04_K006_16.mat,1.72076913931612,2.96104643082275,5.87530822365628,1.71994259795006,-0.0161282055995096,-1.49529694337893,18742.9137498205,154565.247315871,284150.904865348,1.72564281112642,2.97784311159229,5.72859771349933,1.70620078700032,0.0254533618027412,-1.4940244816244,20428.793150867,155039.540762271,285918.621169768,0
K006,N15_M07_F04_K006_17.mat,1.72204327233164,2.96543303178265,5.84224670024063,1.73896211478349,-0.00363780474688331,-1.50271643677567,19102.5198073221,154228.125306876,284536.615536776,1.72275108160708,2.96787128917837,5.65558684928976,1.68313595243296,0.0131368360066498,-1.4928285690217,19830.5255987721,154334.322133851,284933.806818677,0
K006,N15_M07_F04_K006_18.mat,1.72297173205502,2.96863158946069,5.86773162454019,1.71331702932526,0.00958590958214097,-1.49144659207065,19496.1668358706,145341.444499654,290431.040045993,1.72598248955376,2.97901555424618,5.6934698448702,1.68606312476647,0.0191886421254576,-1.49777035737207,20888.2753154803,145566.77119198,291354.881325604,0
K006,N15_M07_F04_K006_19.mat,1.72279974943484,2.96803897665274,5.83535888286237,1.6995843558758,-0.00918482916740095,-1.49833344330326,18839.947943482,154130.145698252,284675.544165429,1.72792378520339,2.98572060747163,5.71964355090759,1.70691053455575,0.0297767277708416,-1.49035935842096,20108.1900480515,154638.675399196,286647.743780237,0
K006,N15_M07_F04_K006_2.mat,1.73706299978267,3.01738786521397,5.86566527932671,1.72353936462535,0.00251624673041894,-1.4985093067336,18906.1240265071,149701.346117008,290357.652624072,1.74102451689759,3.0311663684385,5.69760253529715,1.65525645719207,0.00765302681446961,-1.49193052550198,20179.170383698,150036.714975317,291624.773922542,0
K006,N15_M07_F04_K006_20.mat,1.72597457866115,2.97898824618454,5.89115020362628,1.73164834900838,0.0038733909983412,-1.49578851286291,19202.0095078789,154586.624163997,286057.437541089,1.72611210994917,2.97946301611318,5.74857238389628,1.71644120112966,0.0233017096535299,-1.49509548701037,20155.9921894384,154623.57185187,286138.61114458,0
K006,N15_M07_F04_K006_3.mat,1.72023350725226,2.95920331947341,5.87461944191845,1.72178600945674,0.00249745596063288,-1.49764089417523,18909.917836319,153743.652810977,283949.186776724,1.72560812522634,2.97772340184718,5.72308745959672,1.67272885321778,0.00741531552606261,-1.48925433119529,20498.1603596835,154265.037116544,285945.815749002,0
K006,N15_M07_F04_K006_4.mat,1.72935600585959,2.99067219500262,5.86359893411323,1.70066026165225,-0.00274977566190779,-1.49998845462311,19234.536536666,155329.770443834,287083.482686586,1.73005116015608,2.9930770167574,5.73961822130454,1.68446473031306,0.0247381544365558,-1.4936439050304,19864.9543539374,155367.209739163,287204.5746024,0
K006,N15_M07_F04_K006_5.mat,1.72445565876073,2.9737473190319,5.87461944191845,1.71453450967609,-0.0101961750552991,-1.49693654040164,19052.7649697085,144246.807664263,291480.104364276,1.73116483314438,2.99693167951582,5.69553619008368,1.65939908734632,0.0319228580096628,-1.4884766659667,20679.7597312065,144851.632657964,293917.269900278,0
K006,N15_M07_F04_K006_6.mat,1.72545839826879,2.97720668415629,5.88219604103454,1.70917585954339,0.00656894938342392,-1.49487539857501,18905.2933557313,153713.332038098,285785.23608072,1.73021008594615,2.99362694150977,5.74719482042063,1.70211968255499,0.0135458981034563,-1.4938187360802,20635.1707566266,154160.264416468,287478.542263994,0
K006,N15_M07_F04_K006_7.mat,1.72600509810698,2.97909359869128,5.88150725929671,1.76438007577693,-0.0093241668055986,-1.49822743622675,19125.3784068553,154895.270108636,285956.300958109,1.72732133284998,2.98363898691864,5.61494872675803,1.65754060031152,0.0128075720584116,-1.49505056384437,19963.1236599028,155007.904777371,286288.49928938,0
K006,N15_M07_F04_K006_8.mat,1.72332174496913,2.96983783668345,5.8098739585628,1.69159501108653,-0.00936300935419763,-1.49820283965305,18925.7060913135,134404.825348851,286890.711324733,1.7287012504577,2.98840801333401,5.81262908551411,1.69089869206677,0.0313263085366824,-1.49037026833587,20233.2252857008,134811.525972889,288743.725762192,0
K006,N15_M07_F04_K006_9.mat,1.72446644982266,2.97378453656398,5.84500182719193,1.70937419179915,0.00871815888721721,-1.4923216989007,19075.3542555822,154520.721783474,285419.348647052,1.72801135839712,2.98602325474944,5.6934698448702,1.68388458878183,0.0177355023021266,-1.49668440496436,20596.5707392571,154860.827379754,286697.943863687,0
KA01,N15_M07_F04_KA01_1.mat,1.7960887016302,3.22593462412367,6.05714660244236,1.69126064121934,-0.00734884512939719,-1.49969567804693,17373.8808359914,161026.197231056,309285.164061625,1.80583415188431,3.26103698411172,5.81882812115454,1.63465817480202,0.0102168272412109,-1.48919324150683,19509.5863704686,161816.598039341,312339.631784568,2
KA01,N15_M07_F04_KA01_10.mat,1.78081657657418,3.17130767940136,6.00135528167845,1.68649225066989,-0.00687659002025594,-1.49934172581756,17395.0732725008,154206.040133609,304583.401218142,1.79070637928172,3.20662933680024,5.87117553322932,1.69129027998582,0.00918315413714852,-1.49046452381031,19540.147616176,154957.127592128,307707.416532853,2
KA01,N15_M07_F04_KA01_11.mat,1.79033836378447,3.20531145683844,5.96829375826279,1.66805259641772,0.010614463030172,-1.49704354436902,17609.039186666,160028.369955899,307901.637687802,1.79912184487822,3.236839412718,5.86910918801584,1.68014453404721,-0.00726795007333047,-1.49428709258156,19589.1620134214,160739.463095163,310646.555721814,2
KA01,N15_M07_F04_KA01_12.mat,1.78126765370559,3.17291445413783,6.04474853116149,1.71783068409756,0.00812765125628142,-1.50072733038695,17569.8840112158,152363.617816405,305391.85172995,1.79412889695796,3.21889849889958,5.89803802100454,1.70355621106315,-0.00875104735531585,-1.49218207726781,19343.7511465792,153442.805154143,309942.832817543,2
KA01,N15_M07_F04_KA01_13.mat,1.77966995715044,3.16722515638386,6.04061584073453,1.72754661959858,-0.000987838670063202,-1.50236100323522,17759.4939143498,133977.305991268,303945.503903264,1.79283877554958,3.21427087511413,5.8415579185028,1.66016355169727,0.00654342292096675,-1.49196792637097,19191.379539319,135163.107140329,308619.906143987,2
KA01,N15_M07_F04_KA01_14.mat,1.78679594273177,3.1926397409627,6.02752898771584,1.69249183183093,-0.00639076606911082,-1.50069046889249,17381.5166703369,159834.074059174,306947.444266429,1.79747207172215,3.23090584862114,5.86566527932671,1.68623341954629,0.0120829682302526,-1.4875390055232,19484.0931807882,160869.159918021,311123.550727091,2
KA01,N15_M07_F04_KA01_15.mat,1.77364844505135,3.14582880663306,6.04199340421018,1.73512771759263,-0.00834474780829244,-1.49882149372892,17901.8106858012,153002.157572434,301412.255496133,1.78577325325193,3.18898611202998,5.84706817240541,1.70650261346887,-0.00722312818011797,-1.49607170814303,19211.1455088494,154091.819790916,305832.525293616,2
KA01,N15_M07_F04_KA01_16.mat,1.78797356113549,3.19684945531951,6.04405974942366,1.71788344956277,0.00145521895342004,-1.50597831336967,19164.2807994078,167027.559317487,332195.346262007,1.80429117173395,3.25546663239706,5.9049258383828,1.69816559218849,-0.00751311224304912,-1.49379248144927,20349.6886346229,168527.539687707,338197.592442969,2
KA01,N15_M07_F04_KA01_17.mat,1.78925567750687,3.20143587949056,6.04061584073453,1.69191235648128,-0.00534350128292076,-1.5011340666362,17508.5046042129,160137.193255514,307301.273036286,1.80302882286203,3.25091293607124,5.8601550254241,1.67074705200363,0.0110743981396757,-1.4884203938242,19365.5366241649,161338.198473825,311913.702256858,2
KA01,N15_M07_F04_KA01_18.mat,1.78441549647381,3.18413866405587,6.03648315030757,1.71292720771219,0.00182556030104859,-1.5044795224918,17803.146834548,158196.456049688,306081.385363277,1.8000758039637,3.24027290001557,5.88081847755888,1.67808708206482,-0.00759186486504563,-1.49316582721472,19011.4167132051,159620.757382254,311433.980728281,2
KA01,N15_M07_F04_KA01_19.mat,1.78762731342947,3.19561141171906,6.03097289640497,1.69053829716064,0.00434581195382425,-1.5038902526702,17733.6590889274,139484.407866553,307247.361942558,1.80255672248845,3.2492107377883,5.90423705664497,1.69182533067368,-0.0110399805961149,-1.49152058199836,19196.1376435639,140773.203147156,312700.023138906,2
KA01,N15_M07_F04_KA01_2.mat,1.78068645942965,3.17084426679612,5.99928893646497,1.69021739013811,0.00876701072280177,-1.49895848887189,17405.8210227378,160309.608103424,304879.118582203,1.79054252137412,3.20604252084881,5.8546447715215,1.68998548430174,-0.0132214026205605,-1.48995344545672,19469.3312105831,161155.777163627,308221.952083894,2
KA01,N15_M07_F04_KA01_20.mat,1.78588636873684,3.18939012204006,6.06678954677192,1.71462001927219,0.00693563796750228,-1.50284555889008,17575.0560732852,158322.375986595,306767.190425866,1.80009376071433,3.24033754736267,5.90148192969367,1.68630389475486,-0.0120325993222011,-1.48974307418675,19311.8929248595,159702.315798914,312157.538709458,2
KA01,N15_M07_F04_KA01_3.mat,1.79244124588442,3.21284561994768,6.02821776945366,1.68596064630709,-0.00515673300271306,-1.50019185167847,17369.3279887043,157626.767904884,308299.809577646,1.80466144378156,3.25680292667174,5.92214538182845,1.70283628349715,0.0103516823688308,-1.48831208198021,19351.8656842325,158622.428168536,312157.010474665,2
KA01,N15_M07_F04_KA01_4.mat,1.78764970206744,3.19569145730182,6.03786071378323,1.70079886822759,0.00959112699314873,-1.49900305939014,17412.02074716,158447.1298082,307026.695805457,1.79620431707192,3.22634994866781,5.92903319920671,1.70289011408499,-0.0128729265222934,-1.48984076820333,19607.9478465389,159214.103386785,310184.498359947,2
KA01,N15_M07_F04_KA01_5.mat,1.78830450271566,3.19803299443309,6.02684020597801,1.69456843021156,0.00712587125523622,-1.50019609292936,17417.9807755374,159387.84854722,306782.611134234,1.79781607257264,3.23214263080053,5.90285949316932,1.69725113518245,-0.0134534452230929,-1.48786090371999,19562.6273857534,160276.296828155,310224.428449933,2
KA01,N15_M07_F04_KA01_6.mat,1.7752990183727,3.15168660463507,5.99033477387323,1.71140054019803,0.0117077289531564,-1.49653157920206,17826.8622785631,157442.553048542,303524.338894322,1.78570178214928,3.18873085477111,5.88150725929671,1.69544730774214,0.000873248681764888,-1.49748048196103,19395.8712606805,158270.468192263,306733.447681427,2
KA01,N15_M07_F04_KA01_7.mat,1.7918568095235,3.21075082583574,6.04750365811279,1.68833915252193,-0.00597394700464858,-1.50012956938214,17341.1161775047,159607.737482509,308432.0108753,1.80161523743479,3.24581746375722,5.87117553322932,1.67562590535669,0.0104502574086609,-1.48768580630139,19545.5097820049,160481.502599614,311924.179822159,2
KA01,N15_M07_F04_KA01_8.mat,1.7771929270073,3.15841469980478,6.01375335295931,1.72876281856364,-0.00773080260220841,-1.49876283312427,17921.8080859955,154108.191099483,303210.227748463,1.78950581264287,3.20233105348262,5.8257159385328,1.68800545217707,-0.00775881224957114,-1.49687247413739,19235.7274402907,155154.753320095,307319.131746188,2
KA01,N15_M07_F04_KA01_9.mat,1.78012929178089,3.16886029545633,5.98620208344627,1.68318104202666,-0.0052947048149372,-1.50247423273432,17542.860348514,156035.601992839,303988.416646565,1.79346094898652,3.21650217553962,5.90630340185845,1.68630522196504,0.00883595928316972,-1.48959605663506,19264.4406845955,157233.191498209,308743.903409236,2
KA03,N15_M07_F04_KA03_1.mat,1.79035208112112,3.20536057437473,6.09916228844975,1.70906324302929,0.0127593423726495,-1.49553669720044,18695.1556904649,159916.400932839,307571.13384793,1.802534873102,3.24913196874886,6.65500915087538,1.98971409644655,0.00322752747689821,-1.49537229730691,21621.1494162533,160993.080657662,311882.333670863,2
KA03,N15_M07_F04_KA03_10.mat,1.78757932309353,3.19543983635151,6.13773406576801,1.73942942231018,-0.00773469607203546,-1.49775408724671,18846.8763989827,159711.115536639,312586.648472744,1.79871116117477,3.23536184133469,6.3622769122993,1.85913818915542,0.00879729127879362,-1.48920010027101,22235.3553777615,160608.491633462,316307.894554286,2
KA03,N15_M07_F04_KA03_11.mat,1.78052305442901,3.17026234735321,6.05439147549105,1.70617591087192,0.0102421077706806,-1.4976891714421,18757.3898756044,159616.993864365,304138.523645342,1.79276077984645,3.21399121375565,6.37123107489104,1.86045531850138,0.0018080979091927,-1.49295678002353,21671.3216556001,160701.698728297,308423.342622098,2
KA03,N15_M07_F04_KA03_12.mat,1.78349984880912,3.18087171070215,6.07367736415018,1.71464363181741,-0.00955236041989788,-1.49624049962153,18657.8354295642,149824.112538399,305082.674056661,1.79452943324227,3.22033588677281,6.42633361391712,1.90389376103061,0.00375496766589304,-1.49260857300562,21783.4553225181,150602.685469176,308435.460876455,2
KA03,N15_M07_F04_KA03_13.mat,1.78168364807356,3.17439662181272,6.05508025722888,1.70008855810342,0.00700644396951981,-1.50096824561003,18524.2971813615,146604.153014918,305810.996527758,1.79594341154745,3.2254127374807,6.58062072319016,1.83681907876631,-0.0105381368514908,-1.48707582135533,21749.317922028,147859.180435663,311180.205076047,2
KA03,N15_M07_F04_KA03_14.mat,1.77926951321147,3.16580000064378,6.00824309905671,1.71805443387467,-0.00675170073985773,-1.49918434105813,19028.1919924298,159622.429694547,306288.201888356,1.7932358213004,3.21569471079493,7.01042052759362,2.04141871246795,-0.00422239418131665,-1.49409342177611,21632.4137527937,160892.079690587,311243.940708443,2
KA03,N15_M07_F04_KA03_15.mat,1.78777904395939,3.19615391002035,6.1005398519254,1.71587016390516,-0.00590519589339841,-1.49875690341466,18586.9101964568,120884.367206396,307187.027621929,1.79985190501166,3.23946687997411,6.46146148254625,1.87837804099999,0.00835578517294936,-1.48987909254016,21760.6180752188,121733.804768135,311487.106115847,2
KA03,N15_M07_F04_KA03_16.mat,1.77367538839675,3.14592438340438,6.06196807460714,1.72955112619534,0.00243881590262851,-1.50457012531719,18717.0224442956,159150.832276326,302139.423811033,1.79046680734546,3.20577138820584,7.4037148998923,2.26575759348733,-0.0046234140512043,-1.49084748000437,21270.748237896,160663.286828878,307990.697434303,2
KA03,N15_M07_F04_KA03_17.mat,1.78023384181396,3.1692325315397,6.07367736415018,1.70764810078806,0.00824446554903646,-1.49933434726891,18833.9362564742,155552.972626961,311073.864190594,1.79309683690768,3.21519626652831,6.26584746900365,1.81325423108469,-0.0137035272192833,-1.48472559285629,22426.7065211287,156617.746446,315527.143545838,2
KA03,N15_M07_F04_KA03_18.mat,1.78438608299708,3.18403369319367,6.04819243985062,1.71098498541118,0.00655772252402042,-1.50028079818703,18471.055730591,159980.588709708,305611.749420524,1.79922298028067,3.23720333277006,6.44010924867364,1.83763537099418,-0.0121180092234781,-1.48604664154645,21794.8512163705,161288.851431777,310779.906466252,2
KA03,N15_M07_F04_KA03_19.mat,1.77832385840323,3.16243574536614,6.07918761805279,1.71718869525472,0.0126930578818451,-1.49577065992472,20515.8716932899,168204.861735842,329245.389521821,1.79036553559563,3.20540875104863,6.68187163865059,1.8966972606579,0.00449272106646842,-1.49520984926178,23575.6929556111,169356.403496019,334132.155086033,2
KA03,N15_M07_F04_KA03_2.mat,1.78828091158277,3.19794861873129,6.06265685634497,1.70669888013003,0.00713490552855722,-1.50072923577181,19893.3059878298,173217.318102877,332368.474057106,1.80290233788321,3.25045683994475,6.30304168284626,1.82171412619641,-0.0119659049608823,-1.48659079247796,23496.7757879996,174638.516386827,337989.027478947,2
KA03,N15_M07_F04_KA03_20.mat,1.78136842081612,3.17327345068091,6.0688558919854,1.7180147000884,0.00731037837530191,-1.50072541395722,18573.3405074399,147410.573820897,305223.265140204,1.79603272880384,3.22573356293457,6.359521785348,1.8614513647727,-0.0114723419668307,-1.48666842029157,21877.3211201856,148653.087237444,310540.316559664,2
KA03,N15_M07_F04_KA03_3.mat,1.78964290696464,3.20282173444885,6.08538665369322,1.71453183527761,-0.00507062379960181,-1.49994227058512,18938.4451095546,165891.455062509,317783.344321548,1.80319139188966,3.25149919578496,6.64605498828364,1.90055459571558,0.0124930711372348,-1.48656416055599,22353.0426918317,167097.295659182,322658.837135666,2
KA03,N15_M07_F04_KA03_4.mat,1.78499462415282,3.18620580825447,6.09985107018757,1.74073801750402,-0.0104472961010112,-1.49601114252669,18780.3731446322,158393.193476958,305676.630776746,1.79749346910142,3.23098277146227,6.38156280095843,1.87019955253747,-0.00303284885699806,-1.49590718411923,21625.0623853059,159456.813197414,309816.346503442,2
KA03,N15_M07_F04_KA03_5.mat,1.78355673761448,3.18107463629,6.07298858241236,1.72121683337667,0.00617663868952606,-1.50130071275685,18543.928838453,158334.331249196,305337.280934586,1.79862678646442,3.23505831698733,6.58544219535494,1.96361944185209,-0.00909677800701392,-1.4881170824267,21581.7325037428,159703.275947028,310812.325181167,2
KA03,N15_M07_F04_KA03_6.mat,1.78297662276142,3.17900563731373,6.06059051113149,1.70032002680336,0.00828271400343733,-1.49873453421098,18755.9875159862,158474.980283504,305279.455105738,1.79751166321116,3.23104817938015,6.39258330876365,1.84649307494443,0.00483452339109765,-1.49331828842429,21508.8552631903,159717.713098626,310251.095664976,2
KA03,N15_M07_F04_KA03_7.mat,1.78160789242493,3.17412668235079,6.07849883631496,1.73229431704805,0.00640262105346286,-1.50281754893953,18574.7125606616,159680.605740396,304464.500387683,1.79803424120325,3.23292713253936,6.63227935352711,1.87880350363069,-0.00957946694582997,-1.48865647254016,21473.3485646054,161143.287249997,310193.71029503,2
KA03,N15_M07_F04_KA03_8.mat,1.78611476392623,3.19020594991523,6.04612609463714,1.70191313586576,-0.0121648375451571,-1.49483615238524,18568.9488350795,155705.284253379,306252.596390907,1.79628126661319,3.22662638878548,6.31130706370017,1.80044167349378,0.0037608064701167,-1.49516789912117,21858.5903896072,156536.992406136,309610.152114733,2
KA03,N15_M07_F04_KA03_9.mat,1.78067646131225,3.17080865987151,6.05025878506409,1.70531917398618,-0.000868735792937748,-1.50474974527229,18654.1766209729,159372.229805767,304128.720136966,1.79801781334676,3.23286805711225,6.48074737120538,1.8399819152008,0.00713555725425548,-1.49115722924607,21236.8532885776,160945.036251473,310290.554539511,2
KA04,N15_M07_F04_KA04_1.mat,1.73047929529855,2.99455859145695,5.93316588963367,1.72870174561311,0.00194044190963695,-1.49902141441484,18533.4373150224,144553.552874589,287964.072772676,1.74472294148792,3.04405814255427,6.96702727811058,2.15670467797738,0.002176906386235,-1.48549896579691,21975.348537113,145780.28454151,293048.73811301,2
KA04,N15_M07_F04_KA04_10.mat,1.73971681546923,3.0266145980264,5.99308990082453,1.73862124198692,0.00178245470698415,-1.50036310114039,18603.4712645611,155657.813599749,290601.532544348,1.75463709930425,3.07875135025484,6.34161346016452,1.90750486589805,0.00359127324911672,-1.48659803419173,21854.1353493269,156951.404640956,295594.857648242,2
KA04,N15_M07_F04_KA04_11.mat,1.73911198014299,3.02451047947686,5.98206939301932,1.76586316825169,-0.00982656563806169,-1.50019690513895,18970.700758337,149473.601914808,290781.099286714,1.75463501361005,3.07874403098636,6.58337585014146,1.94911891099649,0.00797034542455441,-1.49331682187435,21510.3085926572,150773.824868456,296107.859159275,2
KA04,N15_M07_F04_KA04_12.mat,1.73220513030174,3.00053461344366,5.9366097983228,1.74557679008573,0.00219299575911688,-1.50184229414833,18727.8280521986,153768.885050614,288492.6136447,1.74909867314317,3.05934616839121,6.25964843336322,1.84035676505922,0.00528491960011039,-1.48863674553065,21804.6443151189,155236.261860692,294111.07220432,2
KA04,N15_M07_F04_KA04_13.mat,1.7389933233319,3.02409777859293,6.04199340421018,1.76465613527736,0.00585201091701694,-1.49683647134723,18619.7664629146,154962.824902946,290633.931218702,1.75029073862154,3.06351766970434,6.63434569874059,1.92324790080688,0.0070132428371649,-1.48941297496126,21988.0331415968,155936.842790832,294457.958204258,2
KA04,N15_M07_F04_KA04_14.mat,1.7401799627358,3.02822630270716,5.97587035737888,1.71981017312823,0.00994512021489713,-1.49292446044884,18913.8741986211,152482.703805598,290653.615466279,1.75196331431547,3.06937545470726,6.41393554263625,1.92625681153355,0.0158058002343445,-1.49519121335459,22017.7795585083,153469.264695135,294738.932421,2
KA04,N15_M07_F04_KA04_15.mat,1.73541861807718,3.01167777996891,5.97862548433019,1.76610925474218,-0.016156990874588,-1.49374253490922,18895.6552328739,156621.244151772,289464.82811683,1.74730470145633,3.0530737197314,6.61781493703277,2.00374468184482,0.0103894270219354,-1.49633992772917,21741.0546075193,157643.689027671,293368.205607872,2
KA04,N15_M07_F04_KA04_16.mat,1.73780601372093,3.01996974132464,6.02477386076453,1.78078745092308,-0.0138366176290991,-1.49561156965107,18922.8008099433,152683.108722407,289057.14865448,1.75083846075663,3.06543531566463,6.44906341126538,1.88774871737103,0.0106997292813874,-1.49506468653252,21772.3425179601,153836.038459757,293782.787320909,2
KA04,N15_M07_F04_KA04_17.mat,1.73863600510931,3.02285515826245,6.00617675384323,1.74813759716591,-0.00961303534580063,-1.49981297903674,18474.1876211529,155904.563978412,290127.034251594,1.7541008339552,3.07686973568233,6.36985351141539,1.81787876260343,0.0271658924231738,-1.48525991193109,21710.1351953083,157310.800498,295598.604397543,2
KA04,N15_M07_F04_KA04_18.mat,1.73651059789628,3.01546905660608,5.96829375826279,1.71884829187951,0.0101265067757858,-1.49300326163556,18929.973782961,156600.450929881,289290.958770555,1.74827329104481,3.05645950018064,6.37329742010452,1.84285772837815,0.0170350329594527,-1.49524340941335,21982.3348502798,157621.317029978,293285.486982264,2
KA04,N15_M07_F04_KA04_19.mat,1.7400733480798,3.02785525669763,6.04543731289931,1.75628944342584,-0.0106008579424927,-1.49827565803079,18467.9011102317,156241.438140291,290518.029971404,1.75135913189716,3.06725880887957,6.359521785348,1.92816596451067,0.0247033226665179,-1.48671881011092,21887.1183516244,157231.942747312,294343.181473305,2
KA04,N15_M07_F04_KA04_2.mat,1.73225884527614,3.00072070703742,5.91525756445019,1.75032819423121,-0.0163787290870777,-1.49363269365965,18826.9671628509,154735.881072523,289026.168437767,1.74492010668675,3.0447461787197,6.19008147784279,1.80480609041405,0.0119673062489928,-1.49641058082266,21816.786848375,155746.05162373,292928.007961919,2
KA04,N15_M07_F04_KA04_20.mat,1.73541861807718,3.01167777996891,5.97862548433019,1.76610925474218,-0.016156990874588,-1.49374253490922,18895.6552328739,156621.244151772,289464.82811683,1.74730470145633,3.0530737197314,6.61781493703277,2.00374468184482,0.0103894270219354,-1.49633992772917,21741.0546075193,157643.689027671,293368.205607872,2
KA04,N15_M07_F04_KA04_3.mat,1.73060071003557,2.99497881757563,5.94831908786584,1.73785402791159,0.00816166373859719,-1.49490600432046,18675.7575303825,153634.378184638,287336.287956213,1.74142495508023,3.03256087417618,7.09307433613275,2.23563833452244,0.00775320802056452,-1.49077095536029,22062.0943979566,154551.085430406,290881.599803337,2
KA04,N15_M07_F04_KA04_4.mat,1.73921472595345,3.02486786297333,5.9738040121654,1.76229671176638,-0.0157244226944478,-1.49381967198268,18846.7110913657,155848.672014503,290856.469801553,1.75117501925255,3.06661394805416,6.49796691465103,2.01606404872308,0.0116316260992048,-1.49670884260564,21797.4052190543,156793.688064784,294432.038097035,2
KA04,N15_M07_F04_KA04_5.mat,1.7400733480798,3.02785525669763,6.04543731289931,1.75628944342584,-0.0106008579424927,-1.49827565803079,18467.9011102317,156241.438140291,290518.029971404,1.75135913189716,3.06725880887957,6.359521785348,1.92816596451067,0.0247033226665179,-1.48671881011092,21887.1183516244,157231.942747312,294343.181473305,2
KA04,N15_M07_F04_KA04_6.mat,1.73541861807718,3.01167777996891,5.97862548433019,1.76610925474218,-0.016156990874588,-1.49374253490922,18895.6552328739,156621.244151772,289464.82811683,1.74730470145633,3.0530737197314,6.61781493703277,2.00374468184482,0.0103894270219354,-1.49633992772917,21741.0546075193,157643.689027671,293368.205607872,2
KA04,N15_M07_F04_KA04_7.mat,1.73206876599117,3.00006221012219,5.9393649252741,1.75360645411412,-0.0070106039467472,-1.50077639324836,18858.2082361335,152959.270965107,286583.431276483,1.7476119539374,3.05414754154489,7.18054961683666,2.14601763069243,0.0103882466673936,-1.49212335098335,21583.7099961121,154390.32074319,292200.467258478,2
KA04,N15_M07_F04_KA04_8.mat,1.73738600706428,3.01851013754275,5.99584502777584,1.73088761291916,-0.00485199672860089,-1.50331678915955,18888.7839462573,155818.942102315,290107.453743929,1.75582409287103,3.08291824510637,6.35056762275626,1.86773923641394,0.0194086310469375,-1.49150252031184,21437.4602809377,157382.888340463,296035.654136882,2
KA04,N15_M07_F04_KA04_9.mat,1.74114680257975,3.03159218813368,6.00135528167845,1.74547714626355,-0.0116660074491335,-1.49780119106956,18610.790948089,154694.114827352,290525.771500869,1.75230103500497,3.0705589172795,6.137734065768,1.81030328361319,0.0233112952396045,-1.48803918044703,21985.2566624116,155639.737132011,294214.218265952,2
KA05,N15_M07_F04_KA05_1.mat,1.69736194092375,2.88103755849642,5.74443969346933,1.71118177419954,0.00500501866706624,-1.5002000646903,17852.7122571837,150848.22260383,276555.683521418,1.70966077644094,2.92293997050062,5.65489806755194,1.68548470015722,-0.0168656522823354,-1.48804758406468,19369.50607332,151939.527719378,280584.588991479,2
KA05,N15_M07_F04_KA05_10.mat,1.69054789343296,2.85795217999063,5.76923583603106,1.73431327922592,0.00994324760311078,-1.49631354966915,18250.371439355,149149.93362964,274430.099638624,1.70087392261916,2.89297210064589,5.61632629023368,1.70447828034766,-0.000772270814477617,-1.49674739459632,19447.1551937521,149980.945960889,277395.502663829,2
KA05,N15_M07_F04_KA05_11.mat,1.69643570731059,2.87789410903839,5.81400664898976,1.73777738259854,0.0106501959010107,-1.4972870338952,18242.7128752121,152698.402363598,276275.121256445,1.70557637853474,2.90899078301568,5.69691375355933,1.73992609632701,-0.00424137184151102,-1.49439972227799,19505.7533000976,153494.371627465,279049.205886818,2
KA05,N15_M07_F04_KA05_12.mat,1.70406270981743,2.90382971899031,5.84982329935671,1.7304458155543,-0.0102241518609295,-1.49731433576881,18068.7004345312,154106.432827933,279146.047930848,1.71240887988609,2.93234417191275,5.67487273794889,1.70925876103439,0.0035281169554001,-1.49257351664537,19566.2283366787,154792.113201377,281591.212755451,2
KA05,N15_M07_F04_KA05_13.mat,1.7011102203237,2.89377598168975,5.79954223249541,1.73256249919578,-0.00502035393454642,-1.49887896684825,18149.6116252736,153312.204197043,277796.82337657,1.71183768677339,2.93038826585767,5.57362182248846,1.68161343677234,-0.00708295530722576,-1.49527344155193,19178.5516682338,154320.732473791,281420.333974231,2
KA05,N15_M07_F04_KA05_14.mat,1.69491574632747,2.87273938714881,5.86084380716193,1.74656671556429,0.00381088055750843,-1.50164111188885,18061.6266460837,153121.073741959,275684.554688143,1.70795706888473,2.91711734915331,5.68382690054063,1.72358753577601,-0.0120554444686869,-1.49069988166699,19167.5201399208,154406.433704481,280437.814099406,2
KA05,N15_M07_F04_KA05_15.mat,1.69165161909364,2.86168520038213,5.80160857770889,1.71730544297408,-0.0079528778821033,-1.49920231141742,18724.4578431555,159562.869347597,287952.02040721,1.70077301092916,2.89262883470502,5.62321410761194,1.70420384107539,0.00867081244446597,-1.48862928016142,20485.4840205805,160396.072874183,290965.224406774,2
KA05,N15_M07_F04_KA05_16.mat,1.69228949252674,2.86384372651641,5.78921050642802,1.72095251136485,0.00674762544220305,-1.49978306003604,17979.6933032424,152135.971581575,274881.721471235,1.70350201770174,2.90191912431391,5.67074004752194,1.70853657186683,-0.0144552170649163,-1.48898806785866,19468.1258425419,153113.2547187,278429.958641141,2
KA05,N15_M07_F04_KA05_17.mat,1.69626668196348,2.87732065633939,5.85602233499715,1.73923174575397,0.0104437490673661,-1.49655104036315,18253.2202406226,153128.707440698,276340.839454107,1.70536622443343,2.90827395943833,5.68244933706498,1.73611655421177,-0.00478283795474134,-1.49421328329554,19568.2616203688,153867.882064234,279010.119269612,2
KA05,N15_M07_F04_KA05_18.mat,1.69538018158128,2.87431396009856,5.75477141953672,1.69774910342195,-0.00569395251623758,-1.5049399337156,18217.0350920259,152144.822601476,276132.724786544,1.71078251993774,2.92677683052452,5.64318877800889,1.70793523895956,0.00513418402154713,-1.49210568515,18972.5432494856,153536.533269279,281183.562418939,2
KA05,N15_M07_F04_KA05_19.mat,1.69436514547515,2.87087324620104,5.81056274030063,1.74086102309608,0.0125728556031439,-1.4949052092187,18339.6327311051,152915.770724588,275776.671511539,1.70369629377915,2.90258106143682,5.6459439049602,1.69952515633834,0.00154579090291434,-1.49804090520129,19485.5382448742,153751.804511452,278817.124418079,2
KA05,N15_M07_F04_KA05_2.mat,1.69481924525031,2.87241227407085,5.79678710554411,1.72526340986976,0.00624956228462783,-1.50149580092289,17976.6543982151,152509.04918968,275546.435609757,1.70914151780854,2.9211647278969,5.5667340051102,1.6763610427748,-0.0139035724783173,-1.49087399131839,19193.8006071275,153782.166404057,280124.686994027,2
KA05,N15_M07_F04_KA05_20.mat,1.69777850884959,2.88245186511154,5.78921050642802,1.71151867388479,0.00606345925524491,-1.50237429267604,18023.295253592,136499.57436795,277022.215094,1.71135138282577,2.92872355549969,5.62803557977672,1.71384277116425,-0.0118615677634863,-1.49003928233805,19244.2566245502,137597.636246489,281646.005576942,2
KA05,N15_M07_F04_KA05_3.mat,1.69328837483881,2.86722552036427,5.78301147078759,1.74040874521511,-0.00420572016750227,-1.50218556512852,18394.0347791038,151353.514038178,275149.524963486,1.70707302070076,2.91409829800443,5.58739745724498,1.71868290061618,-0.00861868740582208,-1.49460359871672,19052.0259069038,152616.838337826,279761.713188445,2
KA05,N15_M07_F04_KA05_4.mat,1.69465097540763,2.87184192845005,5.81676177594106,1.73806555523082,-0.00561720886745464,-1.50362654885743,18102.0684658202,152123.433351496,275597.33552267,1.71035574954088,2.92531678998754,5.67625030142455,1.72233208338534,0.00520037530238373,-1.49191003768406,19053.1017839783,153526.23458575,280743.135071519,2
KA05,N15_M07_F04_KA05_5.mat,1.69231021686772,2.86391387011486,5.76510314560411,1.71611084786255,-0.00560535487781135,-1.50275091063248,18003.6146929971,152949.150259696,274916.146389768,1.70708952883431,2.91415465945574,5.63698974236846,1.7083267819741,0.00693304414197876,-1.4907764475089,19100.6463209952,154303.111586078,279823.095908934,2
KA05,N15_M07_F04_KA05_6.mat,1.70194355981022,2.8966118807795,5.82640472027063,1.73913381236254,-0.0113709508967806,-1.49590496494502,18023.9378869534,153216.082636818,278322.434535555,1.70970825776208,2.92310232665984,5.60117309200151,1.67404658889026,0.00104674281997154,-1.49474047869147,19556.2788844759,153894.763167614,280824.575704222,2
KA05,N15_M07_F04_KA05_7.mat,1.69068568275808,2.85841807788316,5.80643004987367,1.73023580101043,0.00522848186553864,-1.50139025902291,18043.3401797262,152696.671969138,274495.120421942,1.70406625191945,2.90384179093082,5.63630096063063,1.72284478218125,-0.0133508755327938,-1.48997906894251,19328.7081534251,153951.944244163,279073.88429026,2
KA05,N15_M07_F04_KA05_8.mat,1.69048605489732,2.8577431018023,5.76992461776889,1.75306707150752,0.00150252067323854,-1.50345976382053,18190.8400337547,151922.011144452,274029.340747775,1.70474385637124,2.90615161583549,5.63079070672803,1.71535238134292,-0.00965519436245827,-1.49269289191593,18981.5931527389,153261.767114329,278948.23287897,2
KA05,N15_M07_F04_KA05_9.mat,1.68774027801461,2.84846724603284,5.79196563337932,1.71652213038817,-0.0116722015525542,-1.49691911513577,19379.295039378,147650.433285255,293923.026084957,1.69623865841084,2.8772255862874,5.58601989376933,1.68244795530823,0.000904952112405592,-1.493990692563,20875.3558364239,148248.59338158,296525.505271794,2
KA06,N15_M07_F04_KA06_1.mat,1.76021991812053,3.09837416014826,5.94487517917671,1.69586508520302,0.00521143186744359,-1.50277286586766,18315.3166694146,152073.529482083,297661.911025616,1.77695181692346,3.15755775966759,5.82364959331932,1.69421783964332,-0.0136554771955696,-1.49143346456177,19707.8211985237,153572.581547967,303472.907245174,2
KA06,N15_M07_F04_KA06_10.mat,1.75908175342123,3.09436861521951,5.9393649252741,1.70773564714301,-0.00189061902260801,-1.50017190822262,18399.5519208238,158376.490136431,296409.988371882,1.77281611641576,3.14287698262345,5.82020568463019,1.71039130694715,-0.0103257329682385,-1.49200449121192,19777.2324893713,159728.01340979,301633.274709683,2
KA06,N15_M07_F04_KA06_11.mat,1.75657519254926,3.08555640707946,5.90836974707193,1.68647340639527,-0.00582556039204519,-1.50191298733515,18334.8443204637,151091.25318729,296838.502934337,1.77132722104772,3.13760012402465,5.8732418784428,1.7152431025139,0.00633946916327357,-1.48986419914685,19876.8351501331,152417.109228815,302152.875000725,2
KA06,N15_M07_F04_KA06_12.mat,1.75334532863047,3.07421984143028,5.89597167579106,1.70808051535376,-0.0120561279198554,-1.49621292644126,18481.9012878348,156999.44835687,295951.520711891,1.76307434290108,3.10843113859609,5.75683776475019,1.67158370334305,-0.00327233634782443,-1.49603396842863,20055.0264296174,157799.696858446,298976.101555141,2
KA06,N15_M07_F04_KA06_13.mat,1.75153186794895,3.06786388444075,5.90423705664497,1.70457168201378,-0.010259891150993,-1.49657290684085,18335.3540189497,152151.142587438,294085.686360119,1.7615063526407,3.10290463039353,5.73204162218846,1.64490060557435,0.000226175325241832,-1.49337813646336,20145.6714838788,152986.931011161,297244.195434556,2
KA06,N15_M07_F04_KA06_14.mat,1.7560728142264,3.08379172886502,5.86222137063758,1.67030111570118,0.0086975674435291,-1.4977890486254,18370.4040552425,155222.526601567,296514.982397384,1.76618412007105,3.11940634599114,5.8415579185028,1.72018208100849,-0.0128137169671782,-1.49178278742181,20236.1216129084,156091.854255439,299977.329129998,2
KA06,N15_M07_F04_KA06_15.mat,1.75117743162654,3.06662239703812,5.91181365576106,1.72366637960297,-0.0024933485717584,-1.50277408492303,18660.904640988,153976.184757203,294219.199086234,1.76684709360299,3.12174865217335,5.81607299420324,1.71730279990858,-0.00942616505719578,-1.4941521929586,19537.9256062897,155344.776713202,299391.259010291,2
KA06,N15_M07_F04_KA06_16.mat,1.75496085608024,3.07988760637388,5.90561462012062,1.69787362157289,0.00583423793610927,-1.5031555769541,18410.2211499427,157985.921084787,295999.252467323,1.77172150951819,3.13899710728943,5.89115020362628,1.7216397369169,-0.0127571163098828,-1.49137159604709,19722.5735257844,159519.030604937,301810.815841758,2
KA06,N15_M07_F04_KA06_17.mat,1.75722731551021,3.08784783837521,5.92490050877975,1.70614048450684,0.0127064046345484,-1.49518674758099,18643.3331300743,154213.36942883,296822.204413686,1.76704022587897,3.12243115987439,5.77199096298237,1.68745483136781,-0.0043051495041879,-1.49676572634377,20114.5351054204,155032.125346587,300122.934890747,2
KA06,N15_M07_F04_KA06_18.mat,1.75321723174501,3.07377066168763,5.92558929051758,1.73028086961553,-0.00585193108414017,-1.5010957108576,19091.3147060112,142336.740744847,302553.579222483,1.76769894260627,3.12475955169131,5.81882812115454,1.7073635896512,-0.0103257071592217,-1.49405204657407,20093.8268824727,143525.138194512,307390.430105247,2
KA06,N15_M07_F04_KA06_19.mat,1.76035570462458,3.09885220680431,5.93385467137149,1.70226833179167,0.0061291169523371,-1.50382684957665,18416.1563821776,154228.992232779,297685.845314872,1.77693036337608,3.15748151628785,5.88701751319932,1.71801527329725,-0.0127285387617175,-1.49131642583931,19682.709593926,155742.424882633,303561.298742645,2
KA06,N15_M07_F04_KA06_2.mat,1.7638526927242,3.1111763216304,5.90217071143149,1.70289173550837,-0.00776228423390668,-1.49797494677918,18567.2888710914,157913.106687882,299055.200751614,1.77677205839222,3.15691894748331,5.81745055767889,1.69664260986071,-0.00876188941291069,-1.4961224942312,19748.6976395367,159038.229680722,303271.264075372,2
KA06,N15_M07_F04_KA06_20.mat,1.76483613113494,3.11464656975933,6.00824309905671,1.71956765843019,0.0106592803356678,-1.49622510923496,18535.9010872986,158642.14815715,299064.183866792,1.77603411588774,3.15429718079716,5.86428771585106,1.70128376783564,-0.00695359249140888,-1.49430945275076,20147.5959400543,159543.472610119,302427.875289653,2
KA06,N15_M07_F04_KA06_3.mat,1.76268713287911,3.10706592841759,5.91112487402323,1.6875279042357,-0.00381235731488295,-1.50226084220398,18435.7150284049,157620.008920608,298757.386649609,1.77793040483258,3.16103652442815,5.86359893411323,1.70579840665713,0.00313446578236305,-1.49156920512499,19792.0468069885,159100.865227985,304477.634515416,2
KA06,N15_M07_F04_KA06_4.mat,1.76154288752684,3.10303334459639,5.91112487402323,1.69838807386588,-0.00718676933473334,-1.49777005271569,18626.5502742504,157530.91476584,298730.798288601,1.77535708109957,3.15189276541039,5.8573998984728,1.70511956137869,-0.00937003876071067,-1.49640834659219,19762.568326173,158654.015018508,302903.824004374,2
KA06,N15_M07_F04_KA06_5.mat,1.76205868353407,3.10485080421782,5.95107421481714,1.70544057811302,0.00272947497161147,-1.49985695176276,18390.0894373095,135840.216813866,296713.226451788,1.77606727175696,3.15441495380623,5.84293548197845,1.71274239719721,-0.0027476718141158,-1.49241638662921,19941.4373668873,136948.455707816,301483.848549176,2
KA06,N15_M07_F04_KA06_6.mat,1.77158280663494,3.13850564076454,5.97862548433019,1.71749412394303,-0.0104782950829039,-1.49691811647497,18527.6301961908,159249.300113244,301267.626612921,1.78282327009702,3.17845881239943,5.83329253764889,1.67579032535621,-0.00523326207410428,-1.49545644648096,19902.106552094,160207.201523149,304866.4404932,2
KA06,N15_M07_F04_KA06_7.mat,1.76278619502941,3.10741516938627,5.92972198094454,1.68669621172283,-0.00301486160339752,-1.50179243744093,18503.4539571931,154394.065131953,297216.31200491,1.77625735522661,3.15509019199664,5.86291015237541,1.72250969462564,-0.00861135222693565,-1.49390766477086,19664.1228187307,155667.046465834,302297.64243104,2
KA06,N15_M07_F04_KA06_8.mat,1.76111730001077,3.10153414439722,5.94625274265236,1.71257259785434,0.0107952440907032,-1.49734359644397,18574.5555184254,156437.11586481,297270.586949356,1.77251977247763,3.14182634382416,5.80298614118454,1.67627443915163,-0.00467640964483301,-1.49457488075898,19942.998835087,157458.061509745,301043.338866552,2
KA06,N15_M07_F04_KA06_9.mat,1.75704757329918,3.08721617483655,5.91181365576106,1.71454960248357,-0.00739518064255759,-1.49776751086136,18583.2403673577,148295.623535532,297812.556534198,1.76972264643621,3.13191824530919,5.9896459921354,1.79502210929169,-0.00909152342549049,-1.4958300016842,19816.7906021382,149241.961921963,301514.323518823,2
KA07,N15_M07_F04_KA07_1.mat,1.74058290309223,3.02962884253696,5.92765563573106,1.71372993142422,-0.00864983271063944,-1.49961205825193,18227.7952403343,162435.355000325,303889.955024327,1.7506872160467,3.06490572842934,5.7437509117315,1.67235128962885,0.0207000825976872,-1.4888538148231,20837.7724608995,163428.757076177,307707.965948469,2
KA07,N15_M07_F04_KA07_10.mat,1.73635315663801,3.01492228456678,5.86222137063758,1.69549694833141,-0.0107207615685031,-1.49796103867337,17643.4886052834,155582.376644105,289976.381472365,1.74676684925854,3.0511944256686,5.75132751084759,1.69193790507435,0.0171971971603888,-1.49094875020135,20142.5967622012,156470.312845545,293354.616594682,2
KA07,N15_M07_F04_KA07_11.mat,1.73280473919191,3.00261226416594,5.92007903661497,1.71032552903035,0.00319237742704881,-1.49968159202956,17873.2345090622,154979.794947213,288437.425324375,1.74610141267534,3.04887014334682,5.80298614118454,1.70927952033162,0.0137928123120393,-1.49481662914316,19672.213937805,156164.525889913,292923.24805637,2
KA07,N15_M07_F04_KA07_12.mat,1.73373339639798,3.00583148978567,5.8573998984728,1.69070146412387,-0.00732314220195276,-1.50192725439908,17546.9923501592,155418.93016646,288202.116794152,1.74676981388134,3.05120478268706,5.76716949081758,1.68749857495148,0.0187257808749998,-1.49000991801361,19741.7664289089,156571.048879639,292551.123085315,2
KA07,N15_M07_F04_KA07_13.mat,1.73306963530134,3.00353036080352,5.9076809653341,1.73766983350601,-0.00164601508295293,-1.500553352213,17704.1544344059,154502.657909994,287627.163965559,1.74648492099498,3.05020957926282,5.74512847520715,1.69706227558023,-0.00172796920112133,-1.49121836027028,19803.6479577987,155806.485126554,292558.82919294,2
KA07,N15_M07_F04_KA07_14.mat,1.73067197019708,2.99522546842585,5.8890838584128,1.70553365942171,-0.00521134219407181,-1.50316189801068,17723.6655546933,154473.874505204,287486.089778126,1.74639643275114,3.0499005003259,5.83535888286237,1.72238884743664,0.0165044144146667,-1.49089372528049,19602.8040245208,155856.947749779,292831.689258162,2
KA07,N15_M07_F04_KA07_15.mat,1.72927213627433,2.99038212129479,5.90905852880975,1.76300575479935,-0.00685647136566211,-1.50023360819539,17939.4133472143,154749.710845385,286584.103722932,1.74259057936887,3.03662192730514,5.77130218124454,1.73049200126829,0.00286922917632219,-1.49538650979595,19666.9523341097,155941.698869656,291153.977217652,2
KA07,N15_M07_F04_KA07_16.mat,1.72725166756058,2.9833983230908,5.82433837505715,1.69374909385714,-0.00712974326622152,-1.50233369629298,17653.8106884065,155192.200327834,286352.72050348,1.74205675485463,3.03476173713464,5.79816466901976,1.71966878061307,0.0186787275815865,-1.48952857655056,19788.3824881433,156545.382777166,291491.465285185,2
KA07,N15_M07_F04_KA07_17.mat,1.73322470444844,3.0040678761104,5.87461944191845,1.73270232616854,-0.0140948382789431,-1.49587753287288,17777.7452528387,155210.293837471,288295.555707473,1.74201350744706,3.03461106012802,5.67969421011368,1.66002744740787,0.010892909708035,-1.49608447848271,20097.5552580195,155961.690338277,291122.443199823,2
KA07,N15_M07_F04_KA07_18.mat,1.72401178074341,2.97221662014205,5.83949157328932,1.70979220171875,-0.00467804422483705,-1.50411359759624,17747.9113606465,155036.404045432,285328.725404983,1.74026356397091,3.02851727208473,5.73755187609107,1.68060025343282,0.0150325295819926,-1.49218883180117,19505.1526824222,156476.063685323,290767.618769947,2
KA07,N15_M07_F04_KA07_19.mat,1.72369024383652,2.97110805669719,5.84913451761889,1.69670143578003,0.0113581920599093,-1.49618385232904,17870.3450696721,142948.761757069,285491.301890815,1.73252401814865,3.00163947346194,5.78714416121454,1.74827974830833,0.00443689824574206,-1.49442158798679,20348.4653582565,143654.288277793,288246.910789887,2
KA07,N15_M07_F04_KA07_2.mat,1.73938040745667,3.02544420184414,5.93523223484714,1.75587032261913,-0.014127514647858,-1.49583013242288,17946.996145366,155216.897828555,290112.621960878,1.75038183100593,3.06383655431569,5.73479674913976,1.69540427252914,0.0050583507185933,-1.49794596026126,19864.2573068187,156188.844018022,293832.244695255,2
KA07,N15_M07_F04_KA07_20.mat,1.72390297384963,2.9718414632476,5.85464477152149,1.70175504930576,0.00436168641779083,-1.49976559555601,17465.5328891534,154904.730887915,285462.5694819,1.73607448698701,3.01395462436722,5.75821532822585,1.71336392046613,-0.00532157144449083,-1.48664502726653,20039.7940214854,155943.275185423,289400.29185842,2
KA07,N15_M07_F04_KA07_3.mat,1.73090484152845,2.99603157042663,5.88839507667497,1.73907443021589,0.0028907272082857,-1.5054896900412,17754.7296110693,154020.736252642,287535.645434225,1.74674044076406,3.05110216740063,5.78507781600106,1.71386441820557,0.00120729128982102,-1.49246186049499,19475.4999398271,155439.608553388,292980.778291111,2
KA07,N15_M07_F04_KA07_4.mat,1.73180943444224,2.99916391722316,5.89941558448019,1.7109899537858,0.00405462030210141,-1.50070829308412,17479.6267410728,154979.807615267,288049.318294811,1.74492252783614,3.04475462815007,5.72653136828585,1.68848584749268,-0.00473817700130427,-1.48870416107697,19902.3882638248,156158.954849253,292589.953324947,2
KA07,N15_M07_F04_KA07_5.mat,1.73619936697444,3.01438824188243,5.87668578713193,1.72722894796834,-0.00840865777351594,-1.4996950600008,17963.4986670226,155860.625821629,289199.485875286,1.74901629619729,3.05905800436368,5.79747588728193,1.72160396787562,0.00261984452133668,-1.49602330504747,19685.6403602204,157002.514864345,293566.145020715,2
KA07,N15_M07_F04_KA07_6.mat,1.72996636506925,2.9927836242709,5.90010436621801,1.74897448845383,-0.0148844268313344,-1.49493538899082,17898.9336444823,152726.148625486,286985.616571282,1.74069334906497,3.03001333547902,5.75132751084759,1.70780949889752,0.003725950583849,-1.49884014130703,19851.4686962925,153632.911366864,290543.791749821,2
KA07,N15_M07_F04_KA07_7.mat,1.7345699558084,3.00873293159317,5.88288482277236,1.71133547413444,-0.00322440379166111,-1.50545371210636,17901.6880826518,153950.346934418,289139.214094877,1.75123246690192,3.06681515313138,5.84086913676497,1.72546098142862,0.013937751651874,-1.49369979447329,19544.5854369128,155369.704352309,294535.40812787,2
KA07,N15_M07_F04_KA07_8.mat,1.73571528175389,3.01270753931399,5.91388000097454,1.72124473209223,0.0108494507252391,-1.49565730570477,17952.3906839367,156394.5389653,289471.591154947,1.74501655245033,3.04508276832564,5.77612365340932,1.69083119595774,0.00990448248655889,-1.49702026923567,20068.7256096011,157185.446816227,292461.376367342,2
KA07,N15_M07_F04_KA07_9.mat,1.73691525890403,3.01687461661366,5.9524517782928,1.71889285743371,0.00767893742014157,-1.49832602186403,17655.1214400535,153746.226226036,290191.228714823,1.74651347448018,3.05030931654084,5.7409957847802,1.70409790902072,-0.00159882291412076,-1.49074597904481,20321.7578463723,154543.58160148,293388.97335925,2
KA08,N15_M07_F04_KA08_1.mat,1.73852516428306,3.02246974684545,5.90148192969367,1.7235257824851,0.00130550278503037,-1.50489184418671,17696.2768376704,153642.295369836,289997.416506994,1.75426400172824,3.07744218775958,5.79196563337932,1.7052764739552,0.00155354828777826,-1.49331952729569,19329.8184695864,155057.0229118,295452.208651165,2
KA08,N15_M07_F04_KA08_10.mat,1.74053734475648,3.02947024849194,5.93109954442019,1.70381443951327,0.0091440448158078,-1.4984306278095,17353.2263380192,155521.229580339,290904.833813765,1.75089532890195,3.06563445277065,5.78163390731193,1.71964899865195,-0.0135438028363875,-1.49008902150055,20088.2422401424,156371.985194069,294190.677398747,2
KA08,N15_M07_F04_KA08_11.mat,1.73139335364823,2.99772294505725,5.89872680274236,1.72255657103495,-0.0123574135818009,-1.49461431714917,17573.383022444,155822.169777294,287930.824262386,1.74102638698879,3.03117288019124,5.66385223014368,1.66848869359439,-0.00389806811832295,-1.49792189462794,19918.723411519,156646.657830601,291043.211052996,2
KA08,N15_M07_F04_KA08_12.mat,1.72287935436537,2.96831326969842,5.88357360451019,1.71128148054141,0.00559009014723818,-1.50042511590591,17262.8871028494,150241.42968841,285238.748958016,1.73698264197294,3.01710869851529,5.77061339950672,1.73577100674173,-0.0142440650962579,-1.48769102293039,19808.554838899,151484.877482667,290025.265802788,2
KA08,N15_M07_F04_KA08_13.mat,1.72314346378033,2.96922339676888,5.81607299420324,1.70390646944932,-0.000158071579278246,-1.5038298566376,17567.9409579334,154196.603074425,284616.768843299,1.73853132822815,3.02249117923073,5.73135284045063,1.70868446210497,0.00342628530768141,-1.49260913336078,19445.0564757969,155580.540219662,289833.716575734,2
KA08,N15_M07_F04_KA08_14.mat,1.73189787127788,2.99947023653684,5.88426238624802,1.71120952470999,0.0143240608279158,-1.49477979630434,17680.020899876,155433.86661377,287629.660491038,1.74217908623802,3.03518796852514,5.7251538048102,1.69206699601986,-2.66980605217567e-05,-1.49832615744007,19861.6440689054,156349.50107228,291073.307579837,2
KA08,N15_M07_F04_KA08_15.mat,1.72728994343303,2.9835305486849,5.83742522807584,1.72735758260142,-0.00580736239979129,-1.50121809860905,17616.849971573,152929.269827686,286886.603053654,1.74061595899646,3.02974391671317,5.75063872910976,1.7457402061879,-0.00791118203385982,-1.49462947814018,19398.5003405738,154102.270204804,291237.548605379,2
KA08,N15_M07_F04_KA08_16.mat,1.73436445538192,3.00802006409222,5.89803802100454,1.72011692100032,0.0141251853514247,-1.49488559886809,17521.8993426684,155112.246971161,289080.896604849,1.74388126802376,3.04112187696415,5.77956756209846,1.71844941371691,-0.00375940433106313,-1.49740894120724,19936.1833397912,155910.145595507,292153.371422085,2
KA08,N15_M07_F04_KA08_17.mat,1.73046571285974,2.99451158338317,5.86566527932671,1.73688470188443,-0.0122345582371183,-1.49578334130049,17536.4581222609,152332.747255839,287918.763672902,1.73955792499819,3.026061774424,5.67418395621107,1.66646739367994,-0.00114057200475073,-1.49561346266068,19913.6732638173,153090.027377825,290845.328793554,2
KA08,N15_M07_F04_KA08_18.mat,1.71886079594299,2.95448243582977,5.84018035502715,1.72834262039231,0.00294345234396711,-1.50542501901122,17606.4245711892,152627.536472083,283309.305528536,1.73451588142315,3.00854534290911,5.74512847520715,1.73190701891141,-0.00796264506534828,-1.49239398573519,19400.4730114709,154033.51427746,288561.306685646,2
KA08,N15_M07_F04_KA08_19.mat,1.7294022773121,2.99083223677227,5.89803802100454,1.71124421558739,0.00873930168563396,-1.49866914227411,17405.0413218106,152653.07692424,286659.179881486,1.73888845985301,3.02373307580997,5.76785827255541,1.73026585171,-0.012051268363394,-1.49060901616493,20112.4818470599,153452.589082652,289706.234666615,2
KA08,N15_M07_F04_KA08_2.mat,1.74383497126082,3.04096040699223,5.94280883396323,1.7160006949841,-0.00352926449030224,-1.50294393875878,17413.2157834751,156593.842512042,291692.46825914,1.75853884387343,3.09245886541171,5.84086913676497,1.72076093499107,0.00594717592391405,-1.49057600450662,19622.2669300865,157976.330800145,297021.414407657,2
KA08,N15_M07_F04_KA08_20.mat,1.73393412161085,3.0065275380864,5.81400664898976,1.70822886603319,-0.0129046851691792,-1.49521022597372,17522.9862402507,151889.086347568,289007.357932059,1.74389879842037,3.04118301913201,5.69484740834585,1.67157048671367,-0.00407477485218739,-1.49751109781351,19798.1005096822,152697.439898545,292081.964653358,2
KA08,N15_M07_F04_KA08_3.mat,1.72661521821319,2.98120011176537,5.86222137063758,1.69827685196848,0.00685961329293156,-1.49934206315914,17199.4000237287,154385.716820775,286056.181832189,1.73957880534452,3.02613442000386,5.67074004752194,1.66419474064157,-0.0168719877933092,-1.48702965387396,19958.0549150941,155466.917349468,290151.610395275,2
KA08,N15_M07_F04_KA08_4.mat,1.72200918509,2.96531563353431,5.81538421246541,1.69698801302832,0.00675391045606202,-1.50219554783116,17282.6344752729,153508.576068684,284477.231469579,1.73714096611486,3.01765873615446,5.74926116563411,1.72971774509952,-0.0141261569295168,-1.49001095624752,19572.9687547651,154897.673264226,289734.498127856,2
KA08,N15_M07_F04_KA08_5.mat,1.72759885009023,2.98459778683309,5.86428771585106,1.7030944020357,0.00636246395858023,-1.50001239804033,17174.448905276,152723.900570421,286240.471035557,1.74099493052564,3.03106334811598,5.73135284045063,1.69880545430261,-0.0157955189953054,-1.48750466907168,19791.2829480412,153860.145482399,290523.084474711,2
KA08,N15_M07_F04_KA08_6.mat,1.72566739826861,2.97792796944714,5.84224670024063,1.71663693255552,0.00610867247834705,-1.50295102021445,17348.4496366673,154616.759951174,285741.11113148,1.74129515158542,3.03210880493488,5.75270507432324,1.71245540900791,-0.0115092856061435,-1.49084349332718,19516.0464543877,156034.283528425,291047.986604956,2
KA08,N15_M07_F04_KA08_7.mat,1.73913284237926,3.02458304344216,5.92421172704193,1.7354643359858,-0.0102120409424,-1.49852176579948,18748.2070374757,163398.733683027,313417.821988321,1.74791300238956,3.05519986392248,5.68933715444324,1.64647746152742,0.00602723925611374,-1.49215465170363,21558.2195615586,164250.629099058,316723.918616539,2
KA08,N15_M07_F04_KA08_8.mat,1.72823528232226,2.9867971910635,5.88012969582106,1.70915364286647,-0.00464389164323659,-1.50409564046144,17466.9827747116,153325.566394062,286843.071564091,1.74483656605826,3.04445464225397,5.72170989612107,1.7017879027877,0.0042382565683744,-1.49164913193101,19486.7711641849,154779.554476974,292356.149478511,2
KA08,N15_M07_F04_KA08_9.mat,1.73051128975621,2.99466932397371,5.91388000097454,1.74008784047153,0.0083977956423308,-1.49991150068063,17743.2104252859,155792.137666469,287031.485180108,1.74313740541679,3.03852801416318,5.72446502307237,1.69698767001435,0.00250226122654493,-1.49519498183335,19569.5971681584,156984.530629302,291518.21722264,2
KA09,N15_M07_F04_KA09_1.mat,1.77542435367587,3.15213163562537,5.9710488852141,1.68720615039817,-0.0091775438436478,-1.49932014277117,17511.3506503536,151250.667317576,303025.242552877,1.7884342610988,3.19849710627202,5.88770629493715,1.69912047415599,0.00618283589550285,-1.49220242944452,19905.6172726117,152314.157343027,307573.401867531,2
KA09,N15_M07_F04_KA09_10.mat,1.74718314722582,3.05264894994994,5.85188964457019,1.68649499326347,0.00409723842571984,-1.49978932326668,18922.5011898874,146833.541950403,318816.114942723,1.76045167722288,3.09919010783685,5.79540954206845,1.69519409549393,-0.0141655457512564,-1.4879225642864,21788.3684026541,147887.896439132,323492.151232333,2
KA09,N15_M07_F04_KA09_11.mat,1.77006197064757,3.13311937993276,5.91112487402323,1.70521515037147,-0.00614759297354779,-1.50125948408511,17829.2599277925,159426.057154366,301169.51920982,1.78465877101003,3.18500692894302,5.83673644633802,1.70603051392652,-0.00828966322977454,-1.49418053353573,19649.7851380762,160682.377947862,305908.358190289,2
KA09,N15_M07_F04_KA09_12.mat,1.75609032124261,3.08385321636197,5.82640472027063,1.68363046194728,-0.00608034557325253,-1.50044413450747,17765.7514964379,149373.498146444,296991.851874372,1.7686792840306,3.128226409759,5.8415579185028,1.70750382208979,-0.00660558893222315,-1.49499465665291,19761.6639557512,150402.5990982,300994.957483392,2
KA09,N15_M07_F04_KA09_13.mat,1.75614760133236,3.08405439766539,5.86566527932671,1.69292017179386,-0.0145624925708267,-1.4954934651832,17612.4341918518,144436.572125093,295255.933954009,1.76516250283554,3.11579866141662,5.76165923691498,1.66916828794994,0.000273240410077844,-1.49582983243713,20044.1677855206,145171.065268337,298518.088291272,2
KA09,N15_M07_F04_KA09_14.mat,1.74816223939337,3.05607121524084,5.87668578713193,1.72140434790093,-0.00491314806438814,-1.50106479781,17672.7397881254,149495.890140649,292414.002907833,1.76107089467393,3.10137069606763,5.85946624368628,1.7204294680205,-0.00465349338642037,-1.49393331004938,19793.2893692435,150658.762700609,297054.20261427,2
KA09,N15_M07_F04_KA09_15.mat,1.75219176575311,3.07017598397301,5.92627807225541,1.7110145246356,-0.00901145191788964,-1.497743830815,17672.9367797024,138968.895949468,293550.966976621,1.76442218040467,3.11318563070397,5.99446746430019,1.77854885845126,-0.00241386590853351,-1.49374302051881,19838.0298758058,139808.322414925,297454.557533514,2
KA09,N15_M07_F04_KA09_16.mat,1.7630382508273,3.10830387388018,6.02339629728888,1.7351703108278,-0.00245812431025579,-1.50019813015239,17553.8147332724,138625.964838591,297297.083427823,1.77517245715066,3.15123725262633,5.76785827255541,1.66210439705583,0.00684018560340507,-1.48983291021331,19977.1947820248,139771.022934293,302076.155673897,2
KA09,N15_M07_F04_KA09_17.mat,1.76365057881541,3.11046336415595,5.90354827490714,1.68621997133125,0.00855073648208059,-1.49752650926705,17646.1920736044,156804.26401043,299244.824331839,1.77401804596115,3.14714002739583,5.9076809653341,1.72861655688955,-0.00856952504305212,-1.49196851579973,20200.5467249314,157709.668645007,302874.145564005,2
KA09,N15_M07_F04_KA09_18.mat,1.7583830909266,3.0919110944566,5.89252776710193,1.69228513520938,0.00329752105490049,-1.5031115315861,17546.0025708019,146821.596635974,295448.146653038,1.77389393721402,3.14669970048467,5.81951690289237,1.70042222940149,-0.0107579892706209,-1.49057714643354,19737.0902896908,148054.628829927,300202.607307067,2
KA09,N15_M07_F04_KA09_19.mat,1.75274570558254,3.07211750843802,5.88288482277236,1.7116375258757,-0.007788159041447,-1.49824689343703,17711.8061107314,153174.837949904,296263.47989491,1.76500984280262,3.11525974519013,5.78025634383628,1.70081157998494,-0.00828554449518415,-1.49497823254636,19734.2538864945,154230.902680647,300243.718575516,2
KA09,N15_M07_F04_KA09_2.mat,1.75283939187816,3.07244593371979,5.97311523042758,1.72157730414555,0.00616607404239541,-1.49879936723082,17817.827528508,149364.82803133,294788.765404261,1.76538045357334,3.11656814585883,5.85188964457019,1.70754470220631,-0.00145315014552765,-1.49482517666096,19865.9282913147,150325.839559226,298610.684279465,2
KA09,N15_M07_F04_KA09_20.mat,1.74857669506415,3.05752045852146,5.91456878271236,1.72529036038247,0.00250470822282306,-1.50217762743255,17548.9746640006,157241.85818299,293163.429685007,1.76299713714057,3.10815890556586,5.92972198094454,1.74240776105215,-0.0106911837729892,-1.49002033014747,19748.4297034407,158626.226616856,298437.505250817,2
KA09,N15_M07_F04_KA09_3.mat,1.77288519370758,3.14312191006755,6.0027328451541,1.71566342263245,-0.00449098129990187,-1.50147467140166,17678.7404546253,147730.348326656,299822.99519363,1.78662119369941,3.19201528977589,5.90836974707193,1.7224545710485,-0.00550839184272745,-1.4931916358702,19673.9861732164,149081.474949048,305303.738766551,2
KA09,N15_M07_F04_KA09_4.mat,1.77308268213782,3.14382219769704,6.02890655119149,1.72527085678184,0.000737721848396369,-1.50150913402719,17681.9384682341,152577.62259354,302775.550095035,1.78720396526523,3.19409801345975,5.88012969582106,1.69780811803626,0.00535595923039625,-1.49260070552957,19675.6165195899,153880.503988219,307855.249595748,2
KA09,N15_M07_F04_KA09_5.mat,1.76274922538792,3.1072848316057,5.88219604103454,1.68476565659751,-0.00676591141789557,-1.49864730681503,17698.4644084697,152425.029769177,298695.737019708,1.77455415665303,3.14904245489455,5.83329253764889,1.72107135231822,-0.00717304679903083,-1.49414686077477,19887.4726952921,153589.437247008,303194.275556498,2
KA09,N15_M07_F04_KA09_6.mat,1.77296996798314,3.14342250737015,6.01306457122149,1.71599921743794,0.000327914681413005,-1.50128351786911,17674.6180959244,142852.653355673,302122.847925695,1.78649187307123,3.19155321254955,5.85533355325932,1.71272012351996,-0.00968245058990843,-1.49245746528463,19839.2572848626,144142.146861251,307344.780804437,2
KA09,N15_M07_F04_KA09_7.mat,1.76836786863754,3.12712491882967,5.99171233734888,1.70727714043378,0.0050435765627003,-1.50046966173376,17406.6764896562,147131.067769339,300179.510213279,1.782099479796,3.17587855588919,5.87117553322932,1.71474346556484,-0.012641151212138,-1.48997776700663,19967.3624227174,148244.788607499,304642.469784792,2
KA09,N15_M07_F04_KA09_8.mat,1.76184760901158,3.10410699737982,5.89252776710193,1.68976381949894,0.00796550093312537,-1.49830071481914,17703.6743535346,147893.2391058,298379.464165007,1.77299219494415,3.14350132333289,5.89803802100454,1.72956395909977,-0.00525957722643503,-1.49339711828321,20098.4568733143,148678.868164877,301863.976536628,2
KA09,N15_M07_F04_KA09_9.mat,1.76678015431313,3.12151211367472,5.9552069052441,1.70506055605239,0.0119775322384609,-1.49538668752706,17819.9992573274,148592.31475407,299592.092998778,1.77728941226323,3.15875765494299,5.88288482277236,1.71920755758058,-0.00163019628619242,-1.49634055231836,20102.860943746,149431.392225257,303215.406583464,2
KA15,N15_M07_F04_KA15_1.mat,1.7907944325219,3.20694469955145,6.03028411466714,1.70628670506555,-0.011172313368885,-1.49868747510395,17579.9650207307,160833.190639878,307764.972661576,1.80026246842086,3.24094495520476,5.84224670024063,1.62580827431988,0.00852125472741126,-1.49181110489796,19368.1650152764,161679.223646245,310975.198434521,2
KA15,N15_M07_F04_KA15_10.mat,1.79552349703078,3.22390462838963,5.92627807225541,1.69642211099255,-0.00880314955519658,-1.49902847184061,18080.3270702657,158846.786293054,309869.026708918,1.80863518554419,3.27116123438848,5.9710488852141,1.70222610491262,-0.00605794228221042,-1.49599360344313,19149.9059245393,159980.871583428,314180.179075739,2
KA15,N15_M07_F04_KA15_11.mat,1.7801564938148,3.168957142471,5.81400664898976,1.64746768980269,0.000167221258624458,-1.50357595694883,18156.7818431644,159418.96637893,304203.59446917,1.79555297572681,3.22401048864139,5.86704284280236,1.67999496342391,0.0060005100658308,-1.49427801671537,19064.0113979237,160780.129108323,309466.860942821,2
KA15,N15_M07_F04_KA15_12.mat,1.78294966355739,3.1789095027794,5.85395598978367,1.65929343949434,0.00365381761333404,-1.50355943922594,17867.4542527184,159684.924908292,304639.689701104,1.79838604455579,3.23419236525303,5.9076809653341,1.7078858133011,-0.00793195778338025,-1.49164678502378,19160.6054600547,161073.40057277,309979.052565776,2
KA15,N15_M07_F04_KA15_13.mat,1.79663549609396,3.22789910582479,5.96967132173845,1.68257176023918,-0.0127738980150617,-1.49603013670172,17866.1620981782,157506.243017376,310480.782066543,1.80571249710268,3.2605976221928,5.82847106548411,1.62695372560584,0.00231487046694002,-1.4964321339536,19445.9484481474,158213.876858703,313268.597985114,2
KA15,N15_M07_F04_KA15_14.mat,1.78274546347516,3.17818138754127,5.92145660009062,1.67059607058617,-0.00718747205105116,-1.50532362195905,18037.6350005918,159400.822402115,305266.181289793,1.80002307603047,3.24008307424221,5.90974731054758,1.68991439370982,0.0078184233848829,-1.49303119258629,19038.4045592566,160902.757338189,311049.128816899,2
KA15,N15_M07_F04_KA15_15.mat,1.79281721735662,3.21419357485034,5.93041076268236,1.65815500226273,-0.00582375584265141,-1.50514365577547,18028.6002505367,156038.489860362,308536.325664079,1.80980487736129,3.2753936941207,5.94900786960367,1.70525778920391,0.00743057455103004,-1.49349586032002,18993.4119585783,157504.650760455,314248.9686791,2
KA15,N15_M07_F04_KA15_16.mat,1.78201604784262,3.17558119476863,5.89321654883975,1.66396953442384,-0.00759693239067974,-1.5014978151697,17726.0611375775,160000.272898229,305007.664634107,1.79691863523321,3.22891658164837,5.90561462012062,1.67437641520993,0.0128606775931661,-1.48912043792173,19296.4587036783,161316.483004698,310140.482804406,2
KA15,N15_M07_F04_KA15_17.mat,1.78310526133248,3.17946437299157,5.96829375826279,1.68127089600523,-0.00911116496961661,-1.49917223693102,17631.0974218199,160532.244066348,305573.322942127,1.79247071260398,3.21295125554301,5.83053741069758,1.63426221411065,0.0103462657254894,-1.48993056227742,19595.6957969864,161362.692068781,308821.147698428,2
KA15,N15_M07_F04_KA15_18.mat,1.78554972796936,3.18818783105147,5.94831908786584,1.69168587372037,-0.0146330778848525,-1.49506679676953,17828.7702039769,159196.775070769,305982.740033229,1.79390780646481,3.21810521809538,5.84293548197845,1.63794388391639,0.0013886963852778,-1.49800277881276,19503.3818245743,159952.510133764,308944.178211729,2
KA15,N15_M07_F04_KA15_19.mat,1.79344178336471,3.21643343031839,6.0344168050941,1.69162740695739,0.00461942121181356,-1.50000340834133,17626.5438857511,160819.684547259,308530.42729006,1.80395184117675,3.25424224528497,5.88150725929671,1.65612366476225,-0.012971258146934,-1.48787369609467,19619.7046620218,161677.563146425,311886.295225044,2
KA15,N15_M07_F04_KA15_2.mat,1.7859834799026,3.18973699048499,5.82640472027063,1.6432229622844,-0.000376976913524797,-1.50412743251526,18055.7010567932,158235.838105333,306358.189392559,1.80112745286376,3.24406010145951,5.88632873146149,1.6576129072473,0.0062422970687949,-1.49399428192405,18928.9592074612,159623.100585387,311768.183125043,2
KA15,N15_M07_F04_KA15_20.mat,1.78891190796201,3.20020581444827,6.07712127283931,1.71938847870687,-0.0132027900273341,-1.49610797819604,17821.0200318628,157698.402449804,307153.086286864,1.7969087539691,3.22888107009077,5.84637939066758,1.63284786328444,0.00373569855389288,-1.49606753316078,19473.7352810148,158395.107591231,310053.34744881,2
KA15,N15_M07_F04_KA15_3.mat,1.79157434987207,3.20973865111953,5.91525756445019,1.65373003369937,0.00916915632475593,-1.49764939906997,18085.2153542591,158964.084015901,308346.481426406,1.80371176289719,3.2533761236137,5.88081847755889,1.64921749698801,0.00603583207904196,-1.49758208431805,19104.0475252166,159998.099087396,312378.496642263,2
KA15,N15_M07_F04_KA15_4.mat,1.78545001051152,3.1878317400356,5.89459411231541,1.66144445005543,-0.00314458156076252,-1.50343148567722,17976.560035117,160697.948264518,305675.197017271,1.80051551243196,3.24185611050811,5.94212005222541,1.70169780410938,0.00759294758045779,-1.49254896949316,19080.0538133794,162138.711119989,311337.113236656,2
KA15,N15_M07_F04_KA15_5.mat,1.8015114081402,3.24544335365929,5.99033477387323,1.6773884084499,0.00445845013359811,-1.50212088187538,17744.0610707321,155122.362421221,311274.393384407,1.81568168817157,3.29669999276155,5.92627807225541,1.68259724031014,-0.0112066074747793,-1.48945686146175,19316.0021967074,156353.16247063,316177.290223942,2
KA15,N15_M07_F04_KA15_6.mat,1.78127183002335,3.17292933243474,5.92007903661497,1.66935356522073,0.00482112323435743,-1.50117150394758,19208.3180598157,150267.746095769,330728.107019524,1.79533148749963,3.22321515000763,5.84569060892976,1.67951048078877,-0.0131518425147089,-1.48914604256363,20993.9984907645,151419.149261272,335786.036564081,2
KA15,N15_M07_F04_KA15_7.mat,1.78538465331261,3.18759836028421,5.8890838584128,1.67152707502736,0.00812567256710641,-1.49777175457544,18173.8505434095,159319.251702834,305912.193269505,1.79804634983933,3.23297067617054,5.92421172704193,1.67604593422487,0.00552420989643137,-1.49663560843374,19258.9779566328,160435.815364958,310318.591781835,2
KA15,N15_M07_F04_KA15_8.mat,1.80212709944028,3.24766208253703,5.99928893646497,1.66745162327334,-0.0100026905739836,-1.49890765519247,17761.492758953,123907.516278191,310131.774357408,1.81305038675781,3.28715170492264,5.89597167579106,1.64068341198532,0.00688373286274996,-1.49175746357451,19407.6487396156,124532.760450226,314317.076326815,2
KA15,N15_M07_F04_KA15_9.mat,1.78274239465621,3.17817044570455,5.86566527932671,1.65217786042784,-0.0037967305471309,-1.50522320243224,18064.5629226321,159133.738716423,305236.879861392,1.79908768927784,3.23671651371109,5.88563994972367,1.68225195864553,0.00594346025482263,-1.49351500574117,18931.3968060314,160586.007564089,310866.995869967,2
KA16,N15_M07_F04_KA16_1.mat,1.70826345109387,2.91816401834315,5.86635406106454,1.72890244414868,0.0101604610334783,-1.49538015005711,17868.5969416215,152012.075423877,280427.558953527,1.71760274901968,2.95015920343996,5.72102111438324,1.70862440128711,0.00013052124345001,-1.49660337902125,19483.4484810816,152790.833380573,283345.605655136,2
KA16,N15_M07_F04_KA16_10.mat,1.69285257765228,2.86574984966399,5.68795959096759,1.68206088152854,-0.000629223424893328,-1.50478787780118,18094.1660729421,151808.763869476,275382.67689341,1.70824947561048,2.91811627092347,5.58808623898281,1.68080294738127,0.00608544938470163,-1.49316111294827,18913.4065158211,153154.25256339,280277.549285573,2
KA16,N15_M07_F04_KA16_11.mat,1.70083224645878,2.89283033059402,5.81676177594106,1.72271987597482,0.00387737144534645,-1.50096782202693,17600.9783739883,152103.519793096,277637.852412813,1.71475889783548,2.94039807770596,5.62596923456324,1.69668447153437,-0.0109572291085302,-1.48920916451402,19262.4852332418,153284.778248934,281957.725939995,2
KA16,N15_M07_F04_KA16_12.mat,1.69348370648322,2.86788706412414,5.71551086048063,1.69576801686689,-0.00628062368838759,-1.5051606899312,17991.9432864496,150909.805641776,275601.821812782,1.70890476507031,2.92035549608003,5.57637694943977,1.67644284176377,0.00845689538829674,-1.49211523432148,18908.2227444622,152303.451519437,280685.08444428,2
KA16,N15_M07_F04_KA16_13.mat,1.69773970613319,2.88232010978121,5.74719482042063,1.73127877015658,-0.0153419703315846,-1.49450118370396,17879.1070621589,151595.673373545,276892.026099114,1.7064119297795,2.91184167409378,5.48821288699803,1.62918171925128,-0.00183897119020349,-1.49845587741698,19254.9272312326,152374.44348272,279781.563797393,2
KA16,N15_M07_F04_KA16_14.mat,1.69370021102752,2.86862040483468,5.68933715444324,1.7118413280129,-0.00199397343409567,-1.50431551391178,18016.0458258013,150978.06607362,274904.538682386,1.70871147265839,2.91969489679441,5.52816222779194,1.66182287037623,-0.004449816712211,-1.49352629436161,18841.4446661983,152334.192727764,279814.304771204,2
KA16,N15_M07_F04_KA16_15.mat,1.69352588127541,2.86802991054964,5.66316344840585,1.71553077006612,-0.00196351746484128,-1.50418550828663,17975.4572955547,151324.823895392,275676.162977475,1.70832214853312,2.91836456316883,5.57913207639107,1.68620940783995,-0.00418334805688564,-1.49377998373144,18827.7268891077,152608.546034137,280363.017771392,2
KA16,N15_M07_F04_KA16_16.mat,1.69185486295242,2.86237287729576,5.70862304310237,1.69445418949068,0.00642982899125177,-1.49937532154163,18089.9204223101,152342.25088034,274860.126990031,1.70454554685526,2.9054755213041,5.58877502072064,1.6711408347204,0.00656930562418799,-1.49497747981646,19085.2458501192,153465.266396593,278949.251272103,2
KA16,N15_M07_F04_KA16_17.mat,1.69249391121623,2.864535639504,5.86566527932671,1.7427037776657,-0.00672368078130789,-1.50032489396187,17492.4559897216,151246.011005436,275180.819228565,1.7041935885114,2.90427578712335,5.56604522337238,1.65857649741057,0.0153778077432925,-1.48688327017745,19330.6663599057,152342.492061833,279327.08113396,2
KA16,N15_M07_F04_KA16_18.mat,1.69157204091896,2.86141596961874,5.74237334825585,1.7181183865169,-0.00052996185421961,-1.50480190238453,17945.0124539611,152386.064007222,274713.097212251,1.70616406474444,2.91099581582526,5.64801025017368,1.70269781082328,-0.00502110837468692,-1.49293606830138,18890.2944446084,153689.406770704,279447.496309607,2
KA16,N15_M07_F04_KA16_19.mat,1.69126668380475,2.86038299574792,5.71068938831585,1.69925844138535,0.00886282898711751,-1.49745068499313,18064.6249129885,151960.095583179,274511.150841779,1.70299501723229,2.90019202871801,5.65558684928976,1.70931712542643,0.00606884927902238,-1.49649644949421,19212.2406718126,153021.03008869,278374.015886447,2
KA16,N15_M07_F04_KA16_2.mat,1.69661490571967,2.87850213831016,5.7940319785928,1.7084147007496,0.00381975272002866,-1.50021262299585,17565.8098672366,141157.577604244,275639.518105071,1.70982223344156,2.92349206997107,5.63079070672803,1.70305600100893,-0.0112078166568562,-1.48872356592455,19327.7025320878,142126.58343382,279391.467352895,2
KA16,N15_M07_F04_KA16_20.mat,1.69340151485869,2.86760869052569,5.76028167343932,1.71458718988948,0.00173563370280141,-1.50490738136916,17893.0734894568,150364.526767408,275153.45573282,1.70775438604394,2.91642504305231,5.59979552852585,1.69972202891242,-0.00659168311479645,-1.49211803863504,18937.8431143157,151725.11673976,280052.750725493,2
KA16,N15_M07_F04_KA16_3.mat,1.70698799323874,2.91380800906121,5.83811400981367,1.71713289334801,-0.0101829744812864,-1.49811156589544,17763.8945408728,152065.59507085,279220.228883063,1.71755634417752,2.94999979542444,5.60943847285542,1.6411325969139,0.000397266038298392,-1.49424486104458,19202.3208372244,152938.378891363,282480.29146135,2
KA16,N15_M07_F04_KA16_4.mat,1.69868320540527,2.88552463232592,5.75201629258541,1.69935899420412,-0.0075970914120968,-1.50326405402633,17727.6088301424,135858.593997051,277275.168742204,1.71382727877037,2.93720394145746,5.60874969111759,1.6894895093067,0.0114590068237171,-1.49106951763357,19033.2414513498,137039.22961929,282135.414473808,2
KA16,N15_M07_F04_KA16_5.mat,1.70671873051764,2.91288882509973,5.83742522807584,1.72777910905604,-0.0050734090211288,-1.50122084178097,17888.3649774971,142806.047900798,278200.304578727,1.71976962545292,2.95760756463047,5.61012725459324,1.69999363037734,-0.00372356453142867,-1.49467095276347,18980.3974276421,144006.232506865,282903.804588254,2
KA16,N15_M07_F04_KA16_6.mat,1.69615869010642,2.87695430202352,5.67831664663802,1.70008681658784,0.00212623128836213,-1.50549122262971,17867.54999338,152786.79382708,276136.320178052,1.71177152632007,2.93016175832014,5.58395354855585,1.68911524560877,-0.00584607787398552,-1.49265911440365,18790.0615485564,154210.626016461,281302.371292378,2
KA16,N15_M07_F04_KA16_7.mat,1.71241000511843,2.93234802562968,5.80298614118454,1.70351907920035,-0.00621606581116408,-1.50380220994293,17789.9125822374,141001.436932508,280482.9204531,1.72711264135003,2.98291807591109,5.7306640587128,1.6926106519156,0.00923585259180649,-1.49066897093957,18972.3992941024,142266.747039787,285045.384593599,2
KA16,N15_M07_F04_KA16_8.mat,1.69486506209881,2.87256757872321,5.79472076033063,1.72210915454229,-0.0151144446088682,-1.49457431008036,17777.7142576605,151907.324464664,275527.78759879,1.7027991537107,2.89952495787788,5.65076537712498,1.72205234154483,0.000209069174748468,-1.49800621947167,19345.6707812825,152649.54010156,278228.756416363,2
KA16,N15_M07_F04_KA16_9.mat,1.69829047195221,2.88419052712366,5.82778228374628,1.73266959651828,-0.00994556109800152,-1.4984773314708,17525.2709292751,152350.929200477,276731.429402523,1.7064898291281,2.91210753691767,5.57775451291542,1.64707634741261,0.0101613732977697,-1.49147448782441,19430.270398231,153061.123775604,279307.18426216,2
KA22,N15_M07_F04_KA22_1.mat,1.72483214394208,2.97504592477582,6.00755431731888,1.74676943420391,0.007011096220531,-1.49958782672895,17556.6208300723,154153.553688034,285438.194409086,1.73449904685409,3.00848694353774,5.73686309435324,1.71224697426451,-0.0155763042627723,-1.48715895949163,19666.9943497957,155020.745746156,288694.516964731,2
KA22,N15_M07_F04_KA22_10.mat,1.71260888774642,2.93302920238803,5.80574126813585,1.72751642905237,-0.00727599135776227,-1.4983528818026,18058.7861101969,153625.76663937,281710.97396907,1.7247397288982,2.97472713243985,5.57224425901281,1.65871798937857,-0.00762015610283997,-1.49633329897034,19241.3430777992,154671.99756882,285530.996966074,2
KA22,N15_M07_F04_KA22_11.mat,1.71699874808265,2.9480847009174,5.91112487402323,1.73015635897486,-0.00442330159254598,-1.50068575918398,17576.3716464044,152500.221876062,283102.595020786,1.72917689041872,2.99005271835816,5.65283172233846,1.67080102193221,0.00946220829043156,-1.48757685260849,19487.6479833371,153653.759694723,287497.156429188,2
KA22,N15_M07_F04_KA22_12.mat,1.71574857449225,2.94379317087218,5.78645537947672,1.69351769702816,0.00774617931588679,-1.50021564976031,18224.5662315473,153240.41018224,282572.835560181,1.72949132258744,2.99114023490525,5.6803829918515,1.67756353845496,0.00296804387052882,-1.49503919001216,19265.5723529907,154438.675929359,287065.115349662,2
KA22,N15_M07_F04_KA22_13.mat,1.71828667563303,2.952509099658,5.79609832380628,1.69495949050976,-0.000511535297499091,-1.50511018991773,18150.9306423016,153826.666895918,283392.363619537,1.73385900088366,3.00626703494527,5.66798492057063,1.68321079670182,0.003048429810232,-1.49310963674952,19035.7176216973,155210.330791593,288582.691944487,2
KA22,N15_M07_F04_KA22_14.mat,1.72094655899159,2.96165705890498,5.92765563573106,1.73930001803714,-0.00418132473902431,-1.50001860670216,17502.5886578668,154669.765658595,284313.424072336,1.73258646630125,3.00185586321027,5.63492339715498,1.6424195205317,0.0113625533715364,-1.48704979877188,19528.0353893163,155683.499196933,288076.679734362,2
KA22,N15_M07_F04_KA22_15.mat,1.71459934064612,2.93985089894412,5.79678710554411,1.73319708763382,0.000943268092880618,-1.50399887343311,18053.2613918778,153119.219029905,282225.441212074,1.72955254144967,2.99135199363501,5.6273467980389,1.68688386969916,-0.007977984536689,-1.49382460762812,18995.3061083573,154451.28732013,287168.172426607,2
KA22,N15_M07_F04_KA22_16.mat,1.71378003247649,2.93704199971512,5.7437509117315,1.69386031915215,0.00612333755018292,-1.50340054479905,17847.6731299898,154301.526819951,281773.74904607,1.7285410336694,2.98785410507888,5.64938781364933,1.69346475141305,-0.0104476839485668,-1.49123461189622,19194.9136784158,155657.95363504,286744.899140158,2
KA22,N15_M07_F04_KA22_17.mat,1.72063880986943,2.96059791402888,5.77336852645802,1.67798786596713,0.00539567157643651,-1.50213905965034,18162.0448244231,154462.509624173,284133.944607309,1.73415516835363,3.00729414792762,5.73961822130454,1.70242817911585,0.00239813640241187,-1.49424898519846,19178.1852363493,155706.060908072,288770.568618288,2
KA22,N15_M07_F04_KA22_18.mat,1.72012745573773,2.95883846398275,5.82502715679497,1.70886791642735,0.00540386784215522,-1.50454470847693,17959.2826340054,153154.946467559,284128.262766725,1.73545629360435,3.01180854701094,5.66798492057063,1.69615140056289,-0.00908210909449367,-1.49213593150857,19115.8470451673,154537.463205077,289265.336484269,2
KA22,N15_M07_F04_KA22_19.mat,1.7166369068524,2.94684226996778,5.84362426371628,1.71851968138769,-0.00982187274292421,-1.49736392233308,18078.1711834263,153809.623222211,282616.254595193,1.72813884216865,2.98646385781201,5.72997527697498,1.72503550342556,-0.00700238756447707,-1.49612301597185,19294.7587903494,154869.449868754,286528.066445257,2
KA22,N15_M07_F04_KA22_2.mat,1.71635369446342,2.94587000449824,5.7754348716715,1.70720777735652,0.000251522003442082,-1.50366813907557,18049.9731478614,153012.799842414,283040.447207214,1.73126607209997,2.99728221240446,5.62596923456324,1.68934429093175,-0.008636234561566,-1.49350855191806,18976.4086925983,154361.479798452,287990.955691335,2
KA22,N15_M07_F04_KA22_20.mat,1.71830795097811,2.95258221439458,5.83673644633802,1.72573999441694,-0.00826536397651156,-1.49856687432898,18069.5414370331,153369.997848913,283411.727647138,1.73039307053964,2.99426017857161,5.61357116328237,1.66325201712337,-0.00718460455207345,-1.49597723963024,19193.7055552477,154472.10364611,287486.651162428,2
KA22,N15_M07_F04_KA22_3.mat,1.7185129898385,2.95328689624368,5.94143127048758,1.73423145323486,0.00794004650273608,-1.49976292639383,17582.9336700207,152510.010784995,283483.185287608,1.72891821704566,2.98915820123234,5.74581725694498,1.72020095446096,-0.0155828710542066,-1.48811905767276,19631.1067549098,153415.507618461,286977.335872778,2
KA22,N15_M07_F04_KA22_4.mat,1.71823796408749,2.95234170123154,5.88632873146149,1.72318674705743,-0.00433870922512676,-1.49981006591901,17531.8446621809,154226.449800796,283445.299601312,1.72918529609175,2.99008178821993,5.64456634148455,1.65469038286992,0.00990445608223157,-1.48679557195614,19613.0882246483,155222.295160388,287153.513380552,2
KA22,N15_M07_F04_KA22_5.mat,1.7161638680978,2.94521842216442,5.76648070907976,1.70056954767168,0.00532276953709787,-1.50525224288791,17968.2471283232,154092.935098906,282712.40232369,1.73174596171456,2.99894407591469,5.67349517447324,1.70915484455383,-0.00842090948526004,-1.49275869677075,19011.7976095061,155523.643989485,287963.201656071,2
KA22,N15_M07_F04_KA22_6.mat,1.71398472952641,2.93774365304971,5.79540954206845,1.7143898588362,0.00508808061002565,-1.50433833302463,17924.0307846634,154161.951455431,282073.45050552,1.72989407345299,2.99253350536779,5.65007659538716,1.69450480274379,-0.00968229840241821,-1.49281044291591,19102.5101643778,155576.866658441,287279.350023089,2
KA22,N15_M07_F04_KA22_7.mat,1.71438981569372,2.93913244015433,5.76648070907976,1.6856521480185,-0.00191610183150469,-1.50611495778092,18078.7442498322,153173.180686169,282175.611233776,1.73058747918791,2.99493302312196,5.66798492057063,1.69971449046825,0.0030667019357746,-1.49289564462769,19002.946764175,154615.44129841,287534.177079481,2
KA22,N15_M07_F04_KA22_8.mat,1.71877574166349,2.95419005013088,5.87186431496715,1.71328654820038,-0.0125124575553361,-1.49478294397597,17886.8586118364,154033.183413753,283500.582059349,1.72773361653642,2.98506344971002,5.60737212764194,1.64106815162485,-0.00324351657996202,-1.49756217058605,19562.8298875843,154803.642107265,286241.094827531,2
KA22,N15_M07_F04_KA22_9.mat,1.71125715098938,2.92840103681228,5.79265441511715,1.70119856415133,0.00625292285139521,-1.50371646312336,17879.3233396246,152948.900355612,280968.831318307,1.72613310157805,2.97953548436347,5.65765319450324,1.71050029458068,-0.0103332322518613,-1.4913788218775,19151.3881828391,154298.465791124,285955.599425739,2
KA30,N15_M07_F04_KA30_1.mat,1.72440239682614,2.97356362617975,5.9366097983228,1.73286839509875,-0.00490513199908595,-1.50093601143621,17852.0131437198,154404.148443866,285593.852289307,1.74042599398725,3.02908264054652,6.46077270080843,1.9928340223808,0.0106748593636456,-1.48737340219982,21017.4384220844,155811.420998405,290925.259633066,2
KA30,N15_M07_F04_KA30_10.mat,1.72586141042164,2.97859760798258,6.0054879721054,1.76226779436288,0.0124219931447197,-1.49520683299406,19763.6056314702,154419.828078429,286015.52906035,1.73625692441118,3.01458810756579,6.20798980302626,1.84234800376205,-0.00682440575840929,-1.4914559933022,21901.498047965,155315.694428583,289486.539511631,2
KA30,N15_M07_F04_KA30_11.mat,1.72528755904898,2.97661716140918,6.0185748251241,1.78620160523674,-0.00859441292520708,-1.49613925257961,19727.054050989,155221.89538071,286284.585972196,1.73612529978393,3.01413105654983,6.14117797445714,1.87406201094014,0.00246896967381775,-1.4915521909559,21849.6493138684,156108.721032667,289614.481783276,2
KA30,N15_M07_F04_KA30_12.mat,1.72356167513698,2.97066484800098,5.94280883396323,1.72619775193215,0.0112259468530844,-1.49716899797272,17934.8508569829,154276.627969527,285159.101980984,1.7342441240747,3.00760268188762,6.14117797445714,1.83039930965152,-0.00854940531730513,-1.49015509114318,21379.4428175972,155159.071921852,288625.324444236,2
KA30,N15_M07_F04_KA30_13.mat,1.72417456423819,2.97277792796595,5.92765563573106,1.72036245221487,-0.00573892112224006,-1.50003404406271,17871.1399237975,155411.474312512,285359.055153367,1.73734884534724,3.01838101042939,6.14186675619496,1.84833946022289,0.00729562808289859,-1.48949491144187,21118.8821964315,156534.673268386,289536.929370569,2
KA30,N15_M07_F04_KA30_14.mat,1.72738148087938,2.98384678048505,6.02064117033757,1.78011230357991,0.010437301346857,-1.49779102419726,18082.5277279181,155602.407155031,286726.426123269,1.73999624754865,3.02758694148337,6.19283660479409,1.85522981684957,-0.00353675744436505,-1.49119668562289,21252.8901937794,156599.040093836,290382.819316756,2
KA30,N15_M07_F04_KA30_15.mat,1.73120065848964,2.99705571995498,5.94763030612801,1.71886833271435,-0.00817618277601867,-1.49789146719898,17877.8975614273,155007.49636834,287563.061855091,1.74213458091475,3.03503289801901,6.21556640214235,1.84442930001208,0.00758490510912225,-1.48996658412536,21349.2989736229,155873.583245988,290839.506330199,2
KA30,N15_M07_F04_KA30_16.mat,1.73026605239372,2.99382061206616,5.99240111908671,1.76274206785212,0.00345131267887363,-1.50193297494135,18165.9653700748,155152.151210959,287237.604297937,1.74647981030522,3.05019172780377,6.37191985662887,1.86829540811598,0.00614556751149178,-1.49154682552244,20867.4913265414,156675.154337071,292966.833096793,2
KA30,N15_M07_F04_KA30_17.mat,1.7249942843988,2.97560528120852,5.93178832615801,1.75647386946297,0.00477583409538236,-1.50016997334061,17839.1336140042,153622.328737393,284885.114910567,1.74061954777489,3.02975641009605,6.1322238118654,1.83625104373862,-0.0117418929876881,-1.48910244533413,20975.7471522756,155099.461489857,290459.461233497,2
KA30,N15_M07_F04_KA30_18.mat,1.72556022172502,2.97755807879971,5.94556396091453,1.76379634775041,-0.00268386919250996,-1.50005701171896,18129.7168535583,151616.336267358,285815.473993338,1.74076229965483,3.03025338389959,6.40291503483104,1.95772195671305,-0.00706339939889013,-1.49303723531856,20950.3441930028,152962.146504125,290873.800958077,2
KA30,N15_M07_F04_KA30_19.mat,1.73038266251084,2.9942241587181,5.97311523042758,1.78290369699313,-0.0104449065659079,-1.49567146656608,18078.300674393,153534.186538549,287202.142915567,1.74293198776197,3.03781191396388,6.15426482747583,1.83325356145883,-0.00399576137656594,-1.49546294024139,21202.162796352,154571.234181473,291229.773091126,2
KA30,N15_M07_F04_KA30_2.mat,1.72546208667416,2.97721941254995,5.9579620321954,1.74054735175898,-0.00854138046242251,-1.49608538375384,19500.9518026032,154381.518930043,286146.317212145,1.73785665773749,3.02014576284253,6.11569305015757,1.85845640530748,-0.00370466202309187,-1.49460375867816,21776.5089586922,155438.463766213,290104.607517023,2
KA30,N15_M07_F04_KA30_20.mat,1.72147998278858,2.96349333114177,6.0185748251241,1.7900841394953,0.00249349096640171,-1.50281940761398,18236.9057563805,148675.371091968,285074.416358214,1.73813918583665,3.0211278293409,6.1480657918354,1.82927093256358,0.00562155600206631,-1.49161282547904,20872.8803548582,150101.422726828,290440.289943091,2
KA30,N15_M07_F04_KA30_3.mat,1.72382424696156,2.97157003441258,5.89872680274236,1.71469419920531,0.0108725220266396,-1.49802745150132,17845.2465519274,150042.964466957,285612.122800406,1.73416451554698,3.00732656698231,6.21350005692887,1.85547316761232,-0.0113631710726117,-1.48877615148906,21350.7908748671,150924.400547814,289176.524836651,2
KA30,N15_M07_F04_KA30_4.mat,1.72248077616336,2.96694002425233,6.03923827725888,1.79269898170944,0.0123013376654827,-1.49654126730199,18061.6121816672,146725.641078815,284406.91524527,1.73431684525723,3.00785491974299,6.15701995442713,1.79820408041652,-0.0010265902063906,-1.492949565687,21224.0502136349,147671.289263825,288522.460812403,2
KA30,N15_M07_F04_KA30_5.mat,1.72734375040336,2.98371643205755,5.89046142188845,1.72531093663833,0.00783656163183685,-1.49864032066654,19552.111754962,152937.272616939,286507.797185209,1.74001867523746,3.02766499017514,6.45457366516799,2.00389989408673,-0.0146112736483164,-1.48523348970002,21772.3108340001,154015.927296961,290735.385459117,2
KA30,N15_M07_F04_KA30_6.mat,1.72725595914639,2.98341314840671,6.00755431731888,1.75777515935807,-0.00526291635188669,-1.50088647370503,17903.6387125333,155539.835713846,286713.010645328,1.74147230649908,3.03272579430322,6.21969909256931,1.85315051470333,0.007885566874604,-1.48937611131226,21065.45408581,156823.903701189,291704.399839856,2
KA30,N15_M07_F04_KA30_7.mat,1.727912973644,2.98568324448726,5.92007903661497,1.74106011545645,-0.0083123621513625,-1.49613415930791,19666.2621748084,156275.281743379,287206.025555038,1.73874099547367,3.02322024934076,6.12946868491409,1.8739037152635,0.00236218699181965,-1.49134248934665,21801.9132955284,157156.902027595,290397.655272971,2
KA30,N15_M07_F04_KA30_8.mat,1.72954735664177,2.99133405886652,5.98826842865975,1.74678899450753,-0.00504478181517503,-1.49862539834548,19605.8828788889,154641.600861524,287103.251668172,1.74200841892584,3.0345933316085,6.20730102128844,1.84233509703016,0.0115589718060165,-1.48528110685688,21850.3711571297,155701.461741448,291099.038190825,2
KA30,N15_M07_F04_KA30_9.mat,1.72087972888568,2.96142704128965,5.95589568698193,1.74495784627636,-0.0026653395690619,-1.50167542148657,18040.4548730264,148434.365521009,283563.101181321,1.73667041049928,3.01602411470375,6.17768340656192,1.84763447273037,0.00865990784723815,-1.48862839019398,21030.4130036799,149798.369406609,288905.183938485,2
KI01,N15_M07_F04_KI01_1.mat,1.78469668210285,3.18514224710893,6.06678954677192,1.7014389444402,0.00562188469070361,-1.49746904798009,18554.9899843807,162090.794720808,307354.002361427,1.78743199985559,3.19491315410776,5.93592101658497,1.73150936730006,-0.0117673386571269,-1.48964490598131,21332.5732866833,162328.3966174,308291.552608921,1
KI01,N15_M07_F04_KI01_10.mat,1.75645255096959,3.08512556380758,5.95038543307932,1.71147312794121,0.00475557299928068,-1.49791699997299,19181.4486842231,150289.447613467,297339.885312738,1.7499762527313,3.06241688512348,5.75752654648802,1.70515439380774,0.00522328700958814,-1.49571216398543,20841.3403503014,149649.330138462,294867.140178782,1
KI01,N15_M07_F04_KI01_11.mat,1.75490043211713,3.07967552664489,5.94418639743888,1.7296433855275,-0.00225044643034618,-1.49908719548392,19021.7250206934,150219.246126185,296590.339760696,1.74913483895544,3.05947268484766,5.90148192969367,1.79710026399603,-0.00444823525391886,-1.49499312309635,20658.6134430735,149676.057396504,294320.729969662,1
KI01,N15_M07_F04_KI01_12.mat,1.7531508532828,3.0735379143662,5.92214538182845,1.71117726003583,0.000910055295470674,-1.50027404973132,19059.938631508,156785.993983888,295098.674551114,1.74881777530591,3.05836361122591,5.69140349965672,1.65954990549555,0.00680512996720814,-1.49425208178562,20640.2133277292,156385.012831749,293558.1888615,1
KI01,N15_M07_F04_KI01_13.mat,1.75631510341995,3.08464274250103,5.94969665134149,1.72000886102786,0.0103548584729668,-1.4938113663844,19101.7518156844,157598.080351328,296231.376757297,1.75182993597583,3.06890812458108,6.02339629728888,1.73302040706376,0.00591033951052519,-1.49714168226843,21097.9294559668,157169.992293791,294553.140993059,1
KI01,N15_M07_F04_KI01_14.mat,1.75454177436166,3.07841683798017,5.95038543307932,1.73545085507898,-0.0143959691850152,-1.49167820103369,18914.3997390871,157093.063798371,295599.7447116,1.75178004229994,3.06873331660037,5.68727080922976,1.65530065503361,-0.000347141111873226,-1.49854538075472,21142.360010747,156794.96289743,294455.53067949,1
KI01,N15_M07_F04_KI01_15.mat,1.75507611139347,3.08029215678401,5.95933959567106,1.72907920556584,0.00861535516477264,-1.49508482640111,19115.4489293228,157812.854635184,295889.998920177,1.74958039875386,3.0610315717037,5.78163390731193,1.70345387868369,0.00631452510235537,-1.49625318817735,20991.2282106149,157303.683654542,293880.587299894,1
KI01,N15_M07_F04_KI01_16.mat,1.74815921352012,3.05606063581529,5.93109954442019,1.70477772181014,0.00488383087600776,-1.49909931070339,18729.5252104006,158055.897848125,293428.797301891,1.75039628806608,3.06388716527552,5.66247466666803,1.6572030253887,-0.00805345813307391,-1.49245892384107,20894.6410363013,158265.751657654,294209.113743074,1
KI01,N15_M07_F04_KI01_17.mat,1.74873171307873,3.05806260432727,5.92145660009062,1.70070886874794,0.00672811898888802,-1.49785289574935,18586.1139647679,157799.577249146,293708.079077204,1.75266982119128,3.07185150211469,5.76441436386628,1.70162425150513,-0.00925643783462459,-1.48956757164307,21390.5487343379,158167.11369317,295136.26748721,1
KI01,N15_M07_F04_KI01_18.mat,1.74745650245139,3.05360422795963,5.95176299655497,1.70685507799647,0.00524180663862991,-1.49838284813525,18603.531877354,156870.247379373,293032.416226436,1.75093684623922,3.06577983951815,5.80091979597106,1.72141745982909,-0.00927267631145953,-1.49016498972547,21160.8214276659,157213.836879385,294447.508014752,1
KI01,N15_M07_F04_KI01_19.mat,1.75023618142736,3.06332669077743,5.97655913911671,1.72758287045901,5.09216500536429e-06,-1.49960140925998,19069.5423152785,157475.987977714,294083.333289445,1.74601469588298,3.04856731823932,5.75339385606106,1.69594350887582,0.00776134459829679,-1.49472128379121,20744.161512475,157058.186088567,292418.811626757,1
KI01,N15_M07_F04_KI01_2.mat,1.77346161396966,3.14516609622386,6.00135528167845,1.69553342533801,-0.00505432283262034,-1.49802080807141,18588.6624571978,146847.647478659,302967.925408657,1.7754028282584,3.15205520258794,5.76303680039063,1.64413566044868,0.0139105176023601,-1.48963842533832,21196.2344519345,147009.673869909,303812.6106436,1
KI01,N15_M07_F04_KI01_20.mat,1.75035852940501,3.06375498146088,5.87944091408323,1.68903402472206,0.00164446056731051,-1.49864330217463,19131.2151433017,148799.084635587,295158.664841502,1.74485370810593,3.04451446269102,5.97036010347627,1.81947104227461,0.0086217653944246,-1.49516833999508,20875.4598424664,148196.020720592,293060.356196225,1
KI01,N15_M07_F04_KI01_3.mat,1.7728541239968,3.14301174497246,6.00686553558105,1.71896732959427,-0.01358324306361,-1.49208052142649,18862.8740436255,160260.525333223,301782.795107662,1.7684267085973,3.12733302368027,5.74168456651802,1.66427989083709,-0.000416501348635006,-1.49903757449124,21158.4981668643,159869.762414849,300282.12366923,1
KI01,N15_M07_F04_KI01_4.mat,1.76520731614122,3.1159568689585,5.94212005222541,1.71547615670226,0.00169579258301171,-1.50112752065554,18875.7315323255,159436.920589457,299470.728151305,1.76108163416069,3.10140852217807,5.73617431261541,1.68132239394055,-0.00476342964229785,-1.49501639968642,20565.7009193312,159039.528915396,297897.418370565,1
KI01,N15_M07_F04_KI01_5.mat,1.76139690295161,3.10251904972752,5.99653380951366,1.70324233678381,0.00770136237732153,-1.49684552973083,18660.1642006198,159249.575269677,297854.615567682,1.76343615271575,3.10970706470491,5.99584502777584,1.81278373684628,-0.00841925112677042,-1.49098000629622,21406.1269109023,159435.112136237,298578.796266646,1
KI01,N15_M07_F04_KI01_6.mat,1.7611206298106,3.10154587274449,5.94969665134149,1.72847606227599,-0.0016213394276792,-1.49959814476828,19001.6256808019,158949.184674461,298010.297241541,1.75586508193679,3.0830621859649,5.71551086048063,1.68750775607109,-0.0044254589683155,-1.49518047243105,20621.9179072091,158430.600899469,295991.92363305,1
KI01,N15_M07_F04_KI01_7.mat,1.75544989840926,3.08160434582507,5.94005370701193,1.69691804132778,-0.00623874210559665,-1.49835761612975,18667.6967177047,158536.640272217,295766.794515898,1.75795064653215,3.09039047564282,5.76303680039063,1.68715140495737,0.0135358889712188,-1.49136409697415,20964.9766722412,158775.329510236,296741.738596577,1
KI01,N15_M07_F04_KI01_8.mat,1.75755896790695,3.08901352567013,6.00824309905671,1.70940749968171,0.0100594198890058,-1.4949418836317,18784.075346473,158724.047367946,296745.449902295,1.75848699319881,3.09227650524939,5.91801269140149,1.76965334500141,-0.00459483432323309,-1.49416004178887,21421.2677110632,158788.631398504,297021.729982411,1
KI01,N15_M07_F04_KI01_9.mat,1.75278668458168,3.07226116164685,5.97862548433019,1.70701697653935,0.00482445701028581,-1.49797161112004,18622.5911568214,151924.36230483,295135.594532082,1.75557796223796,3.08205398149558,5.71482207874281,1.67579195144197,-0.0107884412855704,-1.490335990975,21174.0081540366,152156.71799929,296352.315076292,1
KI03,N15_M07_F04_KI03_1.mat,1.73523151148742,3.0110283984589,5.93109954442019,1.71776703732468,-0.00424154373686388,-1.5020168727497,18436.6014905014,155493.95474553,289143.22649736,1.75276078157086,3.0721703574129,6.15770873616496,1.85001486827138,0.00960444713248216,-1.4883594325706,21508.2208952098,157031.888556026,295028.481287465,1
KI03,N15_M07_F04_KI03_10.mat,1.72847580771792,2.98762861786613,5.93523223484714,1.72343209664744,0.0079474870856413,-1.49843151672481,18321.2243503799,154337.99865457,286838.890213879,1.74055498162635,3.02953164406432,6.12533599448714,1.84791844909341,-0.0105459908791688,-1.48706380841169,21987.7955118973,155338.499436018,290698.326474976,1
KI03,N15_M07_F04_KI03_11.mat,1.72150783346801,2.96358922069171,5.86084380716193,1.7068883966114,0.00667305466406961,-1.50082018812106,18817.8890195463,153109.690194846,284304.570333456,1.73697665886395,3.01708791343818,6.48074737120538,2.0111291677554,0.00500638617875435,-1.49225030353297,21513.2441804238,154513.079187341,289724.219796302,1
KI03,N15_M07_F04_KI03_12.mat,1.72809914699239,2.98632666183582,5.92490050877975,1.72555765884703,0.00659465485346318,-1.49865783695626,18345.2504349588,155198.74477739,287048.290575504,1.74090162894776,3.03073848167297,6.42151214175234,1.85690983728161,-0.0118858020444959,-1.48518531566376,21989.4596085758,156284.057531157,291270.406864096,1
KI03,N15_M07_F04_KI03_13.mat,1.71747814896847,2.94973119218416,5.81882812115454,1.7243628083937,0.00148959166168961,-1.5039967827541,18761.1623331825,154443.029203328,283200.894637445,1.73528353770733,3.01120895623808,6.34505736885365,1.99437819814122,-0.00570227613043221,-1.49130936868867,21340.4729244344,155999.31402489,289009.928537322,1
KI03,N15_M07_F04_KI03_14.mat,1.72340495921152,2.97012465343487,5.89734923926671,1.72227484299212,0.0119567780896714,-1.49499691571382,18712.0232664425,153723.860024561,284744.056928037,1.7354235326552,3.01169483769344,6.43528777650886,2.02698257014001,0.000496701988717599,-1.49440760027824,21896.5677482857,154733.452369519,288629.177587717,1
KI03,N15_M07_F04_KI03_15.mat,1.72354199977232,2.97059702497915,5.9049258383828,1.72855167492973,0.0102986642729067,-1.49724502629836,18433.6190655767,154249.569145269,285308.373305308,1.73492192361609,3.00995408104377,6.46834929992451,1.9819497393643,-0.00865691908513983,-1.4889593970218,22110.6101172238,155159.68906532,288781.751308632,1
KI03,N15_M07_F04_KI03_16.mat,1.72399939702834,2.97217392095409,5.92696685399323,1.72650116670174,0.00404688598870384,-1.50037436992552,18754.062371029,153591.595160795,285709.918603298,1.74014152212494,3.02809251702332,6.20936736650192,1.83407048015065,0.00624341400856863,-1.49198083870381,21533.470256155,154980.94979277,291000.047705804,1
KI03,N15_M07_F04_KI03_17.mat,1.7214762404484,2.96348044642836,5.88701751319932,1.71202365485502,0.00926195853481381,-1.49694757692925,18653.0043144551,153981.534556653,284689.836868635,1.73424923253379,3.00762040054405,6.33610320626191,1.91372060249843,-0.000948294228933708,-1.49147744297063,21853.7585857163,155031.70548779,288574.683614095,1
KI03,N15_M07_F04_KI03_18.mat,1.72780113552114,2.98529676390813,5.91525756445019,1.71827997954591,0.0105374999366187,-1.49749923126714,18555.6222860161,155595.611431986,286813.220127394,1.74139001231612,3.03243917499434,6.37054229315321,1.88192503989812,-0.00720891580237904,-1.49040438478813,21841.5933226628,156679.444273412,290800.385249469,1
KI03,N15_M07_F04_KI03_19.mat,1.73246965231734,3.00145109620058,5.86704284280236,1.71998968375363,-0.00865654336861369,-1.49686156575972,18691.2509867931,158142.674817767,291305.865573651,1.74490613245414,3.04469741107608,6.19765807695887,1.82831739381674,0.0053963968444177,-1.49069189225244,22087.203936209,159124.979256483,294961.765760216,1
KI03,N15_M07_F04_KI03_2.mat,1.7348765350779,3.00979659196389,5.88081847755889,1.7069210680666,-0.00513681801703314,-1.50139596173695,18457.9247955411,156170.403922268,289169.751845719,1.7525721141329,3.07150901523626,6.44217559388712,1.9545803613785,0.00971118281694449,-1.48814460845352,21590.7031970962,157737.232000592,295150.41054188,1
KI03,N15_M07_F04_KI03_20.mat,1.72469182268087,2.97456188322225,5.87255309670497,1.72580183346113,0.000929302691888062,-1.50370275247889,18719.8629801824,154448.226673956,285307.074291151,1.7416662828464,3.033401440804,6.23760741775278,1.87438677057845,-0.00609943164771827,-1.49111400266291,21415.3868925856,155984.332941512,291172.190570447,1
KI03,N15_M07_F04_KI03_3.mat,1.73179390726962,2.99911013725619,5.88357360451019,1.71144009537609,-0.00530628142575734,-1.49983614443778,20291.7379831109,149949.819293985,318532.490563028,1.74686372299062,3.05153286670066,6.17010680744583,1.86480645674625,0.012044990071564,-1.48516769940811,24118.4956694857,151223.208606834,324098.835004842,1
KI03,N15_M07_F04_KI03_4.mat,1.73449464106081,3.00847165986866,5.97036010347627,1.72634415986309,0.0100674702644757,-1.4974780076823,18656.5563618771,151212.659075693,292896.721330874,1.74615836610606,3.04906903952219,7.16884032729361,2.10998723794167,-0.0108158413886721,-1.48869985818975,22254.6867260153,152117.912668893,296607.692992691,1
KI03,N15_M07_F04_KI03_5.mat,1.73335294268206,3.00451242390454,5.88081847755888,1.7147070537351,0.00621143146694994,-1.50097068958273,18399.4210522936,155473.830118425,288394.444190719,1.74967050469739,3.06134687500801,6.22658690994757,1.84836207988082,-0.010869377799575,-1.48724022691489,21629.302525684,156971.309570576,294163.063720957,1
KI03,N15_M07_F04_KI03_6.mat,1.72924604210638,2.9902918741406,5.83673644633802,1.7065486621851,0.00700532420596739,-1.50233807529709,18511.9666106909,155334.918095779,287050.320650257,1.74632285386497,3.04964350993111,6.20661223955061,1.89707354549917,-0.0104115902425376,-1.48829023983658,21611.8508627927,156900.797564661,293011.322990476,1
KI03,N15_M07_F04_KI03_7.mat,1.72341370532168,2.97015479969062,5.86084380716193,1.70729746008001,0.00139418285129363,-1.50370188553796,18807.3348169776,154300.639188421,285397.06522688,1.74035104039401,3.02882174380052,6.23416350906365,1.85198532477989,0.00567553380471919,-1.49106473419227,21370.8420000369,155786.740195303,290975.778757412,1
KI03,N15_M07_F04_KI03_8.mat,1.72805894654534,2.98618772273538,5.85257842630802,1.69860153102505,-0.00179552036651432,-1.50363550778506,18657.6659892567,155480.137036181,286719.696212632,1.74579688087563,3.04780674927507,6.19214782305626,1.84719001246818,0.00730688399533091,-1.49019473636426,21336.5999047226,157072.48813732,292795.092110789,1
KI03,N15_M07_F04_KI03_9.mat,1.72949873502039,2.99116587443713,5.91939025487714,1.71352726608456,0.00720527160403504,-1.49940370965841,18754.1932395591,154765.004201579,287609.30260771,1.74520970576526,3.04575691709728,6.20385711259931,1.84455655311724,0.00575595957841658,-1.49354583114953,21487.5870606897,156062.962250528,292492.951400419,1
KI04,N15_M07_F04_KI04_1.mat,1.79673493036355,3.22825640998849,6.23416350906365,1.75325915905244,-0.0077151170681473,-1.50035564134901,18762.1410920319,160696.67847906,309815.672997435,1.80986468178316,3.27561016636607,6.26378112379017,1.79889945844468,0.0116103329026623,-1.48632952380433,21977.8605241109,161869.350724852,314417.745697645,1
KI04,N15_M07_F04_KI04_10.mat,1.7782636162331,3.16222148881843,6.12809112143844,1.72898602056994,-0.00751830980103978,-1.50175129901213,18830.1176505197,156876.463096214,304069.891091594,1.79502714845851,3.22212246370309,6.27686797680887,1.83014042512913,0.0107784894069741,-1.4879157238921,21703.2391125492,158393.156326542,310127.584813671,1
KI04,N15_M07_F04_KI04_11.mat,1.77494362112614,3.15042485817638,6.22107665604496,1.78021309459031,-0.0122383325624448,-1.4966700677739,18880.8354050028,157806.041908757,303513.703726022,1.78664387110973,3.19209632217397,6.17837218829974,1.793139890123,0.00564905999714348,-1.4913963361053,21965.1965830792,158742.780287532,307303.982970177,1
KI04,N15_M07_F04_KI04_12.mat,1.77248909357697,3.14171758684929,6.19490295000757,1.75574732893739,0.00799958776741248,-1.49671513874281,18946.622326346,159727.745637318,301911.338452897,1.78408725524421,3.18296733432481,6.19283660479409,1.78129455882772,-0.00804233852764095,-1.48988716663574,22144.4065707537,160686.418907274,305598.942771811,1
KI04,N15_M07_F04_KI04_13.mat,1.77731668207737,3.1588545883905,6.15219848226235,1.74864590228388,0.00722602843866241,-1.49785987545776,18857.0917209365,158024.159838257,303321.793139968,1.78901568035242,3.20057710454684,6.95531798856754,1.97046403624202,-0.010290493941254,-1.48833504724607,22152.4074594203,159036.00690188,307401.942611805,1
KI04,N15_M07_F04_KI04_14.mat,1.77435666354892,3.14834156948046,6.21763274735583,1.76607091108311,-0.0135664934653904,-1.49571784668106,18842.6025082995,156186.042302898,302303.826011011,1.78498403929645,3.18616802054306,6.32163878976756,1.87750096608673,0.00404749177513579,-1.4937323722738,22010.5253092455,157040.847341323,305736.292628483,1
KI04,N15_M07_F04_KI04_15.mat,1.77734897839417,3.15896939099879,6.185260005678,1.74725813741729,0.0100571360195437,-1.49454372127877,19162.7007341012,157521.711945005,303626.264994113,1.7887153085658,3.19950245509766,6.50898742245625,1.94388909353803,-0.000318833238153502,-1.49533820272925,21999.7252115964,158452.831914388,307288.424838068,1
KI04,N15_M07_F04_KI04_16.mat,1.76673431081647,3.12135012501614,6.06196807460714,1.7449524790243,0.00218615715076089,-1.5024669375301,19308.4324854087,157290.302200685,299535.780861059,1.78300255631194,3.17909811581493,6.14186675619496,1.7442701927386,0.0047354435808196,-1.49215587246071,21531.8722825233,158734.48493397,305139.272922905,1
KI04,N15_M07_F04_KI04_17.mat,1.7692691879471,3.13031345941901,6.11775939537105,1.75309967691993,0.00222724824366762,-1.50497357044663,19181.9969544864,155690.802318452,300034.797983447,1.78753451541864,3.19527964381296,6.21556640214235,1.80342435675659,-0.00720546920765418,-1.49114349515611,21524.5257365076,157331.562967807,306349.489333826,1
KI04,N15_M07_F04_KI04_18.mat,1.77572079275525,3.15318433382335,6.21005614823974,1.75645316023828,0.00809215828535157,-1.49687612072907,18988.7220437254,159163.34043338,302635.310456746,1.78639074503329,3.19119189394061,6.81411773231319,2.00302826998672,-0.00822355041104922,-1.4897032972374,22146.0079882942,160075.496749134,306209.416784946,1
KI04,N15_M07_F04_KI04_19.mat,1.7752910990705,3.15165848643893,6.18319366046453,1.76444115033131,-0.0121369287504915,-1.49601447585096,19364.1025805867,145909.558201599,309159.838949088,1.78642688596424,3.19132101889589,6.15908629964061,1.78624234153071,0.0033674487077095,-1.49328429848364,22497.6772138308,146734.027415206,312767.465842575,1
KI04,N15_M07_F04_KI04_2.mat,1.78234629683342,3.17675832183579,6.19145904131844,1.78177658540897,-0.0134496975880643,-1.49445883263707,19177.0466801366,159567.69049831,304906.913113491,1.79467450425311,3.22085657621614,6.20730102128844,1.79573120918293,-0.00480576363410538,-1.49607837782176,21882.78453693,160661.096698567,309175.454450693,1
KI04,N15_M07_F04_KI04_20.mat,1.76989531857377,3.13252943870935,6.07781005457714,1.73120455972896,-0.0104692481243993,-1.49798451327467,19096.6754942767,159038.09019736,301299.136739344,1.78446830032708,3.18432711487222,6.25758208814974,1.84171003061858,-0.00583847891668355,-1.49429316183331,21589.5515540306,160302.120571048,306081.851232681,1
KI04,N15_M07_F04_KI04_3.mat,1.78275391455554,3.17821151986311,6.18732635089148,1.75685358924705,0.00123844844043818,-1.50235261890448,19254.5270490429,160464.232296528,305506.811522281,1.79979820074875,3.23927356341845,6.33954711495104,1.76583490493445,0.0049068173796898,-1.49272449076837,21582.6017462959,161931.014243716,311153.42651639,1
KI04,N15_M07_F04_KI04_4.mat,1.7814104627242,3.17342323670324,6.20247954912366,1.76640978538144,-0.0156079451553713,-1.4933485035517,19126.2538484441,150314.995164771,305867.812046072,1.79271316322847,3.21382048561262,6.35332274970756,1.88815739902511,-0.000395407491666174,-1.49703414458075,22039.5925873635,151203.721692947,309678.275468983,1
KI04,N15_M07_F04_KI04_5.mat,1.7737310556566,3.14612185780069,6.17286193439713,1.77391600620207,0.00137662893637888,-1.50177655259606,19292.2102979194,143814.582532207,302247.806199556,1.79001061442291,3.20413799974669,7.00077758326406,2.02650798348812,0.00454198309012443,-1.49269840697594,21560.5510877411,145119.86628927,308004.120212957,1
KI04,N15_M07_F04_KI04_6.mat,1.78249725151469,3.17729645165742,6.15977508137844,1.77036693070979,-0.0126615926475467,-1.49687163391631,19323.6869345563,157345.366135233,304892.003710253,1.79522874685209,3.22284625352412,6.19628051348322,1.79738003819025,-0.00361348941661742,-1.49491375254152,21905.9131389045,158525.054062032,309612.118303346,1
KI04,N15_M07_F04_KI04_7.mat,1.77384766769903,3.14653554820129,6.13291259360322,1.76315707953496,-0.0067595731147919,-1.5012366235876,19286.3012393906,154765.671850796,301564.460081695,1.79092104586091,3.20739819250753,6.61988128224625,1.89251075238668,-0.00533823087502212,-1.49297590154449,21589.1355298609,156291.704028215,307535.707540676,1
KI04,N15_M07_F04_KI04_8.mat,1.77887621984333,3.16440060552409,6.10880523277931,1.72894002073383,-0.00846034236841576,-1.50306140747789,18968.1012960584,158381.567557719,303645.819117073,1.79722300444003,3.23001052768846,6.1825048787267,1.75784896610544,0.0083152879488845,-1.48977392181958,21631.5720615101,159984.839173388,309877.266678132,1
KI04,N15_M07_F04_KI04_9.mat,1.77476424715783,3.14978813298968,6.14737701009757,1.7686181015626,-0.00910623140783498,-1.49911677891245,19260.7116202669,138420.580303405,302504.450875639,1.78996181339057,3.20396329339646,6.72044341596885,1.91982858264357,-0.00642217683586927,-1.49342438203101,21644.8125128564,139609.750503733,307838.889986636,1
KI05,N15_M07_F04_KI05_1.mat,1.73602695354087,3.0137895834204,5.96967132173845,1.72893315872459,0.00847903229069666,-1.49698049475355,18164.4321419264,144909.576021332,290592.559760168,1.7492057193746,3.05972064869283,6.49796691465103,1.91652905791289,0.00235828731693616,-1.49442482926322,21379.5881505438,145814.305010095,294455.438343598,1
KI05,N15_M07_F04_KI05_10.mat,1.7113287740172,2.92864617277922,5.85395598978367,1.71410595158072,-0.00244012589358721,-1.50505197326647,18224.6881459149,154353.891264017,281002.705485459,1.72860101257972,2.98806146069163,6.19559173174539,1.80399969012585,0.00706116851587326,-1.49117408678745,20962.4626188981,155881.218665363,286696.611137775,1
KI05,N15_M07_F04_KI05_11.mat,1.71695691829578,2.94794105928375,5.88770629493715,1.75528255813987,-0.0133991797138948,-1.49505030250994,18006.7996197528,153361.005008169,282924.823690596,1.7271563828503,2.98306917082054,5.87668578713193,1.76776033395679,0.00249354210311738,-1.49534121137343,21443.977533741,154270.952982979,286457.167870989,1
KI05,N15_M07_F04_KI05_12.mat,1.71125557172569,2.92839563176221,5.87393066018062,1.73728360262659,0.0053104724156614,-1.49978781997911,18289.8193470438,156739.424024395,288059.007260519,1.72454538556118,2.97405678686036,6.03028411466714,1.83178459979032,-0.011205263311833,-1.48569121685725,21970.070402656,157913.438580482,292514.918033676,1
KI05,N15_M07_F04_KI05_13.mat,1.71803823296286,2.95165536992214,5.92696685399323,1.73191030380472,0.00848388810603974,-1.49712538779084,17884.2922110813,152882.186250246,284019.532794441,1.7291917763612,2.99010419943518,6.52965087459103,2.05461369119582,-0.00486238950130463,-1.49070395614181,21534.0006180932,153850.340960879,287917.775951556,1
KI05,N15_M07_F04_KI05_14.mat,1.72254045403089,2.96714561577293,5.8732418784428,1.73722924985842,-0.00993021737457875,-1.49726497480087,17995.2728573702,151171.518714805,285360.171188923,1.73371870611055,3.00578055191765,6.05645782070453,1.80464960116652,0.00492728987730857,-1.49264999574937,21429.1411751083,151953.699271577,288490.390507439,1
KI05,N15_M07_F04_KI05_15.mat,1.70483272582496,2.90645462304377,5.85326720804584,1.76857920840173,-0.00852524518961615,-1.49853204398141,18165.4246764106,153874.048374218,279084.482798684,1.71895576119207,2.9548089089354,6.32232757150539,1.84650067564401,-0.00352924036501289,-1.49372339046864,21249.3842947339,155133.550956682,283729.465521363,1
KI05,N15_M07_F04_KI05_16.mat,1.72194108949213,2.96508111568133,5.88288482277236,1.72778792898351,-0.00729507749653979,-1.49942668351965,17894.5357730862,112407.295270933,283961.819196971,1.73503569614544,3.01034886689891,6.12120330406018,1.84242125191928,0.00906286830278438,-1.4881669066025,21337.345166563,113083.075463263,288551.363071332,1
KI05,N15_M07_F04_KI05_17.mat,1.70469328224788,2.90597918654106,5.94694152439019,1.77104733530443,-0.00307674291677445,-1.50286121851278,18100.7570253914,152591.013863765,278692.959014832,1.71982799850574,2.95780834444426,5.99171233734888,1.80309380474783,0.00936253077016089,-1.48969171239493,21035.8908848408,154056.445907062,284193.726045312,1
KI05,N15_M07_F04_KI05_18.mat,1.70979179719398,2.92338798975182,5.92214538182845,1.73541214675543,0.00991230247749723,-1.49632239209476,18259.1396308775,151331.66387834,280500.18468557,1.72184111863959,2.96473683783805,6.19559173174539,1.87127745255458,0.00323978483354042,-1.4941705046167,21424.8590190442,152361.992023559,284544.365598336,1
KI05,N15_M07_F04_KI05_19.mat,1.71772374174332,2.95057485294866,5.84362426371628,1.73353887323076,-0.007071365239357,-1.49993213195711,17772.3390049785,149931.207350361,283264.360588093,1.72988795330069,2.99251233097484,6.01650847991062,1.81460748917408,0.0133729270861132,-1.48616327981985,21425.7144859626,150932.511323275,287350.870881577,1
KI05,N15_M07_F04_KI05_2.mat,1.71291769313533,2.93408702345605,5.91181365576106,1.74957237193689,0.00530542837777837,-1.49957375872078,19578.5499531867,151517.443118557,302943.930790804,1.72706273759717,2.98274569959663,6.1349789388167,1.81552133160174,0.00437250598785079,-1.49298805008419,22785.7711961844,152754.615557683,307738.658508732,1
KI05,N15_M07_F04_KI05_20.mat,1.71192199403607,2.93067691366442,5.80160857770889,1.71555550293617,0.00600639439208225,-1.50014700512255,17813.1445014726,151651.523814393,281366.951551042,1.72508158608873,2.9759064786624,6.3305929523593,1.99545103502489,-0.0104289210648706,-1.48796796279592,21376.2434264249,152774.137052422,285818.606137914,1
KI05,N15_M07_F04_KI05_3.mat,1.7165061428139,2.94639333831784,5.96484984957366,1.74061707374639,-0.00406514199697976,-1.50199335433996,18107.4079018518,122748.507765298,283492.382653338,1.73111256751309,2.99675072140177,6.08056518152844,1.7721965525895,0.00667278055212168,-1.49142985078736,21084.9459202088,123911.454355214,288671.029589114,1
KI05,N15_M07_F04_KI05_4.mat,1.73353402239551,3.00514020680277,5.92627807225541,1.72183996325604,-0.00113987760670051,-1.50236793295467,18130.3450225032,138737.246593597,288391.089634593,1.74968377163141,3.06139330071032,6.05508025722888,1.79625248613018,0.00694332127240459,-1.49130961808171,21066.9067264951,140119.546015338,293767.388063712,1
KI05,N15_M07_F04_KI05_5.mat,1.7291262532939,2.9898775998302,5.9207678183528,1.72059059192618,0.00726963772078431,-1.49982076014222,17929.4253232341,101266.117854415,283855.462501256,1.74267963304053,3.03693230341427,6.38913940007452,1.85163829302299,-0.00558959533027541,-1.49012113760406,21262.2631356678,101811.826367319,288436.80868587,1
KI05,N15_M07_F04_KI05_6.mat,1.72885148063405,2.98892744209056,5.89046142188845,1.72010350231628,0.00644625321869284,-1.49852067216648,17849.1987815391,147627.681804286,287937.274396775,1.74070350068263,3.03004867728877,6.88368468783363,2.00346313536308,-0.00878493959668513,-1.48815647579218,21395.4425285851,148653.082936227,292347.463631812,1
KI05,N15_M07_F04_KI05_7.mat,1.7329544254134,3.00313104055987,5.96071715914671,1.75671421904072,0.00203061217955017,-1.50046469706686,19471.3190346785,110210.330928169,313190.848837776,1.74653516326935,3.05038507653629,6.29684264720582,1.90437238759571,-0.00704809131632633,-1.49078628618871,22895.7847929134,111302.779280723,318253.718742682,1
KI05,N15_M07_F04_KI05_8.mat,1.73093926532801,2.99615074025427,6.00135528167845,1.74304113616657,0.00418874592540783,-1.49967066464844,18545.8987542232,123415.917123827,296082.421328315,1.74499265814878,3.04499937699315,6.22934203689887,1.89261305603128,0.00102211957422219,-1.49147547001144,21868.2319563733,124360.227301645,300820.872146996,1
KI05,N15_M07_F04_KI05_9.mat,1.72228020119801,2.96624909143867,5.97242644868975,1.74187738998816,-0.00324066115364653,-1.50361987340825,19063.3625655267,154642.463113136,299599.870961051,1.73907325276781,3.02437577849243,5.97931426606801,1.7702171452684,0.00794113227546194,-1.49033261423112,22095.5209756933,156186.672329796,305453.894794996,1
KI07,N15_M07_F04_KI07_1.mat,1.70982303255933,2.92349480267039,5.80298614118454,1.7193577472254,0.00671233796308017,-1.50078352777745,18053.140166292,142625.646753058,281452.270936085,1.72317020657147,2.96931556081557,6.12189208579801,1.84556099735958,-0.00877295074166836,-1.4873503248258,21424.486388124,143826.199207688,286403.897349388,1
KI07,N15_M07_F04_KI07_10.mat,1.71354122165516,2.93622351831146,5.81056274030063,1.72817006568551,-0.0108938937424237,-1.49626337025723,18251.2262174916,153780.399829853,281808.434496445,1.72408338809728,2.972463529113,5.98413573823279,1.8157268590564,0.00265054397452304,-1.4941537889666,21492.0889381282,154688.343881323,285290.295432548,1
KI07,N15_M07_F04_KI07_11.mat,1.70588890602521,2.9100569596999,5.87255309670497,1.75924351437438,-0.0120501561265178,-1.4940318524599,18271.5383909401,152912.927729486,279503.27377661,1.71744900509356,2.94963108509688,5.93316588963367,1.81522889617959,-0.00241107280219673,-1.49640399399202,21432.1697484095,153881.319965877,283132.087290264,1
KI07,N15_M07_F04_KI07_12.mat,1.69974482357633,2.88913246527455,5.88977264015062,1.78385910959935,-0.0108080920379549,-1.49594491136224,18285.5172163093,145782.845497687,276754.337424913,1.71229937899476,2.93196916330585,6.1825048787267,1.86173595555002,-0.000765504620287191,-1.49477170696448,21345.0051082693,146844.528244473,280915.81090805,1
KI07,N15_M07_F04_KI07_13.mat,1.70885961957412,2.92020119941101,5.91112487402323,1.77599189614314,-0.00889210837146069,-1.49702766352418,18327.2718540381,153179.81307138,280959.649164989,1.72293917200738,2.96851939043746,6.01581969817279,1.82768891627441,-0.00259362260270152,-1.49470201243331,21272.7684347331,154338.121281354,285274.992231604,1
KI07,N15_M07_F04_KI07_14.mat,1.71962107749229,2.95709665015575,5.96140594088453,1.77561898622506,0.00903070464906846,-1.49836919654098,18393.7117404688,149390.757522416,283881.143568684,1.7334279312053,3.00477239268267,6.20730102128844,1.83482171331911,0.00491976250578054,-1.49348897107497,21300.2887090679,150551.949822025,288305.268050866,1
KI07,N15_M07_F04_KI07_15.mat,1.71913160482706,2.95541347471527,5.89597167579106,1.72763322236202,-0.00773207591522706,-1.49833189162058,17943.4654501779,147394.060289484,283366.214465856,1.73057561407131,2.9948919560183,6.06334563808279,1.82719459217368,0.0132354010079876,-1.48785335032772,21543.3604731285,148242.323298923,286975.870963783,1
KI07,N15_M07_F04_KI07_16.mat,1.71596220414803,2.94452628606457,5.88770629493715,1.72873783216881,-0.00383184395873867,-1.5007075976294,18002.8673648115,151960.486349518,282618.89878672,1.73143675027258,2.99787322019447,6.03923827725888,1.78620407474159,0.0124881578034904,-1.48739555899066,21338.5023198825,153298.180698807,287782.158278393,1
KI07,N15_M07_F04_KI07_17.mat,1.70601286695704,2.91047990222298,5.88977264015062,1.76162965184217,-0.00527938896004433,-1.50062118875799,18430.8742703514,151958.274922392,279085.889886832,1.72116404495094,2.96240566963189,5.97518157564106,1.8423333322841,-0.00297434548675032,-1.49344576369288,21174.9841577591,153291.63391812,284086.203855432,1
KI07,N15_M07_F04_KI07_18.mat,1.70707548364761,2.91410670687074,5.85257842630802,1.74128936017246,-0.00607684992169161,-1.50013794159071,18331.5664081734,151446.439792701,280575.097389028,1.72179473619349,2.96457711358362,6.05094756680192,1.82058432835155,-0.00324651263223657,-1.49292167782112,21266.3813616782,152675.678836338,285210.17973007,1
KI07,N15_M07_F04_KI07_19.mat,1.70560357278105,2.90908354748349,5.86497649758889,1.72500429254451,0.0071258031537252,-1.50111159957571,17993.0467147936,152161.456975033,279262.908781532,1.71893543011521,2.95473901290537,6.11087157799279,1.87400477880691,-0.00938699633131318,-1.48700247471921,21280.7851653796,153376.060899539,283931.074339238,1
KI07,N15_M07_F04_KI07_2.mat,1.69850075130735,2.88490480219164,5.8601550254241,1.73450114441918,-0.00345847617625137,-1.5038241525733,18299.4347401038,132863.107026932,279629.838933669,1.71556033733682,2.94314727104322,5.98620208344627,1.80976436992375,0.00839518187922997,-1.48980196439737,21126.770124893,134173.138048389,285388.073983009,1
KI07,N15_M07_F04_KI07_20.mat,1.71603429089549,2.94477368752917,5.96553863131149,1.74288882378208,0.0130696095616682,-1.495061268531,18292.2665885583,152505.092502935,282504.262607215,1.72583457077431,2.97850496567975,6.46628295471104,2.03160256414324,-0.000234689642056799,-1.49411239999922,21635.7901608726,153313.852861928,285694.972066296,1
KI07,N15_M07_F04_KI07_3.mat,1.70789071766722,2.91689070349385,5.89115020362628,1.74157859143258,-0.0055503083340785,-1.50155751884226,18121.6670613883,151489.840602832,280259.629791416,1.72379460187315,2.97146782944702,6.03372802335627,1.83320782092715,0.0124674564853347,-1.48822787401693,21258.2172317398,152906.688571148,285673.687780373,1
KI07,N15_M07_F04_KI07_4.mat,1.70749973545445,2.91555534657702,5.88150725929671,1.74760748684925,0.0129144745191865,-1.49449824440415,18387.7510233096,153670.054260093,279899.178914903,1.71755054070145,2.94997985986384,6.14117797445714,1.83500328074775,0.00302750192625661,-1.49508024932278,21629.8149792969,154587.376588721,283316.958792007,1
KI07,N15_M07_F04_KI07_5.mat,1.70557361226849,2.90898134686659,5.81125152203845,1.72905300231113,-0.00915916956889229,-1.49670160935465,18057.1784936208,149693.351389677,278507.798122934,1.71581128838838,2.94400837736098,5.96140594088453,1.78865594682614,0.00795446507866969,-1.4912510462736,21566.1687915948,150505.76020114,281809.115428521,1
KI07,N15_M07_F04_KI07_6.mat,1.7138753575352,2.9373687411664,5.7940319785928,1.70141793274593,-0.0114300031971884,-1.49645789064076,18133.366707987,150090.353700346,281755.582829537,1.7234949429468,2.97043481836318,5.97518157564105,1.80390393951283,0.00515167164105661,-1.49348787589693,21668.7662753527,150910.790638444,285012.428189186,1
KI07,N15_M07_F04_KI07_7.mat,1.70668019316114,2.91275728172853,5.90699218359627,1.73303503645082,0.0105862728112543,-1.49643609278735,18171.0837071686,149731.092009493,279428.417923432,1.71688729281472,2.94770197622867,6.0874529989067,1.81650790240746,-0.00348115143694444,-1.49129839872512,21663.487452114,150525.957832308,282656.570316674,1
KI07,N15_M07_F04_KI07_8.mat,1.71819847985256,2.95220601616764,5.85808868021063,1.7401624467559,-0.00505097980530278,-1.500966423317,18300.2757426057,145440.187153803,281907.140024851,1.73188229552861,2.99941628556544,6.06541198329627,1.84121181069699,-2.0797285314523e-05,-1.49154595881164,21265.7476824794,146616.437748934,286763.627884104,1
KI07,N15_M07_F04_KI07_9.mat,1.70582510515554,2.9098392893789,5.91594634618802,1.75019821656465,-0.00587447284474767,-1.50003885686532,17882.5991855697,152002.717575256,279480.049922777,1.71915602051095,2.95549742285904,5.99033477387323,1.8325226293435,0.0140961144505435,-1.48619336620707,21326.2234078423,153189.510008908,283998.181674026,1
KI08,N15_M07_F04_KI08_1.mat,1.74324758390596,3.03891213879397,5.95451812350627,1.73366109961595,0.00269068759938207,-1.50367801091967,18175.61451344,133706.152117744,292142.009398481,1.76033004597224,3.09876187075261,6.31337340891365,1.91117079302894,-0.00808060667005421,-1.49232878567446,20846.7851699389,135069.409077982,297835.860864466,1
KI08,N15_M07_F04_KI08_10.mat,1.742016802683,3.0346225408299,5.94694152439019,1.71027111223397,-0.00572118760518918,-1.50164297561349,17928.4699829637,154221.912948925,291072.499423538,1.75718976139085,3.08771585753682,6.30510802805974,1.89335697170051,0.0111945179526661,-1.48716941968765,21038.8257838257,155560.656768768,296260.180618146,1
KI08,N15_M07_F04_KI08_11.mat,1.73358363073804,3.00531220476289,5.96002837740888,1.76428976628368,-0.0116821230058205,-1.49454728219318,18763.4683744407,151526.120513382,288761.186157405,1.74503090339103,3.0451328537897,6.07918761805279,1.83669049187196,-0.00449796439787348,-1.49571480679867,21513.0237702677,152519.034519033,292554.077938934,1
KI08,N15_M07_F04_KI08_12.mat,1.74287794696994,3.03762353803414,5.93109954442019,1.70453998347321,-0.00796720154193997,-1.49936131819434,17739.2361546586,156573.900864267,291265.973348915,1.75272091694119,3.07203061268318,6.06747832850975,1.80882700315342,0.0112785255366159,-1.48770028624588,21545.6506724067,157475.851260429,294748.963987002,1
KI08,N15_M07_F04_KI08_13.mat,1.73689407081874,3.0168010132453,6.02890655119149,1.76637726507643,0.0125362101523101,-1.49542596881886,18245.0767741363,153818.818862116,289178.773748512,1.74820023695885,3.056204068503,6.59921783011146,1.92679767398044,0.0020701736641294,-1.49564318296787,21329.650096988,154810.138689384,293161.512518971,1
KI08,N15_M07_F04_KI08_14.mat,1.74294241276499,3.03784825421503,5.98826842865975,1.76240903705955,-0.00647371427268832,-1.49889757942948,18238.4444947828,154762.131154535,292152.869120603,1.75712229808109,3.08747877041376,6.0874529989067,1.8346922341331,-0.00610868414757375,-1.49355699535782,21121.9424536926,155977.761602727,296802.14608842,1
KI08,N15_M07_F04_KI08_15.mat,1.73403586472614,3.00688038015654,6.01788604338627,1.77863823398705,0.00595399736532409,-1.50015803235474,18196.650596495,153228.941654094,289207.657149584,1.74965598283794,3.0612960582806,6.10949401451714,1.7999299721919,0.00568945503335706,-1.49372034189807,20914.7555293911,154490.642940903,294118.322005057,1
KI08,N15_M07_F04_KI08_16.mat,1.73707881207948,3.01744279937547,6.01444213469714,1.74272807650323,0.0142132903409886,-1.49426393509805,18169.8941811074,154682.44198698,289721.954160154,1.74734176394395,3.05320324002276,6.42426726870365,1.91276242236965,-0.000398077277306323,-1.49610443997681,21493.9796439985,155544.488440956,293141.385314391,1
KI08,N15_M07_F04_KI08_17.mat,1.745519678195,3.04683894696599,5.95176299655497,1.722859229261,0.00627900338405969,-1.50163293356662,17820.7638050564,155977.524227394,292649.842018526,1.760905495794,3.10078816511752,6.51587523983451,1.97423381421316,-0.0112065492077869,-1.48760590788384,21003.1978596549,157354.092461869,297975.645226311,1
KI08,N15_M07_F04_KI08_18.mat,1.7426916770124,3.0369742811283,5.98620208344627,1.73155285485594,-0.0063462927412553,-1.49952038811056,17704.8459712707,153675.161440744,291367.996212761,1.75536175783526,3.08129490087049,6.42220092349017,1.99959540993377,0.0132199392323184,-1.48559498144742,21324.7094655825,154656.158807324,295182.062023207,1
KI08,N15_M07_F04_KI08_19.mat,1.74128857065036,3.03208588627756,5.94831908786584,1.72100717033299,-0.0042628050297948,-1.50480985509804,18070.3727965906,153472.426709675,291232.734719854,1.75892806607711,3.09382794163376,6.53309478328016,1.96134097812555,0.0069821681748692,-1.49070230169405,20936.7882796206,154988.186751079,297031.396653807,1
KI08,N15_M07_F04_KI08_2.mat,1.74558373453029,3.04706257425671,5.94763030612801,1.72469235693233,-0.0100248704478515,-1.49627270124065,18087.6570855196,155876.632674217,292137.621465419,1.75646644276768,3.08517436456896,6.20247954912365,1.88340403933086,0.00175046327619204,-1.49435431564316,21355.0172396104,156750.610119576,295520.963371749,1
KI08,N15_M07_F04_KI08_20.mat,1.7450373827046,3.04515546703653,5.93454345310932,1.72862157809496,-0.0110552965426741,-1.49594497731632,17999.5136865301,155699.160228386,292135.978122051,1.75466739939715,3.07885768250716,6.13704528403018,1.76076459614142,0.0028022153389682,-1.49469994366632,21530.617322197,156505.765378751,295355.951078241,1
KI08,N15_M07_F04_KI08_3.mat,1.74186514849222,3.03409419553184,5.95865081393323,1.73628824677001,0.00401921160770673,-1.50307801424857,18365.0673743378,155345.304417425,290937.707251897,1.75847165796393,3.09222257186241,6.14737701009757,1.82652275671552,-0.00745110894874128,-1.49065709446734,20984.4726393303,156766.2534054,296326.174112561,1
KI08,N15_M07_F04_KI08_4.mat,1.74221570210572,3.03531555266371,5.94900786960367,1.73057122256431,-0.0128420894831684,-1.49395467872075,19600.1873426988,169444.070521655,317519.328823861,1.75281760790285,3.07236956657425,6.03786071378323,1.78609006740432,-0.00290305673613854,-1.49700628377526,23263.8614882268,170410.988055266,321253.291839863,1
KI08,N15_M07_F04_KI08_5.mat,1.74798417173647,3.05544866464124,5.94487517917671,1.71753612813325,-0.00655414017354433,-1.50034529955739,17667.5133122988,153656.627502465,293450.993354634,1.76070892238381,3.10009590936195,6.20247954912365,1.84804607068976,0.012478593963972,-1.48630173692455,21292.4978988314,154735.21350412,297816.610072074,1
KI08,N15_M07_F04_KI08_6.mat,1.73846195580973,3.02224997179778,5.92214538182845,1.72627986720419,-0.0114145182039777,-1.49541317537137,18104.4426964705,153566.284611804,289872.382901534,1.74878560578262,3.05825109499248,6.21350005692887,1.81704495898105,0.00194196791217595,-1.49408977820567,21507.5052509842,154388.363168087,293151.890723732,1
KI08,N15_M07_F04_KI08_7.mat,1.73254651238573,3.00171741757997,5.94280883396323,1.76517717178485,-0.0126784145754102,-1.49354547183828,18181.499464608,155601.631246615,288390.534150631,1.7435638578774,3.04001492649631,6.03854949552105,1.81283889845813,-0.00249423034467076,-1.4976240129756,21416.0054185862,156537.336504069,291999.306848336,1
KI08,N15_M07_F04_KI08_8.mat,1.74034307770281,3.0287940281081,5.98895721039758,1.75277933747426,-0.0132588728265771,-1.4941579851492,18254.0150947481,154441.795775613,290582.124058791,1.75166296257674,3.06832313446311,6.06334563808279,1.8100132077599,-0.00346498002362924,-1.49669836430213,21338.9355635956,155413.685529808,294454.979993984,1
KI08,N15_M07_F04_KI08_9.mat,1.73926514616823,3.0250432486756,5.93109954442019,1.73806192698927,0.00433545856164451,-1.50433565235963,18151.1655168742,154187.771080024,290707.720663654,1.75682392143743,3.08643029093481,6.23071960037452,1.84477929536791,-0.00755056478196638,-1.49093383802459,20906.3606575704,155675.970876837,296383.198419162,1
KI14,N15_M07_F04_KI14_1.mat,1.72889511412311,2.98907831563877,5.76303680039063,1.69378982706122,0.000915639433561621,-1.50514480766584,17876.5571921655,154351.105196934,286998.521785892,1.74516634626264,3.04560557612769,5.71826598743194,1.68383374649629,0.00457276418337623,-1.49295021336312,19229.8748618644,155779.670366502,292324.531145566,1
KI14,N15_M07_F04_KI14_10.mat,1.7235122976219,2.9704946400539,5.67418395621107,1.68291598115118,-0.000580058596989295,-1.50524516407777,17928.1868936695,154412.385620411,285213.051727383,1.73969739506467,3.02654702639479,5.65145415886281,1.63967030207653,0.0061158837849568,-1.4930142224303,19323.2729767319,155842.618298979,290496.189954352,1
KI14,N15_M07_F04_KI14_11.mat,1.72627454739365,2.98002381297917,5.82915984722193,1.71701391630954,-0.0128855245976576,-1.49663256265443,17847.4926691745,155917.875441768,286141.029727627,1.73765861539568,3.01945746365884,5.73892943956672,1.67535763190811,0.00980387308409476,-1.49648551174396,19744.7392108894,156913.063902482,289831.91137916,1
KI14,N15_M07_F04_KI14_12.mat,1.73409879753789,3.00709863962235,5.83535888286237,1.70730910718319,-0.0156806127562146,-1.49542484424534,17860.8329938727,138228.173740773,289609.347005543,1.74524116587233,3.0458667270554,5.67211761099759,1.62577155377269,0.0103673975575922,-1.49709659313828,19790.9358020454,139045.912295641,293255.265930831,1
KI14,N15_M07_F04_KI14_13.mat,1.73200214183602,2.99983141932457,5.76854705429324,1.70227534204593,-0.00615903739079006,-1.50128871933651,17834.5105109799,152190.904458342,287904.784218382,1.74571072753992,3.04750594424797,5.70104644398628,1.65872925017112,0.00577734690960583,-1.4941270220956,19470.8306884264,153506.417540509,292826.469209142,1
KI14,N15_M07_F04_KI14_14.mat,1.72710176016319,2.9828804899588,5.73204162218846,1.6937677936524,-0.00166418505485268,-1.50405840846155,17873.5699457686,155493.220410133,285935.033155544,1.74239998583614,3.03595771064179,5.72997527697498,1.67596868551367,0.00444245705504137,-1.49280011469232,19428.5319131247,156941.970991116,291332.138752075,1
KI14,N15_M07_F04_KI14_15.mat,1.72856980231672,2.98795356148126,5.79678710554411,1.68798053201835,0.00246592830907056,-1.50070611364621,17586.4140841419,153218.860708025,286815.812126063,1.74165930984051,3.03337715155413,5.72102111438324,1.68701788336859,-0.000384262190560697,-1.48854765439799,19837.4519879277,154349.38276056,291064.052491028,1
KI14,N15_M07_F04_KI14_16.mat,1.7276806068628,2.98488027932982,5.81469543072758,1.69638425799873,0.00676101063601708,-1.49659704171915,17744.7147246013,155776.116911985,286692.807339081,1.73776063015675,3.0198120077228,5.77267974472019,1.68264224329236,0.00536659500121468,-1.49308324092673,19971.6817729953,156578.469992103,289683.250896577,1
KI14,N15_M07_F04_KI14_17.mat,1.72021042635809,2.95912391095108,5.73755187609107,1.68164157248773,0.00033425545966349,-1.50411336260762,17828.7598722508,154042.804290813,283728.644349889,1.73511757126259,3.0106329861042,5.6486990319115,1.66513570720565,0.00467354286842861,-1.49221664752399,19450.2409359375,155430.636440774,288866.314488696,1
KI14,N15_M07_F04_KI14_18.mat,1.72095205885241,2.96167598886836,5.73204162218846,1.69457268223838,0.001193393932986,-1.50509833527634,17850.9462208079,154346.097226236,284179.591095211,1.73675869171855,3.01633075325994,5.67487273794889,1.65913344207666,0.00443628572588585,-1.49199424764159,19419.8870135333,155789.936565016,289583.097665961,1
KI14,N15_M07_F04_KI14_19.mat,1.72071728713578,2.96086798224793,5.79816466901976,1.70204909828757,-0.00874458993489887,-1.49981818548946,17452.5975681171,151511.002170495,284460.394824083,1.73417909519554,3.00737713421322,5.68176055532715,1.64028650520564,0.0233341194483356,-1.48769531514269,19707.3769343028,152662.463680668,288937.916363397,1
KI14,N15_M07_F04_KI14_2.mat,1.73946098175597,3.02572450705146,5.77336852645802,1.66259295232194,-0.00913071530266794,-1.50312565729406,17698.0525169905,153625.882084721,290418.513017434,1.75681823979921,3.08641032769118,5.71344451526715,1.66390188039167,0.0191232136661574,-1.49240994034424,19251.5480680268,155164.238336554,296255.954896142,1
KI14,N15_M07_F04_KI14_20.mat,1.72545407753297,2.97719177367514,5.76303680039063,1.718947830492,-0.0113419123833059,-1.49909401750118,17951.1095499043,154713.291814608,285635.243249861,1.73843561051388,3.02215837190277,5.62872436151455,1.6304361080524,0.00534785669297511,-1.49600322079499,19536.6479161661,155894.681777558,290046.666039042,1
KI14,N15_M07_F04_KI14_3.mat,1.73068746141549,2.99527908910081,5.78370025252541,1.67828679504061,0.00447240703216061,-1.49912540097006,19083.9350984721,159399.657302733,306560.808548665,1.74529146837108,3.04604230956888,5.69966888051063,1.66275509362829,0.0169463873426602,-1.49555889965711,20659.121763996,160733.794229105,311733.269842891,1
KI14,N15_M07_F04_KI14_4.mat,1.72575274828681,2.97822254821946,5.78370025252541,1.70774987702065,-0.0147637179236724,-1.4952256607095,17658.3704235109,155815.273232746,286173.592770566,1.73495340557393,3.01006331951256,5.57293304075064,1.62521672229793,0.0120645875013837,-1.49777344587814,19737.7039942192,156616.773426269,289154.546359613,1
KI14,N15_M07_F04_KI14_5.mat,1.72439680990146,2.97354435799832,5.71826598743194,1.69406655312662,-0.000409654410186918,-1.50554017766178,17850.9441544627,153331.586945634,285400.209976865,1.74057051054181,3.02958570216777,5.67969421011368,1.649689703809,0.00639729606753035,-1.49330069543078,19232.3338126684,154764.082082225,290806.566174193,1
KI14,N15_M07_F04_KI14_6.mat,1.72288622240209,2.96833693534293,5.76579192734193,1.67986214146497,0.00861011512140058,-1.49573925828718,17931.2939880888,154295.069497887,285326.129287353,1.73446127330309,3.00835590858818,5.8098739585628,1.69920011255522,0.014923449420886,-1.49687321046295,19622.1202195764,155322.60494406,289135.810091635,1
KI14,N15_M07_F04_KI14_7.mat,1.73198236304247,2.99976290589018,5.83053741069758,1.70736126264483,-0.0162936178185614,-1.49394583196921,17761.4135490531,154549.641314711,287921.289001902,1.74135973931506,3.03233374170741,5.68176055532715,1.63873319219559,0.0114671435638696,-1.49806859736037,19801.9879938105,155349.287381065,290985.905757685,1
KI14,N15_M07_F04_KI14_8.mat,1.72577771046135,2.97830870592523,5.75201629258541,1.68837609288865,0.000165727650831111,-1.50422085748107,17830.4887144127,152460.244714462,286066.507977473,1.74113675080565,3.03155718500604,5.6776278649002,1.64496549438592,0.00462449769876767,-1.49157033475546,19430.0541207653,153913.286234183,291514.213968501,1
KI14,N15_M07_F04_KI14_9.mat,1.72512189329789,2.97604554673571,5.70311278919976,1.66177580494854,-0.00851008915531127,-1.50263913767438,17756.1106184536,155558.386234974,286699.429079351,1.74196492712893,3.03444180734729,5.71482207874281,1.66323639193027,0.0192027820315882,-1.49165420190618,19469.5282021601,157060.477800672,292287.737385189,1
KI16,N15_M07_F04_KI16_1.mat,1.75315797749255,3.07356289404575,5.96484984957366,1.70427394000927,0.00748605043642155,-1.49830699748416,19639.455478354,152610.082679353,333022.661351309,1.76270872385769,3.10714204516399,5.91939025487715,1.73148314265611,-0.0133775924899074,-1.49018597416836,22109.7140121829,153425.48720692,336587.220117696,1
KI16,N15_M07_F04_KI16_10.mat,1.73972397797286,3.0266395195337,5.96967132173845,1.71965002484239,0.00920407451012795,-1.49688814760256,17477.4922064673,147710.059678964,291450.084359211,1.74991527368233,3.06220346506672,5.76716949081759,1.70310843287833,-0.00673858585500025,-1.49294304676926,19399.3613177461,148411.382660809,294487.137830869,1
KI16,N15_M07_F04_KI16_11.mat,1.73611654306868,3.01410065111675,5.86979796975367,1.70007491386204,0.0108220785797319,-1.49521541282499,17742.6428691339,152295.496628068,289851.302968144,1.74639167371491,3.04988387802078,5.73135284045063,1.68283662484199,0.00163822605647958,-1.4977105052073,19330.3570969054,153118.031546774,293095.679726562,1
KI16,N15_M07_F04_KI16_12.mat,1.73841196376869,3.02207615577411,5.9896459921354,1.74266659616765,-0.0130543804074356,-1.49617914348369,17500.890810883,156461.698491943,290957.071595277,1.74747011848112,3.05365181498442,5.73273040392628,1.6570193084709,0.00114557434817224,-1.49581135715972,19388.7954058878,157231.502564598,293808.134695642,1
KI16,N15_M07_F04_KI16_13.mat,1.72830092358558,2.98702408246676,5.82502715679497,1.68780725767466,0.0105603089441878,-1.49511983902269,17610.5297103467,155923.748377283,286909.329851324,1.73789536582982,3.02028030257275,5.71068938831585,1.6787160585658,0.000182480234368815,-1.49772387932571,19369.0638754443,156733.872915617,289918.348012782,1
KI16,N15_M07_F04_KI16_14.mat,1.73429352932402,3.00777404585515,5.8890838584128,1.71302704468565,-0.0133344404471487,-1.49494236672095,17580.5091583035,153362.583172407,289448.011010763,1.74396997727368,3.04143128163195,5.71344451526715,1.6945027998204,-0.00243524425689147,-1.49809814767987,19232.0417692116,154095.847765554,292228.950434019,1
KI16,N15_M07_F04_KI16_15.mat,1.72485250853386,2.97511617619556,5.99308990082453,1.75071728471198,-0.00904558890930801,-1.49886727878093,17528.4971829351,110573.240017033,286931.258447888,1.73666152746091,3.01599326096286,5.76510314560411,1.70450063125441,-0.000527224343827659,-1.49395750571936,19111.6482316935,111167.544416814,290810.681905177,1
KI16,N15_M07_F04_KI16_16.mat,1.72423449507379,2.97298459400236,5.92421172704193,1.72801777527821,-0.00643460658906015,-1.50016111282216,19395.108090515,168665.582106551,320643.284200497,1.73691811101962,3.01688452438796,5.72170989612107,1.68598469108353,0.0120052590753514,-1.48755983951632,21712.2325357,169859.636023914,325256.805298377,1
KI16,N15_M07_F04_KI16_17.mat,1.72683073939236,2.98194440251038,5.91801269140149,1.71752737208643,-0.0113330404467801,-1.49767528792042,17423.929783407,153375.142066491,288745.172532833,1.73525849881966,3.01112205772585,5.63767852410629,1.64163195107941,0.00557275903134284,-1.49337374183983,19518.0177477213,154128.202184826,291772.546800703,1
KI16,N15_M07_F04_KI16_18.mat,1.7244195076999,2.97362263853597,5.78507781600106,1.68480805119827,-0.00437731226102611,-1.50452346065911,18038.0579125788,150757.95935649,290837.198309137,1.74039125449104,3.02896171870891,5.70311278919976,1.69018755728296,0.00599001650164239,-1.49333452144697,19134.1307563979,152091.386925477,296015.465309559,1
KI16,N15_M07_F04_KI16_19.mat,1.71975000616173,2.95754008369328,5.82984862895976,1.69790386610802,-0.00804914600294587,-1.50258243263454,17371.4521915838,150382.465318357,283855.192262488,1.73529769297669,3.01125808325022,5.70655669788889,1.69090552254346,0.00906912644866592,-1.49074642589555,18960.8132964905,151721.611951773,288873.187752903,1
KI16,N15_M07_F04_KI16_2.mat,1.73981063504629,3.02694104582017,5.84913451761889,1.68205877024462,0.00392133398747281,-1.50277482540415,17457.9500910017,150319.236053046,290528.675958736,1.75419061944105,3.07718472933499,5.72722015002367,1.6910237588445,-0.00981978136658574,-1.49130519987416,19011.5565358978,151633.695579223,295548.570423326,1
KI16,N15_M07_F04_KI16_20.mat,1.71754757601332,2.94996967586922,5.74306212999367,1.68322211931357,-0.000778607144859131,-1.50414692566132,17828.1730302102,153575.306351459,283451.780475285,1.73300518616387,3.00330697527087,5.64456634148455,1.67449279667114,0.00556288783897343,-1.49344221982936,18862.6247046364,154908.156734655,288340.22298787,1
KI16,N15_M07_F04_KI16_3.mat,1.74157031127868,3.03306714912733,5.97862548433019,1.72644421996665,0.0103107272107172,-1.49580258985238,17539.6168753105,151854.564132084,291466.376375876,1.75112749860711,3.06644751637798,5.82020568463019,1.72399445297809,-0.00628380716399355,-1.49558568511457,19512.0191475666,152592.887906364,294399.658486755,1
KI16,N15_M07_F04_KI16_4.mat,1.73005010312456,2.99307335932129,5.75408263779889,1.67363088289206,0.00112217069454894,-1.50293495995056,18048.7581368759,152077.490344623,291205.911042368,1.74481377243786,3.04437510048882,5.67900542837585,1.67198013840325,0.00509550554790858,-1.49497655801674,19139.3641200419,153442.472146828,296528.811838047,1
KI16,N15_M07_F04_KI16_5.mat,1.72737226427193,2.98381493937594,5.95382934176845,1.72734472963713,0.00479888418351981,-1.49930161948576,17238.1405525728,149690.22493172,286799.878170422,1.73855938854564,3.02258874750019,5.71137817005367,1.69175090366095,-0.0130036479886959,-1.4891166771468,19381.4743447964,150639.395324358,290696.37219109,1
KI16,N15_M07_F04_KI16_6.mat,1.73610958485909,3.01407649063959,5.89803802100454,1.70737170822419,0.00976832041750828,-1.49595796228769,17602.4936938115,152850.553874616,290518.597485498,1.74585632095323,3.04801429341237,5.71000060657802,1.67219374921778,-0.00145480448080914,-1.49673916433593,19355.7242395278,153609.544373326,293462.69420404,1
KI16,N15_M07_F04_KI16_7.mat,1.72870622676146,2.98842521844384,5.79472076033063,1.71298901897322,-0.0125842412225241,-1.49698315969432,17670.935868754,153441.228699966,286856.225431124,1.74005602171143,3.02779495869422,5.58946380245846,1.6376234239625,-0.00716024236310873,-1.4972544622155,19068.8886614093,154472.600216203,290746.371965667,1
KI16,N15_M07_F04_KI16_8.mat,1.73619382046993,3.01436898223798,5.81400664898976,1.67832273079697,-0.00150235022298688,-1.50415655003078,17718.7504082122,151921.273843414,289360.018787823,1.75187026087346,3.06904941093284,5.7409957847802,1.70147340630568,0.00535509362891032,-1.49355378765293,18805.2181906973,153323.783715008,294621.582491539,1
KI16,N15_M07_F04_KI16_9.mat,1.72774630039194,2.98510727851805,5.83191497417323,1.70288493509923,0.00446384908240405,-1.50084704980313,17712.5024690684,151525.183614311,286335.049884611,1.74086009694337,3.03059387712968,5.68727080922976,1.67724513774797,0.00311460436827036,-1.49551032412626,18927.6925378454,152698.921165138,290792.517894433,1
KI17,N15_M07_F04_KI17_1.mat,1.7674138990984,3.1237518907262,6.06954467372323,1.72354899573399,0.00746247893795659,-1.49782139185894,18401.9929633026,159156.579910238,300466.537892517,1.77863169269565,3.1635306982614,6.84373534703971,1.97674051850121,-0.00796395380756095,-1.48765034729624,21642.5271350502,160107.073640834,304263.154035261,1
KI17,N15_M07_F04_KI17_10.mat,1.74154474469382,3.03297809777066,6.02408507902671,1.74824228502289,-0.00715099460268164,-1.49940662064037,18302.6878562516,153928.162041934,291072.464442525,1.75492039369804,3.07974558821727,6.16253020832974,1.83979716113826,0.0155529467002808,-1.48608903383933,21309.9220104532,155001.068489775,295175.355650929,1
KI17,N15_M07_F04_KI17_11.mat,1.73972048505229,3.02662736611059,5.93798736179845,1.72305211139179,0.00433640809385591,-1.50309672606513,18616.5257448381,139999.737045283,290254.920911014,1.75590144908062,3.08318989888341,6.61505981008146,2.11097129613613,-0.00523354143977903,-1.49036141110473,21023.1291368024,141318.571496346,295462.862268321,1
KI17,N15_M07_F04_KI17_12.mat,1.74051820789728,3.02940363202197,6.02821776945366,1.74994171494691,-0.00586594401630413,-1.49952625548495,18329.7197843343,142203.736562987,290994.371426854,1.75405681198522,3.07671529967176,6.06403441982062,1.78229028399322,0.0143065967170887,-1.48727550966894,21265.7821215663,143232.824120286,295362.427910721,1
KI17,N15_M07_F04_KI17_13.mat,1.76200257007677,3.10465305695714,5.96691619478714,1.70664686235895,-0.00653744722906713,-1.50072325993801,18387.1497168525,157173.342329604,298374.8499289,1.77770836240753,3.16024702177367,6.35125640449408,1.83418831119551,0.0138189109441019,-1.48696291120392,21318.8396676128,158509.83789961,303664.654859127,1
KI17,N15_M07_F04_KI17_14.mat,1.75103726971064,3.06613151991568,5.94969665134149,1.71594094140202,0.00235084188939272,-1.50133187865175,18629.5354543022,149727.015132724,295588.239746761,1.76552936560368,3.11709394080892,6.30441924632191,1.78807659039748,-0.00441799903616898,-1.49098892853918,21080.6334577482,151113.562059184,301167.054655019,1
KI17,N15_M07_F04_KI17_15.mat,1.75980122528582,3.09690035251746,5.98069182954366,1.74117231905497,0.000822589615266863,-1.50515157467946,18831.5406735901,156523.39944642,299510.004395829,1.77668993109,3.15662711123658,6.49314544248625,1.83053312420998,-0.00310223456095112,-1.49077314488923,21121.765436786,158048.215061517,305499.049735472,1
KI17,N15_M07_F04_KI17_16.mat,1.74859771577252,3.05759397160489,6.0557690389667,1.74843756449764,-0.00723943897270022,-1.49971267414786,18346.8153470671,155642.728791627,293561.417156659,1.75995187239985,3.09743059316374,6.23898498122844,1.88067276957386,0.0138089924622073,-1.48674041511257,21360.3181038647,156665.062901904,297641.141168845,1
KI17,N15_M07_F04_KI17_17.mat,1.76218875620359,3.10530921249034,5.97173766695192,1.7049758287022,-0.0030795887129254,-1.505395181312,18785.1877289796,157287.188836372,298024.140250392,1.77886830223009,3.16437243667896,7.03177276146623,2.05695787524221,0.00825722373770913,-1.49148617347644,20959.6110625035,158795.107066853,303885.018026012,1
KI17,N15_M07_F04_KI17_18.mat,1.76191620307994,3.10434870667563,5.98344695649497,1.71067105988889,-0.00454222071273508,-1.50539372882176,18718.1995722856,158011.723721936,298025.900364335,1.77886452750677,3.16435900722188,6.36916472967756,1.81731358029744,0.00973275240183787,-1.49119391354186,20963.1803294689,159514.974636242,303807.774800828,1
KI17,N15_M07_F04_KI17_19.mat,1.74455124082079,3.04345903184935,5.98138061128149,1.73806009309902,-0.000375304896167762,-1.50078797710597,18762.2023936066,134750.591224649,293703.493814197,1.75888584428999,3.09367941324372,6.6529428056619,2.07574991396302,-0.000701680890118209,-1.4907085695333,21121.1779059636,135794.764982065,298751.09954249,1
KI17,N15_M07_F04_KI17_2.mat,1.75274505913297,3.07211524231505,6.00135528167845,1.72680080247439,0.00897756095875187,-1.49745009646439,18429.7611990631,140940.700344805,294824.913270974,1.76323043633354,3.10898157161297,6.19352538653192,1.83600066650149,-0.00508072945328011,-1.48950737931269,21585.3596283742,141696.571344997,298501.135881681,1
KI17,N15_M07_F04_KI17_20.mat,1.74139981762054,3.03247332480884,6.07849883631496,1.75962651397979,-0.01046769913205,-1.49700744779506,18571.9161068061,139040.445660586,291548.305662347,1.75161620471533,3.06815932862132,6.23967376296626,1.78530754299634,0.00786240383814301,-1.49139551712859,21434.1369090527,139683.079619828,294677.073424416,1
KI17,N15_M07_F04_KI17_3.mat,1.75917403067912,3.09469327021584,5.99446746430019,1.71156231664126,0.00753919433306608,-1.50024296626169,19889.6960827418,158883.708201087,320362.971275253,1.77289203931852,3.14314618307898,7.02075225366101,2.08794356430945,-0.00940461167936912,-1.48697609161217,23196.9181023458,160030.091230413,325097.893443961,1
KI17,N15_M07_F04_KI17_4.mat,1.7648884619022,3.1148312829555,5.99653380951366,1.7352474787094,-0.0126145064252228,-1.49532810777354,18655.8909987183,157366.842054367,298574.087911663,1.77487642063199,3.15018630851544,6.03648315030757,1.74989675088336,0.00109682502509143,-1.49501139252436,21486.2721763522,158257.248650028,302117.336620237,1
KI17,N15_M07_F04_KI17_5.mat,1.74586043410549,3.048028655375,5.9235229453041,1.70668540041648,-0.00531441447141273,-1.50166763057704,18421.0012729214,146110.205245943,293321.960770233,1.75998881838653,3.09756064084563,6.23760741775278,1.82965292674782,0.0135808164788747,-1.48699475759566,21291.5280941445,147439.246147186,298588.994606286,1
KI17,N15_M07_F04_KI17_6.mat,1.75461626496809,3.07867823729058,6.05714660244236,1.72802704915666,0.0111857046196067,-1.496476477268,18526.6597027222,150539.260002731,295867.018989986,1.76417232707664,3.112303999623,6.95531798856754,2.02849147650042,-0.00173195958656213,-1.49231455892875,21638.7808511782,151264.705198713,299023.283706848,1
KI17,N15_M07_F04_KI17_7.mat,1.74685884960056,3.0515158404278,5.98000304780584,1.72637775485772,0.00982554204923163,-1.49601565234516,18494.0066268771,154778.022891567,293018.949602311,1.75678914164232,3.08630808819235,7.25149413583274,2.19176540024801,-0.00212210454009319,-1.49181274144196,21653.9581567712,155607.08135431,296331.581744548,1
KI17,N15_M07_F04_KI17_8.mat,1.76369958307548,3.11063621934062,6.00135528167845,1.70211046518491,0.012225075222011,-1.49364074995877,18755.4874604445,156728.004839572,298272.222864178,1.77412172045483,3.1475078789896,6.36158813056147,1.91039074362064,0.00437535577439324,-1.49617943254589,21411.631654551,157634.151221902,301899.250072169,1
KI17,N15_M07_F04_KI17_9.mat,1.75292591070525,3.07274924842185,6.04612609463714,1.74827235601525,-0.0116865298957292,-1.49632277145057,18607.2196147783,145761.133319053,294890.812982733,1.76171155237154,3.10362759375936,6.19696929522105,1.7746008687162,0.00917742329122041,-1.49205273397519,21432.0223491176,146446.295204054,297845.706916763,1
KI18,N15_M07_F04_KI18_1.mat,1.70803132334119,2.91737100151466,5.86842040627802,1.7345305270494,-0.0122062919453172,-1.49474861969763,18748.0203776247,154592.415878406,303675.153449609,1.71595817829767,2.94451246966667,5.54882567992673,1.62925535190762,0.0053388346447113,-1.49831103659781,20867.4727294345,155340.720204315,306574.870654446,1
KI18,N15_M07_F04_KI18_10.mat,1.70998820331713,2.92405965548373,5.79816466901976,1.71421427375133,-0.00441843042577509,-1.50339084954764,17353.4598350283,151992.654607536,280490.554620823,1.72647708224767,2.98072311552642,5.69553619008368,1.7006894885439,0.0138230760634346,-1.49214551569882,18862.7459302223,153490.098690525,286062.893729549,1
KI18,N15_M07_F04_KI18_11.mat,1.71931255624893,2.95603566607524,5.80367492292237,1.69646159245347,0.0054318312004496,-1.50371590361696,17288.2377147101,154978.914125919,283842.565703168,1.73455462302793,3.00867974026758,5.66591857535716,1.69203373993743,-0.00252306034061852,-1.49131729713821,18895.6304367313,156396.230622953,289093.064833302,1
KI18,N15_M07_F04_KI18_12.mat,1.70476386916148,2.90621984959842,5.80298614118454,1.70378189370497,0.00518347097106543,-1.50395205400271,17333.8715711863,153028.218311596,278804.004155584,1.72028378923352,2.95937631549965,5.65489806755194,1.69782456073526,-0.00227487404845977,-1.49188324197922,18882.4147815276,154412.390641088,283961.544801208,1
KI18,N15_M07_F04_KI18_13.mat,1.70547697533779,2.90865171340735,5.72446502307237,1.68134476888443,-0.00315823879043431,-1.5051564146498,17431.060051957,151068.813723779,279017.548650465,1.72202171988489,2.96535880375531,5.62390288934976,1.6823165552162,0.0117089905357685,-1.49278972415475,18732.264495372,152532.30588508,284406.428007739,1
KI18,N15_M07_F04_KI18_14.mat,1.71314733575638,2.93487379400918,5.8573998984728,1.71811798080284,0.0054378995362859,-1.5006327823147,17080.8675744663,154072.451607367,281791.226091231,1.72554334341758,2.97749983001272,5.61770385370933,1.66726359576069,-0.00863281455023039,-1.48727870636691,19272.6488965651,155226.151677092,286116.9951199,1
KI18,N15_M07_F04_KI18_15.mat,1.70810317892761,2.91761646986261,5.75752654648802,1.73095694762326,-0.00751189355840276,-1.49930780200922,17504.2100500776,152913.174734734,279884.470189858,1.72063898802446,2.96059852710985,5.73341918566411,1.72990204093807,-0.000821237362032463,-1.49575647053754,19001.6098388219,154086.058943198,284225.362400578,1
KI18,N15_M07_F04_KI18_16.mat,1.71166775096705,2.92980648970059,5.80574126813585,1.69752840010693,0.0131411266777093,-1.49405746225067,17483.8723917048,154057.266491603,281096.310744744,1.72147131810423,2.96346349905552,5.66316344840585,1.67657938182529,0.00785405945327921,-1.49890919020857,19314.114245964,154903.733007837,284265.650812379,1
KI18,N15_M07_F04_KI18_17.mat,1.70892871764934,2.92043736200663,5.71137817005367,1.69247662719101,0.0015101392430346,-1.5052182508674,17441.7547660002,152720.094425053,280468.129093787,1.72471309021208,2.9746352435489,5.68795959096759,1.71138694845678,-8.67194932004639e-06,-1.49280233602941,18772.4673078454,154138.457636584,285662.729638084,1
KI18,N15_M07_F04_KI18_18.mat,1.71766747088913,2.95038154055065,5.84224670024063,1.71817949673778,0.0111202229179066,-1.49667730039022,17296.3494972364,150952.111504418,283424.539555518,1.72811721438633,2.98638910665835,5.69209228139455,1.68893524069458,0.0017756942226268,-1.49440292753829,19307.7430148891,151703.148916877,286389.228270738,1
KI18,N15_M07_F04_KI18_19.mat,1.7257536323534,2.97822559958096,5.95451812350627,1.73505257790738,0.00623721283785634,-1.49925214459312,17498.3912219564,136152.979839763,292333.500049262,1.73627734171515,3.01465900735343,5.71551086048063,1.68586383420454,-0.00471488497942812,-1.48859182945431,19837.8735223513,136921.245700182,295896.271890791,1
KI18,N15_M07_F04_KI18_2.mat,1.71089550484424,2.92716342849622,5.86291015237541,1.73004957731158,-0.0124290581482156,-1.49474886842844,17352.5224030831,147832.263335836,281241.351703767,1.72050262331241,2.9601292768249,5.59910674678803,1.63636840966874,0.00279687275225852,-1.49877728835893,19171.5198954723,148623.390460942,284285.108064378,1
KI18,N15_M07_F04_KI18_20.mat,1.72374907910679,2.97131088772152,5.83811400981367,1.71538112911865,-0.0120563148726706,-1.49510084409458,17397.8931449355,152511.792715757,285491.964069291,1.73393734060965,3.00653870116046,5.62665801630107,1.64294108161267,0.0013435835728893,-1.49816343429917,19225.5217612813,153363.616096647,288706.980883034,1
KI18,N15_M07_F04_KI18_3.mat,1.72063734585978,2.9605928759674,5.80918517682498,1.68865507794216,0.0124855191891898,-1.49571737683283,17465.9137854545,154297.14438299,284265.27738924,1.73062805675792,2.99507347083768,5.70380157093759,1.69146652482823,0.00889801033599039,-1.49754587347214,19193.0560340689,155178.784765077,287572.864905671,1
KI18,N15_M07_F04_KI18_4.mat,1.70668294671486,2.91276668060731,5.8890838584128,1.73225145886305,-0.00780787285769466,-1.49916512830556,17073.6443203817,150749.865645785,279597.365178762,1.71741232946626,2.94950510940273,5.6170150719715,1.66341254621309,0.0160613879942114,-1.48998696122999,19241.0854734293,151644.455884359,283080.415995154,1
KI18,N15_M07_F04_KI18_5.mat,1.70795184087345,2.917099490743,5.81676177594106,1.70554864490643,0.0110331402751496,-1.49651310072533,17487.6482931916,153010.937912458,280295.518952587,1.71928482319208,2.95594030325861,5.64318877800889,1.67776767122863,0.00950540294260567,-1.49678338217612,19081.4720149776,153988.290084215,283876.367093847,1
KI18,N15_M07_F04_KI18_6.mat,1.72001925556041,2.95846623949858,5.84569060892976,1.7021074880121,0.00480354960123872,-1.50102069919328,17121.8087609626,152946.7615359,284259.185514019,1.73342606867126,3.00476593554909,5.66316344840585,1.68427222465051,-0.00595523392249324,-1.48851054142045,19156.4238661244,154164.300824185,288881.367077003,1
KI18,N15_M07_F04_KI18_7.mat,1.70981997939291,2.92348436193116,5.8071188316115,1.71619881972479,-0.0118212391659042,-1.49639602379317,17406.7749854447,153654.587517953,280232.215262681,1.72021038450536,2.95912376696009,5.60530578242846,1.65483339054217,0.000897548711581127,-1.49744909659521,19123.0572123989,154598.572522691,283778.24652016,1
KI18,N15_M07_F04_KI18_8.mat,1.71072807921727,2.92659056102241,5.87255309670497,1.72106853466202,-0.0102640038318853,-1.49775159601539,17218.6638713723,153455.33175696,281256.949220528,1.72004449929774,2.9585530795644,5.66936248404629,1.67210943553917,0.00951515571074652,-1.4938374311155,19250.5582886696,154195.270677414,283976.936500655,1
KI18,N15_M07_F04_KI18_9.mat,1.71980119937451,2.95771616537001,5.81882812115454,1.69322947338495,-8.83362963536131e-05,-1.50189686874191,17477.5073596656,152442.051778631,283789.892789921,1.73485240351786,3.00971286199171,5.69071471791889,1.68383547568274,0.0118112915395799,-1.49401209850209,18892.8615341452,153822.34041732,288915.819781845,1
KI21,N15_M07_F04_KI21_1.mat,1.83072423512531,3.35155122507515,6.14944335531105,1.69367359692025,-0.0108075268284498,-1.49952871015409,17574.8260201847,160917.810530071,321908.08128121,1.84089992825181,3.38891254583753,5.93523223484714,1.61371436896821,0.0117346273730896,-1.49064678638791,19391.3287451195,161745.333723389,325380.230342515,1
KI21,N15_M07_F04_KI21_10.mat,1.82159606939576,3.3182122400381,6.10949401451714,1.69087316552341,0.00278961857410824,-1.50166170773345,17595.2394445487,162049.61698338,318440.445096864,1.83470522318383,3.36614325597803,5.94969665134149,1.66432021085446,-0.0115991376653127,-1.48855471112178,19377.5262478752,163250.185345527,323219.420381224,1
KI21,N15_M07_F04_KI21_11.mat,1.81253173180088,3.28527127878511,6.01513091643497,1.66762627828028,-0.00391130354819099,-1.50579208232794,18084.8620092275,161365.394509002,315017.155082805,1.82813004403685,3.34205945791017,5.97931426606801,1.68521661621523,0.00793204053404264,-1.49321426951487,18924.646056219,162808.736178385,320687.355336789,1
KI21,N15_M07_F04_KI21_12.mat,1.81033882921862,3.27732667657665,6.0213299520754,1.70928431825477,-0.0158975132925444,-1.49486666476042,17876.1087952542,162516.22520155,314577.768666141,1.819018077869,3.30882676761424,5.86291015237541,1.62139274018015,0.00184365148629686,-1.49866230443209,19424.4942745776,163276.821339165,317484.003884963,1
KI21,N15_M07_F04_KI21_13.mat,1.80431986590003,3.25557017848149,6.08263152674192,1.69652826554373,0.00490934613317291,-1.49934596378602,17601.3427395276,161667.415006667,312476.342852864,1.81393294591088,3.29035273226092,5.93454345310932,1.67530551039436,-0.00842427564800571,-1.48970982045892,19446.2460018581,162493.547543993,315729.931365338,1
KI21,N15_M07_F04_KI21_14.mat,1.81714965372163,3.30203286402064,6.08538665369322,1.69978417849988,-0.0117762894530973,-1.49920181804669,17538.3192105165,157004.612349955,317589.342311967,1.82766506878515,3.34035960365743,5.95933959567106,1.6375073917919,0.0133333797507807,-1.48958615468298,19365.7866519357,157874.419866109,321254.172402139,1
KI21,N15_M07_F04_KI21_15.mat,1.8237554169063,3.32608382069507,6.16184142659192,1.71379969841872,-0.00498019532279031,-1.50297180708952,17911.9412876011,150838.25293434,317597.58419096,1.83760506583697,3.37679237798969,5.96140594088453,1.67807643132558,-0.0039042735302411,-1.49462153146137,19043.0056212652,152183.454409717,323128.482029337,1
KI21,N15_M07_F04_KI21_16.mat,1.80198064467464,3.24713424378203,5.93041076268236,1.65431846224516,-0.00532679953099649,-1.50490791170232,18154.6183797259,148595.343285555,314035.368933809,1.8180760519751,3.30540053076537,5.92214538182845,1.66764853537716,0.00851050311231082,-1.49412602662012,18965.1601980379,149941.424814044,319547.169265397,1
KI21,N15_M07_F04_KI21_17.mat,1.8102183900071,3.27689061951989,6.01719726164844,1.66572974387983,0.010002894731432,-1.49439706955255,18005.7829779077,162886.585732591,314407.681125237,1.81960002215531,3.31094424062761,5.94556396091453,1.66670428947838,0.00595708602206562,-1.49888787649923,19301.8284461064,163777.66088805,317906.931716619,1
KI21,N15_M07_F04_KI21_18.mat,1.80029598436954,3.2410656313371,5.89941558448019,1.67206826922561,-0.00593212565791407,-1.50330993598718,18001.4925564628,162133.367406182,310853.108147845,1.81508896202579,3.29454794006787,5.9393649252741,1.68952054912322,-0.00391748190935315,-1.49466385367007,18867.3965845161,163494.931666857,316072.532695189,1
KI21,N15_M07_F04_KI21_19.mat,1.81307428655035,3.28723836855006,6.15150970052453,1.71390196480611,-0.0114518302449965,-1.49883965532616,17512.3659146352,162750.814587877,315579.836944936,1.8214779723955,3.31778200392203,5.9049258383828,1.62459817115047,0.0114378082784224,-1.49073100415201,19405.2717538383,163516.674746016,318591.698509964,1
KI21,N15_M07_F04_KI21_2.mat,1.83177941588031,3.35541582844279,6.06747832850975,1.67574341018652,-0.00836407002050396,-1.50456745296719,17805.395706922,164138.738302137,322315.133831978,1.84820143513329,3.41584854482874,6.00342162689192,1.6555735829915,0.00934825746898317,-1.49284962326245,18976.5602245806,165632.674880778,328199.423845209,1
KI21,N15_M07_F04_KI21_20.mat,1.81541249988219,3.29572254472851,6.03372802335627,1.66838923143129,0.00113462723424715,-1.50213239321559,18112.8417009815,159497.446839075,317441.749352086,1.82945868979955,3.3469190976831,5.9738040121654,1.66873185673055,0.0072847505692696,-1.49478325064953,19009.6954476422,160685.343407295,321977.175770867,1
KI21,N15_M07_F04_KI21_3.mat,1.82651482890178,3.33615642019811,6.11431548668192,1.69538574598209,-0.00884166829914537,-1.50243106915318,17667.7998455017,163605.97845628,320365.82402528,1.84061014623634,3.38784571042818,5.98344695649497,1.64739585072383,0.0116459092792382,-1.48985054422363,19259.8623523841,164924.962438217,325618.936920193,1
KI21,N15_M07_F04_KI21_4.mat,1.82576369776465,3.33341308007525,6.11362670494409,1.68299360637029,0.00244349746203608,-1.50021360161844,17548.9925723258,164133.013943402,319901.721430156,1.83835550602246,3.37955096652308,5.94969665134149,1.64947085006292,-0.0128752402836521,-1.487768118171,19449.2759527228,165204.407682727,324107.312132527,1
KI21,N15_M07_F04_KI21_5.mat,1.81733127191705,3.30269295188763,6.03648315030757,1.69363504527057,-0.0131684441297229,-1.49655243830855,17924.6444891918,162013.867801374,317136.96870267,1.82902964498741,3.34534944224276,5.94074248874975,1.65081401099322,-0.00401844612227138,-1.49811652007593,19116.2031453258,163020.650167181,321078.835220639,1
KI21,N15_M07_F04_KI21_6.mat,1.82834257443009,3.34283656947365,6.17010680744583,1.70910455434984,-0.0107339824885111,-1.50030676061842,17605.5863238143,162432.384791773,322382.820458363,1.83767868076824,3.3770629337501,5.96691619478714,1.62730481401563,0.0139105411023418,-1.48822709105102,19559.9500911385,163250.284588533,325622.697034966,1
KI21,N15_M07_F04_KI21_7.mat,1.81476183478131,3.29336051697883,5.93798736179845,1.64323119427807,-0.00608287550873592,-1.50581054048796,18009.4348986817,163223.755543942,316020.522949754,1.83141577850256,3.35408375374816,5.96347228609801,1.67267425474434,0.00700047581771599,-1.4937294471081,18862.5406732644,164739.542694777,321926.016814092,1
KI21,N15_M07_F04_KI21_8.mat,1.81224316560135,3.28422529126879,6.07092223719888,1.68473807447983,0.00356173414972094,-1.50145516572782,17667.2749938175,162271.194069053,315175.42841942,1.82585019902703,3.33372894928706,5.92558929051758,1.65976071893975,-0.0106335656356946,-1.48918885226764,19299.7510803851,163482.773788645,319845.769472928,1
KI21,N15_M07_F04_KI21_9.mat,1.81905513715323,3.30896159200355,6.02546264250236,1.6686487864253,-0.00190974448042677,-1.50376661417125,17901.167363658,163672.79293938,317608.524715129,1.83411329775002,3.36397158898345,5.93729858006062,1.66139610938275,-0.00545788506265277,-1.4930930703324,18986.5868203382,165081.328608745,323077.085047098,1
